id,title,type,description,release_year,age_certification,runtime,genres,contains_US,production_countries,seasons,imdb_id,imdb_score,imdb_votes,tmdb_popularity,tmdb_score
ts300399,Five Came Back: The Reference Films,SHOW,"This collection includes 12 World War II-era propaganda films — many of which are graphic and offensive — discussed in the docuseries ""Five Came Back.""",1945,TV-MA,48,['documentation'],US,['US'],1,,,,0.6,
tm84618,Taxi Driver,MOVIE,"A mentally unstable Vietnam War veteran works as a night-time taxi driver in New York City where the perceived decadence and sleaze feed his urge for violent action, attempting to save a preadolescent prostitute in the process.",1976,R,113,"['crime', 'drama']",US,['US'],,tt0075314,8.3,795222,27.612,8.2
tm190788,The Exorcist,MOVIE,"12-year-old Regan MacNeil begins to adapt an explicit new personality as strange events befall the local area of Georgetown. Her mother becomes torn between science and superstition in a desperate bid to save her daughter, and ultimately turns to her last hope: Father Damien Karras, a troubled priest who is struggling with his own faith.",1973,R,133,['horror'],US,['US'],,tt0070047,8.1,391942,95.337,7.7
tm14873,Dirty Harry,MOVIE,"When a madman dubbed 'Scorpio' terrorizes San Francisco, hard-nosed cop, Harry Callahan – famous for his take-no-prisoners approach to law enforcement – is tasked with hunting down the psychopath. Harry eventually collars Scorpio in the process of rescuing a kidnap victim, only to see him walk on technicalities. Now, the maverick detective is determined to nail the maniac himself.",1971,R,102,"['thriller', 'crime', 'action']",US,['US'],,tt0066999,7.7,153463,14.745,7.5
tm185072,My Fair Lady,MOVIE,A snobbish phonetics professor agrees to a wager that he can take a flower girl and make her presentable in high society.,1964,G,170,"['drama', 'music', 'romance', 'family']",US,['US'],,tt0058385,7.8,94121,15.949,7.6
tm98978,The Blue Lagoon,MOVIE,"Two small children and a ship's cook survive a shipwreck and find safety on an idyllic tropical island. Soon, however, the cook dies and the young boy and girl are left on their own. Days become years and Emmeline and Richard make a home for themselves surrounded by exotic creatures and nature's beauty. But will they ever see civilization again?",1980,R,104,"['romance', 'drama']",US,['US'],,tt0080453,5.8,69053,44.038,6.2
tm119281,Bonnie and Clyde,MOVIE,"In the 1930s, bored waitress Bonnie Parker falls in love with an ex-con named Clyde Barrow and together they start a violent crime spree through the country, stealing cars and robbing banks.",1967,R,110,"['drama', 'crime', 'action']",US,['US'],,tt0061418,7.7,111189,15.309,7.5
tm67378,The Professionals,MOVIE,An arrogant Texas millionaire hires four adventurers to rescue his kidnapped wife from a notorious Mexican bandit.,1966,PG-13,117,"['western', 'action', 'european']",US,['US'],,tt0060862,7.3,16168,12.155,7.1
tm44204,The Guns of Navarone,MOVIE,"A team of allied saboteurs are assigned an impossible mission: infiltrate an impregnable Nazi-held island and destroy the two enormous long-range field guns that prevent the rescue of 2,000 trapped British soldiers.",1961,,158,"['war', 'action', 'drama']",US,"['US', 'GB']",,tt0054953,7.5,50150,15.405,7.4
tm69997,Richard Pryor: Live in Concert,MOVIE,"Richard Pryor delivers monologues on race, sex, family and his favorite target—himself, live at the Terrace Theatre in Long Beach, California.",1979,R,78,"['comedy', 'documentation']",US,['US'],,tt0079807,8.1,5141,4.681,7.5
tm96649,The Long Riders,MOVIE,"The origins, exploits and the ultimate fate of the James gang is told in a sympathetic portrayal of the bank robbers made up of brothers who begin their legendary bank raids because of revenge.",1980,R,99,"['western', 'crime']",US,['US'],,tt0081071,6.9,11329,8.808,6.6
tm16479,White Christmas,MOVIE,Two talented song-and-dance men team up after the war to become one of the hottest acts in show business. In time they befriend and become romantically involved with the beautiful Haynes sisters who comprise a sister act.,1954,,115,"['romance', 'comedy', 'music']",US,['US'],,tt0047673,7.5,42373,9.71,7.2
tm14491,The Queen,MOVIE,"In 1967, New York City is host to the Miss All-American Camp Beauty Pageant. This documentary takes a look behind the scenes, transporting the viewer into rehearsals and dressing rooms as the drag queen subculture prepares for this big national beauty contest. Jack/Sabrina is the mistress of ceremonies, and their protégé, Miss Harlow, is in the competition. But, as the pageant approaches, the glamorous contestants veer from camaraderie to tension.",1968,,68,['documentation'],US,['US'],,tt0183686,7.2,1117,2.419,6.5
tm156453,FTA,MOVIE,"A documentary about a political troupe headed by actors Jane Fonda and Donald Sutherland which traveled to towns near military bases in the US in the early 1970s. The group put on shows called ""F.T.A."", which stood for ""F**k the Army"", and was aimed at convincing soldiers to voice their opposition to the Vietnam War, which was raging at the time. Various singers, actors and other entertainers performed antiwar songs and skits during the show.",1972,R,97,"['comedy', 'documentation', 'music']",US,['US'],,tt0068562,6.2,411,2.466,6.1
tm119776,Top Gun,MOVIE,"A heart-pounding combination of action, music and incredible aerial photography helped make Top Gun the blockbuster hit. of 1986. Top Gun takes a look at the danger and excitement that awaits every pilot at the Navy's prestigious fighter weapons school. Tom Cruise is superb as Lt. Pete ""Maverick"" Mitchell, a daring young flyer who's out to become the best. And Kelly McGillis sizzles as the civilian instructor who teaches Maverick a few things you can't learn in a classroom.",1986,PG,110,"['drama', 'action']",US,['US'],,tt0092099,6.9,329656,112.137,7
ts20681,Seinfeld,SHOW,A stand-up comedian and his three offbeat friends weather the pitfalls and payoffs of life in New York City in the '90s. It's a show about nothing.,1989,TV-PG,24,['comedy'],US,['US'],9,tt0098904,8.9,302700,128.743,8.3
tm111075,Stand by Me,MOVIE,"Gordie, Chris, Teddy and Vern are four friends who decide to hike to find the corpse of Ray Brower, a local teenager, who was hit by a train while plucking blueberries in the wild.",1986,R,89,['drama'],US,['US'],,tt0092005,8.1,392790,16.096,7.9
tm180542,Once Upon a Time in America,MOVIE,"A former Prohibition-era Jewish gangster returns to the Lower East Side of Manhattan over thirty years later, where he once again must confront the ghosts and regrets of his old life.",1984,R,229,"['drama', 'crime', 'european']",US,"['US', 'IT']",,tt0087843,8.3,342335,21.322,8.4
tm138875,When Harry Met Sally...,MOVIE,"During their travel from Chicago to New York, Harry and Sally debate whether or not sex ruins a friendship between a man and a woman. Eleven years later, and they're still no closer to finding the answer.",1989,R,96,"['romance', 'comedy', 'drama']",US,['US'],,tt0098635,7.7,212913,16.005,7.4
tm155792,Teenage Mutant Ninja Turtles,MOVIE,"A quartet of humanoid turtles, trained by their mentor in ninjitsu, must learn to work together to face the menace of Shredder and the Foot Clan.",1990,PG,93,"['scifi', 'action', 'comedy', 'family']",US,"['HK', 'US']",,tt0100758,6.7,92647,22.75,6.6
tm22327,Full Metal Jacket,MOVIE,A pragmatic U.S. Marine observes the dehumanizing effects the U.S.-Vietnam War has on his fellow recruits from their brutal boot camp training to the bloody street fighting in Hue.,1987,R,116,"['drama', 'war']",US,"['GB', 'US']",,tt0093058,8.3,723306,36.502,8.1
tm54450,Christine,MOVIE,"Geeky student Arnie Cunningham falls for Christine, a rusty 1958 Plymouth Fury, and becomes obsessed with restoring the classic automobile to her former glory. As the car changes, so does Arnie, whose newfound confidence turns to arrogance behind the wheel of his exotic beauty. Arnie's girlfriend Leigh and best friend Dennis reach out to him, only to be met by a Fury like no other.",1983,R,90,"['horror', 'thriller', 'european']",US,['US'],,tt0085333,6.7,80945,19.311,6.8
tm2386,A Nightmare on Elm Street,MOVIE,"Teenagers in a small town are dropping like flies, apparently in the grip of mass hysteria causing their suicides. A cop's daughter, Nancy Thompson, traces the cause to child molester Fred Krueger, who was burned alive by angry parents many years before. Krueger has now come back in the dreams of his killers' children, claiming their lives as his revenge. Nancy and her boyfriend, Glen, must devise a plan to lure the monster out of the realm of nightmares and into the real world...",1984,R,91,['horror'],US,['US'],,tt0087800,7.4,230543,53.853,7.3
ts22082,Knight Rider,SHOW,"Michael Long, an undercover police officer, is shot while investigating a case and left for dead by his assailants. He is rescued by Wilton Knight, a wealthy, dying millionaire and inventor who arranges life-saving surgery, including a new face and a new identity--that of Michael Knight. Michael is then given a special computerized and indestructible car called the Knight Industries Two Thousand (nicknamed KITT), and a mission: apprehend criminals who are beyond the reach of the law. The series depicts Michael's exploits as he and KITT battle the forces of evil on behalf of the Foundation for Law and Government.",1982,TV-PG,51,"['action', 'scifi', 'crime', 'drama']",US,['US'],4,tt0083437,6.9,33760,44.378,7.5
tm145608,Awakenings,MOVIE,"Dr. Malcolm Sayer, a shy research physician, uses an experimental drug to ""awaken"" the catatonic victims of a rare disease. Leonard is the first patient to receive the controversial treatment. His awakening, filled with awe and enthusiasm, proves a rebirth for Sayer too, as the exuberant patient reveals life's simple but unutterably sweet pleasures to the introverted doctor.",1990,PG-13,120,"['drama', 'european']",US,['US'],,tt0099077,7.8,137549,13.761,7.8
tm41289,Annie,MOVIE,"An orphan in a facility run by the mean Miss Hannigan, Annie believes that her parents left her there by mistake. When a rich man named Oliver ""Daddy"" Warbucks decides to let an orphan live at his home to promote his image, Annie is selected. While Annie gets accustomed to living in Warbucks' mansion, she still longs to meet her parents. So Warbucks announces a search for them and a reward, which brings out many frauds.",1982,PG,127,"['drama', 'family', 'comedy']",US,['US'],,tt0083564,6.6,44866,15.857,6.5
tm132694,Pet Sematary,MOVIE,"Dr. Louis Creed's family moves into the country house of their dreams and discover a pet cemetery at the back of their property. The cursed burial ground deep in the woods brings the dead back to life -- with ""minor"" problems. At first, only the family's cat makes the return trip, but an accident forces a heartbroken father to contemplate the unthinkable.",1989,R,103,"['horror', 'fantasy', 'thriller']",US,['US'],,tt0098084,6.5,102212,32.854,6.6
ts20678,Saved by the Bell,SHOW,"Lovable schemer Zack Morris leads his pals on adventures at California's Bayside High School. The friends navigate relationships, final exams, school dances, breakups and more while frequently frustrating their principal, Mr. Richard Belding, who does his best to keep them in check.",1989,TV-G,23,"['comedy', 'romance', 'family']",US,['US'],5,tt0096694,7.1,34854,16.945,8
tm117580,She's Gotta Have It,MOVIE,"The story of Nola Darling's simultaneous sexual relationships with three different men is told by her and by her partners and other friends. All three men wanted her to commit solely to them; Nola resists being ""owned"" by a single partner.",1986,R,84,"['comedy', 'romance']",US,['US'],,tt0091939,6.7,14277,6.212,6.7
tm20712,Eddie Murphy Raw,MOVIE,"Eddie Murphy delights, shocks and entertains with dead-on celebrity impersonations, observations on '80s love, sex and marriage, a remembrance of Mom's hamburgers and much more.",1987,R,93,"['comedy', 'documentation']",US,['US'],,tt0092948,7.6,19646,9.727,7.3
tm130586,Endless Love,MOVIE,"Two young kids fall in love with each other. But the passion is too consuming for the parents of Jade. The parents try to stop them from seeing each other. But when this doesn't work, David burns down the house and is sent away. This doesn't stop him from seeing her. When he gets out he goes to look for her. But the passion for his first love is too strong and she has to leave.",1981,R,116,"['drama', 'romance']",US,['US'],,tt0082329,4.9,8374,19.518,5.6
ts25028,Wheel of Fortune,SHOW,"This game show sees contestants solve word puzzles, similar to those used in Hangman, to win cash and prizes determined by spinning a giant carnival wheel.",1983,TV-G,26,['family'],US,['US'],39,tt0072584,6.7,3126,1440.855,6.7
ts23753,Major Dad,SHOW,"Major Dad is an American sitcom created by Richard C. Okie and John G. Stephens, developed by Earl Pomerantz, that originally ran from 1989 to 1993 on CBS, starring Gerald McRaney as Major John D. MacGillis and Shanna Reed as his wife Polly. The cast also includes Beverly Archer, Matt Mulhern, Jon Cypher, Marisa Ryan, Nicole Dubuc and Chelsea Hertford.",1989,TV-PG,24,"['comedy', 'family']",US,['US'],4,tt0096643,6.4,2866,7.506,6.3
tm21953,Sam Kinison: Breaking the Rules,MOVIE,"This is a great performance. Through yelling and energetic story-telling, he talks about marriage, drugs, being arrested (thanks to his ex-wife), pleasing women, religion, and much, much more.",1987,R,50,"['comedy', 'documentation']",US,['US'],,tt0307403,7.2,651,1.791,7.2
tm152839,Tim Allen: Men Are Pigs,MOVIE,"Comedian Tim Allen shares his enthusiasm for power tools, automobiles, grunting, and the myriad obsessions of the American male in this special for the Showtime premium cable network, which was aired a few years before he rose to stardom with the television sitcom Home Improvement.",1990,,30,"['comedy', 'documentation']",US,['US'],,tt0259057,6,353,1.46,6.3
tm114356,The George McKenna Story,MOVIE,"Washington plays a school principal in a tough inner city Los Angeles high school out to rid it of drugs, gangs, low moral of teachers, and restore educational values.",1988,,100,['drama'],US,['US'],,tt0091106,6,901,1.631,6.1
tm147829,Unspeakable Acts,MOVIE,Two psychologist try to demonstrate that a man is a pedophile and has abused many children.,1990,,100,['drama'],US,['US'],,tt0100848,6,448,2.596,5.3
tm38736,Too Young The Hero,MOVIE,"TV movie based upon the true story of Calvin Graham, who, as a 12 year old boy, enlisted in the US Navy during WWII.",1988,,100,"['drama', 'war']",US,['US'],,tt0096286,6.7,494,1.291,6.9
tm258072,Adam: His Song Continues,MOVIE,"Follows the true story of John and Reve Walsh who, after their child was murdered, fought to raise national awareness of the problem of missing children.",1986,,100,"['crime', 'drama']",US,['US'],,tt0090589,7,209,2.203,7
tm137013,The Ryan White Story,MOVIE,"The story of Ryan White, a 13-year-old haemophiliac who contracted AIDS from factor VIII, which was used to control this disorder.",1989,,102,['drama'],US,['US'],,tt0098237,7.2,857,1.714,6.4
tm157853,In Defense of a Married Man,MOVIE,"When a defense lawyer's adulterous husband becomes the prime suspect in the murder of the woman he was cheating with, his wife chooses to defend him. Can she overcome his betrayal while searching for the truth?",1990,,94,"['drama', 'crime']",US,['US'],,tt0099833,5.6,200,2.768,4.9
tm55091,Quiet Victory: The Charlie Wedemeyer Story,MOVIE,"Film that tells the story of Los Gatos (California) high school football coach Charlie Wedemeyer. At 31, onetime football pro Wedemeyer is living the American dream; a winning team, a happy marriage and public adulation.",1988,,100,['drama'],US,['US'],,tt0095945,7.1,144,2.673,8
tm24110,Strange Voices,MOVIE,A family begins to fall apart when their eldest daughter is diagnosed with schizophrenia.,1987,,100,['drama'],US,['US'],,tt0094052,6.3,357,2.564,6.8
tm51083,A Stoning in Fulham County,MOVIE,Religious beliefs clash with the law when an Amish infant is killed in a rural community.,1988,,120,"['crime', 'drama', 'thriller']",US,['US'],,tt0096179,5.8,380,1.509,5.8
tm132164,Bill Hicks: Sane Man,MOVIE,"Sane Man was filmed before Bill recorded ‘Dangerous’, his first comedy album, and is a turning point in Hicks’ career. It was the first complete Hicks show ever filmed and Bill pulled out all the stops for the cameras. Completely focused, a newly-sober Hicks paces the stage like a wild animal riffing effortless.",1989,R,81,['comedy'],US,['US'],,,,,3.245,7.5
ts63001,High Risk,SHOW,"High Risk is a program aired by the CBS television network as part of its 1988 fall lineup.

The genesis of High Risk was a 1988 strike by members of both the Writers Guild of America, East and Writers Guild of America, west against the Alliance of Motion Picture and Television Producers. Unable to produce regular, scripted series, programs such as High Risk were put together to serve as replacements under fear of a two-year lockout.

The CBS 100% in-house production featured ""high-risk"" stunts and jobs such as Border Patrol agent, automobile repo men, cave explorers, and thrilling roller-coaster testers.

Intended as a two-year commitment, strike or no strike, High Risk received unanimous condemnations and was cancelled after being presented for one night. The show was hosted by Wayne Rogers.",1988,TV-PG,50,['comedy'],US,['US'],1,tt0094478,3.8,6,0.6,
tm11556,The Quick and the Dead,MOVIE,"A mysterious woman comes to compete in a quick-draw elimination tournament, in a town taken over by a notorious gunman.",1995,R,107,"['western', 'thriller', 'action', 'romance']",US,"['US', 'JP']",,tt0114214,6.5,92224,17.543,6.5
ts20981,Survivor,SHOW,"A reality show contest where sixteen or more castaways split between two or more “Tribes” are taken to a remote isolated location and are forced to live off the land with meager supplies for roughly 39 days. Frequent physical challenges are used to pit the tribes against each other for rewards, such as food or luxuries, or for “Immunity”, forcing the other tribe to attend “Tribal Council”, where they must vote off one of their players.",2000,TV-PG,48,['reality'],US,['US'],42,tt0239195,7.4,24368,73.107,7.3
ts22176,Stargate SG-1,SHOW,"The story of Stargate SG-1 begins about a year after the events of the feature film, when the United States government learns that an ancient alien device called the Stargate can access a network of such devices on a multitude of planets. SG-1 is an elite Air Force special operations team, one of more than two dozen teams from Earth who explore the galaxy and defend against alien threats such as the Goa'uld, Replicators, and the Ori.",1997,TV-PG,44,"['scifi', 'drama', 'action']",US,"['US', 'CA']",10,tt0118480,8.4,90196,167.57,8.2
tm122434,Forrest Gump,MOVIE,"A man with a low IQ has accomplished great things in his life and been present during significant historic events—in each case, far exceeding what anyone imagined he could do. But despite all he has achieved, his one true love eludes him.",1994,PG-13,142,"['drama', 'romance', 'comedy']",US,['US'],,tt0109830,8.8,1994599,57.114,8.5
tm106462,Happy Gilmore,MOVIE,"Failed hockey player-turned-golf whiz Happy Gilmore -- whose unconventional approach and antics on the grass courts the ire of rival Shooter McGavin -- is determined to win a PGA tournament so he can save his granny's house with the prize money. Meanwhile, an attractive tour publicist tries to soften Happy's image.",1996,PG-13,92,"['comedy', 'sport']",US,['US'],,tt0116483,7,217534,16.583,6.6
tm57554,Saving Private Ryan,MOVIE,"As U.S. troops storm the beaches of Normandy, three brothers lie dead on the battlefield, with a fourth trapped behind enemy lines. Ranger captain John Miller and seven men are tasked with penetrating German-held territory and bringing the boy home.",1998,R,169,"['drama', 'war']",US,['US'],,tt0120815,8.6,1346020,54.874,8.2
ts20927,Star Trek: Deep Space Nine,SHOW,"At Deep Space Nine, a space station located next to a wormhole in the vicinity of the liberated planet of Bajor, Commander Sisko and crew welcome alien visitors, root out evildoers and solve all types of unexpected problems that come their way.",1993,TV-PG,47,"['scifi', 'action', 'drama']",US,['US'],7,tt0106145,8.1,61145,61.159,7.9
ts5145,The Challenge,SHOW,"Each Challenge pits numerous cast members from past seasons of reality shows against each other, dividing them into two separate teams according to different criteria, such as gender, which show they first appeared on, whether or not they're veterans or rookies on the show, etc. The two teams compete in numerous missions in order to win prizes and advance in the overall game.",1998,TV-14,40,"['reality', 'comedy', 'drama', 'scifi']",US,['US'],37,tt0176095,7.8,3274,15.699,7.6
tm192405,Gattaca,MOVIE,"In a future society in the era of indefinite eugenics, humans are set on a life course depending on their DNA. Young Vincent Freeman is born with a condition that would prevent him from space travel, yet is determined to infiltrate the GATTACA space program.",1997,PG-13,106,"['thriller', 'drama', 'scifi']",US,['US'],,tt0119177,7.8,298168,18.355,7.6
ts21567,Gilmore Girls,SHOW,"Set in the charming town of Stars Hollow, Connecticut, the series follows the captivating lives of Lorelai and Rory Gilmore, a mother/daughter pair who have a relationship most people only dream of.",2000,TV-14,46,"['comedy', 'drama']",US,['US'],8,tt0238784,8.2,119054,51.125,7.8
tm55553,Blade,MOVIE,"The Daywalker known as ""Blade"" - a half-vampire, half-mortal man - becomes the protector of humanity against an underground army of vampires.",1998,R,120,"['action', 'scifi', 'horror']",US,['US'],,tt0120611,7.1,267181,47.411,6.7
tm56574,You've Got Mail,MOVIE,"Book superstore magnate, Joe Fox and independent book shop owner, Kathleen Kelly fall in love in the anonymity of the Internet—both blissfully unaware that he's trying to put her out of business.",1998,PG,119,"['romance', 'drama', 'comedy']",US,['US'],,tt0128853,6.7,209258,15.015,6.6
tm192037,Starship Troopers,MOVIE,"Set in the future, the story follows a young soldier named Johnny Rico and his exploits in the Mobile Infantry. Rico's military career progresses from recruit to non-commissioned officer and finally to officer against the backdrop of an interstellar war between mankind and an arachnoid species known as ""the Bugs"".",1997,R,129,"['scifi', 'thriller', 'action']",US,['US'],,tt0120201,7.3,288960,22.126,7
ts22193,The Magic School Bus,SHOW,An eccentric schoolteacher takes her class on wondrous educational field trips with the help of a magical school bus.,1994,TV-Y,26,"['scifi', 'comedy', 'family', 'fantasy', 'animation']",US,"['US', 'CA']",4,tt0108847,7.8,9708,30.176,7.9
tm191989,Donnie Brasco,MOVIE,An FBI undercover agent infilitrates the mob and finds himself identifying more with the mafia life at the expense of his regular one.,1997,R,127,"['thriller', 'drama', 'crime']",US,['US'],,tt0119008,7.7,300073,14.769,7.5
ts20960,Power Rangers,SHOW,"A team of teenagers with attitude are recruited to save Angel Grove from the evil witch, Rita Repulsa, and later, Lord Zedd, Emperor of all he sees, and their horde of monsters.",1993,TV-Y7,22,"['scifi', 'action', 'fantasy', 'family']",US,['US'],29,tt0106064,6.5,21949,21.083,6.7
tm65686,U.S. Marshals,MOVIE,"U.S. Marshal Sam Gerard is accompanying a plane load of convicts from Chicago to New York. The plane crashes spectacularly, and Mark Sheridan escapes. But when Diplomatic Security Agent John Royce is assigned to help Gerard recapture Sheridan, it becomes clear that Sheridan is more than just another murderer.",1998,PG-13,126,"['thriller', 'crime', 'action']",US,['US'],,tt0120873,6.5,103263,28.657,6.5
ts11397,Adventures of Sonic the Hedgehog,SHOW,"Follow the adventures of Sonic the Hedgehog, and his sidekick Tails, as they attempt to stop Dr. Robotnik and his array of robots from taking over the planet Mobius.",1993,TV-Y7,22,"['action', 'animation', 'scifi', 'western', 'fantasy', 'comedy', 'family']",US,['US'],4,tt0222518,6.2,3808,23.374,6.2
tm54903,Wild Things,MOVIE,"When teen-socialite Kelly Van Ryan and troubled bad girl Suzie Toller accuse guidance counselor Sam Lombardo of rape, he's suspended by the school, rejected by the town, and fighting to get his life back. One cop suspects conspiracy, but nothing is what it seems...",1998,R,108,"['drama', 'thriller', 'crime', 'european']",US,['US'],,tt0194542,6.6,118811,22.205,6.3
tm187187,Last Action Hero,MOVIE,"Danny is obsessed with a fictional movie character action hero Jack Slater. When a magical ticket transports him into Jack's latest adventure, Danny finds himself in a world where movie magic and reality collide. Now it's up to Danny to save the life of his hero and new friend.",1993,PG-13,130,"['comedy', 'action', 'fantasy']",US,['US'],,tt0107362,6.4,149290,18.865,6.4
tm191772,Seven Years in Tibet,MOVIE,"Austrian mountaineer, Heinrich Harrer journeys to the Himalayas without his family to head an expedition in 1939. But when World War II breaks out, the arrogant Harrer falls into Allied forces' hands as a prisoner of war. He escapes with a fellow detainee and makes his way to Llaso, Tibet, where he meets the 14-year-old Dalai Lama, whose friendship ultimately transforms his outlook on life.",1997,PG-13,136,"['drama', 'history', 'war']",US,['US'],,tt0120102,7.1,141308,14.442,7.2
tm191848,The Devil's Advocate,MOVIE,"Aspiring Florida defense lawyer Kevin Lomax accepts a job at a New York law firm. With the stakes getting higher every case, Kevin quickly learns that his boss has something far more evil planned.",1997,,144,"['horror', 'thriller', 'drama']",US,"['DE', 'US']",,tt0118971,7.5,361422,34.774,7.4
tm121879,A River Runs Through It,MOVIE,"A River Runs Through is a cinematographically stunning true story of Norman Maclean. The story follows Norman and his brother Paul through the experiences of life and growing up, and how their love of fly fishing keeps them together despite varying life circumstances in the untamed west of Montana in the 1920's.",1992,PG,123,['drama'],US,['US'],,tt0105265,7.2,59086,16.558,7.1
tm44402,"Girl, Interrupted",MOVIE,"Set in the changing world of the late 1960s, Susanna Kaysen's prescribed ""short rest"" from a psychiatrist she had met only once becomes a strange, unknown journey into Alice's Wonderland, where she struggles with the thin line between normal and crazy. Susanna soon realizes how hard it is to get out once she has been committed, and she ultimately has to choose between the world of people who belong inside or the difficult world of reality outside.",1999,R,127,"['drama', 'european']",US,"['US', 'DE']",,tt0172493,7.3,180532,17.613,7.5
ts22489,Goosebumps,SHOW,"Anything can turn spooky in this horror anthology series based on the best-selling books by master of kid horror, R.L. Stine. In every episode, see what happens when regular kids find themselves in scary situations, and how they work to confront and overcome their fears.",1995,TV-PG,22,"['scifi', 'fantasy', 'horror', 'thriller', 'family', 'music']",US,"['CA', 'US']",4,tt0111987,7.6,13361,88.924,8
tm53419,Any Given Sunday,MOVIE,A star quarterback gets knocked out of the game and an unknown third stringer is called in to replace him. The unknown gives a stunning performance and forces the ageing coach to reevaluate his game plans and life. A new co-owner/president adds to the pressure of winning. The new owner must prove herself in a male dominated world.,1999,R,162,"['drama', 'sport']",US,['US'],,tt0146838,6.9,118479,13.825,6.8
tm189764,Menace II Society,MOVIE,"Sobering and incisive, this cautionary drama centers on a street tough 18-year-old facing a moral quandary while trying to turn his life around.",1993,R,97,"['drama', 'crime', 'thriller']",US,['US'],,tt0107554,7.5,57399,15.347,7.5
tm9323,Desperado,MOVIE,"Mariachi plunges headfirst into the dark border underworld when he follows a trail of blood to the last of the infamous Mexican drug lords, Bucho, for an action-packed, bullet-riddled showdown. With the help of his best friend and a beautiful bookstore owner, the Mariachi tracks Bucho, takes on his army of desperados, and leaves a trail of blood of his own.",1995,R,104,"['thriller', 'action', 'crime', 'western', 'european']",US,['US'],,tt0112851,7.1,183638,19.718,6.9
tm46173,The Mask of Zorro,MOVIE,"It has been twenty years since Don Diego de la Vega fought Spanish oppression in Alta California as the legendary romantic hero, Zorro. Having escaped from prison he transforms troubled bandit Alejandro into his successor, in order to foil the plans of the tyrannical Don Rafael Montero who robbed him of his freedom, his wife and his precious daughter.",1998,PG-13,136,"['action', 'thriller', 'western', 'comedy', 'romance']",US,['US'],,tt0120746,6.8,181306,25.426,6.5
tm19673,The Patriot,MOVIE,"After proving himself on the field of battle in the French and Indian War, Benjamin Martin wants nothing more to do with such things, preferring the simple life of a farmer. But when his son Gabriel enlists in the army to defend their new nation, America, against the British, Benjamin reluctantly returns to his old life to protect his son.",2000,R,165,"['drama', 'action', 'history', 'war']",US,"['DE', 'US']",,tt0187393,7.2,270231,20.438,7.1
tm24877,Road Trip,MOVIE,"From the director of the Hangover trilogy and Joker, Road Trip is a raunchy college comedy classic.  After an Ithaca college student films his one-night stand with a beautiful sorority girl, he discovers one of his friends has accidentally mailed the homemade porn tape to his girlfriend. In a frenzy, he must borrow a car and hit the road in a desperate bid to intercept the tape.  Featuring a talented cast that includes Breckin Meyer, Rachel Blanchard, Seann William Scott, Amy Smart, Fred Ward, Tom Green, Anthony Rapp, Andy Dick, and Ethan Suplee.",2000,R,93,['comedy'],US,['US'],,tt0215129,6.5,167670,16.989,6.2
tm189433,Free Willy,MOVIE,"When maladjusted orphan Jesse vandalizes a theme park, he is placed with foster parents and must work at the park to make amends. There he meets Willy, a young Orca whale who has been separated from his family. Sensing kinship, they form a bond and, with the help of kindly whale trainer Rae Lindley, develop a routine of tricks. However, greedy park owner Dial soon catches wind of the duo and makes plans to profit from them.",1993,PG,112,"['drama', 'family']",US,"['US', 'FR']",,tt0106965,6,75244,31.688,6.2
tm1822,3 Ninjas Kick Back,MOVIE,"During a championship baseball match, the three brothers hear that their grandfather in Japan is in trouble, and head out to help him, conceding the match. When they arrive in Japan, they must use all their powers to defend him against his ancient enemy, who has returned to exact revenge.",1994,PG,93,"['action', 'comedy', 'family', 'sport']",US,"['US', 'JP']",,tt15327306,4.5,9208,9.773,5.5
tm187791,In the Line of Fire,MOVIE,"Veteran Secret Service agent Frank Horrigan is a man haunted by his failure to save President Kennedy while serving protection detail in Dallas. Thirty years later, a man calling himself ""Booth"" threatens the life of the current President, forcing Horrigan to come back to protection detail to confront the ghosts from his past.",1993,R,128,"['drama', 'thriller', 'action', 'crime']",US,['US'],,tt0107206,7.2,101939,15.02,7
tm19494,The Replacements,MOVIE,"Maverick old-guard coach Jimmy McGinty is hired in the wake of a players' strike to help the Washington Sentinels advance to the playoffs. But that impossible dream hinges on whether his replacements can hunker down and do the job. So, McGinty dusts off his secret dossier of ex-players who never got a chance (or screwed up the one they were given) and knits together a bad-dream team of guys who just may give the Sentinels their title shot.",2000,PG-13,118,"['comedy', 'sport']",US,['US'],,tt0191397,6.6,64087,13.465,6.6
tm10739,Johnny Mnemonic,MOVIE,"In a dystopian 2021, Johnny is a data trafficker who has an implant that allows him to securely store data too sensitive for regular computer networks. On one delivery run, he accepts a package that not only exceeds the implant's safety limits—and will kill him if the data is not removed in time—but also contains information far more important and valuable than he had ever imagined. On a race against time, he must avoid the assassins sent to kill him and remove the data before it, too, ends his life.",1995,R,97,"['scifi', 'thriller', 'action', 'drama']",US,"['US', 'CA']",,tt0113481,5.6,71062,11.747,5.7
tm113576,Little Women,MOVIE,"With their father away as a chaplain in the Civil War, Jo, Meg, Beth and Amy grow up with their mother in somewhat reduced circumstances. They are a close family who inevitably have their squabbles and tragedies. But the bond holds even when, later, male friends start to become a part of the household.",1994,PG,115,"['drama', 'family', 'romance']",US,['US'],,tt0110367,7.3,57621,17.027,7.3
tm191387,Anaconda,MOVIE,"A ""National Geographic"" film crew is taken hostage by an insane hunter, who takes them along on his quest to capture the world's largest - and deadliest - snake.",1997,PG-13,89,"['thriller', 'horror', 'action']",US,"['PE', 'US', 'BR']",,tt0118615,4.8,103459,31.57,5.1
tm6859,My Girl,MOVIE,"Vada Sultenfuss is obsessed with death. Her mother is dead, and her father runs a funeral parlor. She is also in love with her English teacher, and joins a poetry class over the summer just to impress him. Thomas J., her best friend, is ""allergic to everything"", and sticks with Vada despite her hangups. When Vada's father hires Shelly, and begins to fall for her, things take a turn to the worse...",1991,PG,103,"['comedy', 'drama', 'family', 'romance', 'european']",US,['US'],,tt0102492,6.9,79800,21.381,7.4
tm186589,Cliffhanger,MOVIE,"A year after losing his friend in a tragic 4,000-foot fall, former ranger Gabe Walker and his partner, Hal, are called to return to the same peak to rescue a group of stranded climbers, only to learn the climbers are actually thieving hijackers who are looking for boxes full of money.",1993,R,112,"['thriller', 'action', 'animation']",US,"['IT', 'US', 'FR']",,tt0106582,6.5,128179,20.292,6.4
tm191374,I Know What You Did Last Summer,MOVIE,"After four high school friends are involved in a hit-and-run road accident, they dispose of the body and vow to keep the incident a secret. A year later, they each start receiving anonymous letters bearing the warning ""I Know What You Did Last Summer.""",1997,R,101,"['horror', 'thriller']",US,['US'],,tt0119345,5.7,142696,18.102,5.9
tm8446,Teenage Mutant Ninja Turtles II: The Secret of the Ooze,MOVIE,"The Turtles and the Shredder battle once again, this time for the last cannister of the ooze that created the Turtles, which Shredder wants to create an army of new mutants.",1991,PG,88,"['scifi', 'action', 'comedy', 'family']",US,"['US', 'HK']",,tt0103060,6,55499,16.459,6.1
ts8570,Barney & Friends,SHOW,"Barney & Friends is an American children's television series aimed at children from ages 2 to 5. The series, which first aired on April 6, 1992, features the title character Barney, a purple anthropomorphic Tyrannosaurus rex who conveys educational messages through songs and small dance routines with a friendly, optimistic attitude.

New episodes have not been produced since 2009; however reruns continue to air on various PBS stations.",1992,TV-G,28,['family'],US,['US'],14,tt0144701,3.8,9955,46.955,5
tm21596,Hollow Man,MOVIE,"Cocky researcher, Sebastian Caine is working on a project to make living creatures invisible and he's so confident he's found the right formula that he tests it on himself and soon begins to vanish. The only problem is: no-one can determine how to make him visible again. Caine's predicament eventually drives him mad, with terrifying results.",2000,R,112,"['scifi', 'action', 'horror', 'thriller']",US,"['DE', 'US']",,tt0164052,5.8,130099,24.125,5.9
tm48430,Godzilla,MOVIE,"French nuclear tests irradiate an iguana into a giant monster that viciously attacks freighter ships in the Pacific Ocean. A team of experts, including Niko Tatopoulos, conclude that the oversized reptile is the culprit. Before long, the giant lizard is loose in Manhattan as the US military races to destroy the monster before it reproduces and it's spawn takes over the world.",1998,PG-13,133,"['thriller', 'scifi', 'action']",US,['US'],,tt0120685,5.4,191722,38.87,5.6
tm192199,Spawn,MOVIE,"After being murdered by corrupt colleagues in a covert government agency, Al Simmons makes a pact with the devil to be resurrected to see his beloved wife Wanda. In exchange for his return to Earth, Simmons agrees to lead Hell's Army in the destruction of mankind.",1997,PG-13,96,"['fantasy', 'horror', 'scifi', 'thriller', 'action', 'drama']",US,['US'],,tt0120177,5.2,67761,15.124,5.3
tm184205,Dennis the Menace,MOVIE,Mr. Wilson's ever-present annoyance comes in the form of one mischievous kid named Dennis. But he'll need Dennis's tricks to uncover a collection of gold coins that go missing when a shady drifter named Switchblade Sam comes to town.,1993,PG,95,"['comedy', 'family']",US,['US'],,tt0106701,5.6,60779,24.079,5.8
tm12499,The Net,MOVIE,"Angela Bennett is a freelance software engineer who lives in a world of computer technology. When a cyber friend asks Bennett to debug a new game, she inadvertently becomes involved in a conspiracy that will soon turn her life upside down and make her the target of an assassination.",1995,PG-13,114,"['thriller', 'action', 'crime', 'drama']",US,['US'],,tt0113957,5.9,66127,11.838,6
tm192431,The Devil's Own,MOVIE,"Frankie McGuire, one of the IRA's deadliest assassins, draws an American family into the crossfire of terrorism. But when he is sent to the U.S. to buy weapons, Frankie is housed with the family of Tom O'Meara, a New York cop who knows nothing about Frankie's real identity. Their surprising friendship, and Tom's growing suspicions, forces Frankie to choose between the promise of peace or a lifetime of murder.",1997,R,107,"['thriller', 'drama', 'action', 'crime', 'european']",US,['US'],,tt0962637,6.2,64625,11.387,6.1
tm190486,Teenage Mutant Ninja Turtles III,MOVIE,"The four turtles travel back in time to the days of the legendary and deadly samurai in ancient Japan, where they train to perfect the art of becoming one. The turtles also assist a small village in an uprising.",1993,PG,96,"['fantasy', 'scifi', 'action', 'comedy', 'family']",US,"['HK', 'US']",,tt0108308,4.7,33128,15.356,5.4
tm61103,The General's Daughter,MOVIE,"When the body of Army Capt. Elizabeth Campbell is found on a Georgia military base, two investigators, Warrant Officers Paul Brenner and Sara Sunhill, are ordered to solve her murder. What they uncover is anything but clear-cut. Unseemly details emerge about Campbell's life, leading to allegations of a possible military coverup of her death and the involvement of her father, Lt. Gen. Joseph Campbell.",1999,R,116,"['drama', 'crime', 'thriller']",US,"['US', 'DE']",,tt0144214,6.4,58726,11.976,6.4
tm117488,The Next Karate Kid,MOVIE,"Mr. Miyagi decides to take Julie, a troubled teenager, under his wing after he learns that she blames herself for her parents' demise and struggles to adjust with her grandmother and fellow pupils.",1994,PG,107,"['drama', 'family', 'romance', 'sport', 'action']",US,['US'],,tt0110657,4.5,30138,20.882,5.3
tm55732,I Still Know What You Did Last Summer,MOVIE,"Ever since killing the Fisherman one year ago, Julie James is still haunted by images of him after her. When her best friend Karla wins free tickets to the Bahamas, Julie finds this a perfect opportunity to finally relax. But someone is waiting for her. Someone who she thought was dead. Someone who is out again for revenge.",1998,R,100,"['thriller', 'horror']",US,['US'],,tt0130018,4.7,73269,17.756,5.3
tm191431,Double Team,MOVIE,He's a one-man arsenal... with enough voltage to rock the free world. They Don't Play by the Rules. You're either on their side...or in their way. America's top counter-terrorist usually works alone...this time he's got company.,1997,R,93,"['scifi', 'action', 'comedy', 'thriller']",US,"['US', 'HK']",,tt0119013,4.7,34127,12.697,5.1
tm17721,Under Suspicion,MOVIE,"A lawyer is asked to come to the police station to clear up a few loose ends in his witness report of a foul murder. ""This will only take ten minutes"", they say, but it turns out to be one loose end after another, and the ten minutes he is away from his speech become longer and longer.",2000,R,110,"['thriller', 'crime', 'drama', 'european']",US,['US'],,tt0164212,6.5,25432,11.459,6.1
ts20939,Moesha,SHOW,"Moesha was an American sitcom series that aired on the UPN network from January 23, 1996 to May 14, 2001. The series stars R&B singer Brandy Norwood as Moesha Mitchell, a high school student living with her family in the Leimert Park neighborhood of South Central Los Angeles. It was originally ordered as a pilot for the CBS network's 1995-1996 television season, who rejected. It was then picked up by UPN, who aired it as a mid-season replacement. It went on to become the biggest success for the nascent network and one of the greatest hits over the course of the network's entire run.",1996,TV-PG,21,"['drama', 'comedy', 'family']",US,['US'],6,tt0115275,5.7,3713,7.483,7.3
ts21693,"Sister, Sister",SHOW,"Twins Tia Landry and Tamera Campbell were separated and adopted at birth. Fourteen years later, they encounter each other by chance at the mall. After the families meet, Tia's widowed father agrees to let Tamera and her single mother move in with them.",1994,TV-PG,22,"['comedy', 'drama', 'family']",US,['US'],6,tt0108927,6.2,12535,12.029,7.6
tm190811,Geronimo: An American Legend,MOVIE,"The Apache Indians have reluctantly agreed to settle on a US Government approved reservation. Not all the Apaches are able to adapt to the life of corn farmers. One in particular, Geronimo, is restless. Pushed over the edge by broken promises and necessary actions by the government, Geronimo and thirty or so other warriors form an attack team which humiliates the government by evading capture, while reclaiming what is rightfully theirs.",1993,PG-13,115,"['western', 'drama', 'history']",US,['US'],,tt0107004,6.5,11506,10.551,6.3
tm107659,The Mirror Has Two Faces,MOVIE,"Rose Morgan, who still lives with her mother, is a professor of Romantic Literature who desperately longs for passion in her life. Gregory Larkin, a mathematics professor, has been burned by passionate relationships and longs for a sexless union based on friendship and respect.",1996,PG-13,126,"['romance', 'comedy', 'drama']",US,['US'],,tt0117057,6.6,19829,8.391,6.7
ts21581,Girlfriends,SHOW,"Girlfriends is an American comedy-drama sitcom that premiered on September 11, 2000, on UPN and aired on UPN's successor network, The CW, before being cancelled in 2008. The final episode aired on February 11, 2008.

When Girlfriends returned in fall 2007 for its eighth season, it became the longest-running live-action sitcom on network television that was on air that year, as well as one of the highest-rated scripted shows on television among African American adults and women 18-34, including its spin-off The Game.",2000,TV-PG,21,"['comedy', 'drama']",US,['US'],8,tt0247102,7.2,4482,17.929,7.6
tm7135,Bill Hicks: One Night Stand,MOVIE,"Bill Hicks shows us his view on smoking, smoking pot, drinking, sex, advertisement and music. It's not a view you hear very often.",1991,NC-17,30,['comedy'],US,['US'],,,,,1.08,7.5
tm7073,Knight Rider 2000,MOVIE,"In the future, guns are banned and criminals are frozen for the duration of their sentences. A recent spate of killings involving handguns brings Michael Knight back to fight for justice, but he insists of the help of KITT, his artificially-intelligent car from decades ago. The only problem is that KITT has been deactivated.",1991,G,91,"['action', 'scifi']",US,['US'],,tt0102227,4.5,3178,8.52,5.1
tm63514,The Last Days,MOVIE,"Five Jewish Hungarians, now U.S. citizens, tell their stories: before March, 1944, when Nazis began to exterminate Hungarian Jews, months in concentration camps, and visiting childhood homes more than 50 years later. An historian, a Sonderkommando, a doctor who experimented on Auschwitz prisoners, and US soldiers who were part of the liberation in April, 1945.",1998,PG-13,87,"['drama', 'documentation', 'war']",US,['US'],,tt0174852,7.9,4247,4.869,7.8
ts20918,The Parkers,SHOW,"The Parkers is an American sitcom that aired on UPN from August 30, 1999, to May 10, 2004. A spin-off of UPN's Moesha, The Parkers features the mother-daughter team of Nikki and Kim Parker. The Parkers' signature ""Heeyyy"" greeting became very popular in the early 2000s.",1999,TV-PG,19,['comedy'],US,['US'],5,tt0200353,6.8,2346,9.733,8
tm10811,Heavy,MOVIE,"Victor is a cook who works in a greasy bar/restaurant owned by his mother, Dolly. It's just the two of them, a waitress named Delores, and a heavy drinking regular, Leo. But things change when Callie, a beautiful college drop-out, shows up as a new waitress and steals Victor's heart. But Victor is too shy to do anything about it, and too self-consciously overweight to dream of winning Callie away.",1995,R,105,"['romance', 'drama']",US,['US'],,tt0113280,6.8,4921,5.31,6.8
tm188606,Sankofa,MOVIE,"On a photo shoot in Ghana, an American model slips back in time, becomes enslaved on a plantation and bears witness to the agony of her ancestral past.",1993,,124,"['drama', 'european']",US,"['GH', 'GB', 'US', 'BF', 'DE']",,tt0108041,7,678,2.783,6.5
tm64817,Jerry Seinfeld: I'm Telling You for the Last Time,MOVIE,"Taped for HBO in August 1998, on the final date of Jerry Seinfeld's tour appearances at New York City's Broadhurst Theater, I'm Telling You for the Last Time presents the standup comedian's so-called ""final"" standup, or at least his final tour with the standup material that made him famous.",1998,G,75,"['comedy', 'documentation']",US,['US'],,tt0500140,7.9,5834,5.834,7.6
tm7951,Tim Allen: Rewires America,MOVIE,This is arguably Tim Allen's best stand-up show ever and this show truly solidified Tim Allen's unique slant on masculinity becoming the backbone for his TV show “Home Improvement.”,1991,PG,30,"['comedy', 'documentation']",US,['US'],,tt0294967,5.9,195,1.339,7
tm424630,A Triumph of the Heart: The Ricky Bell Story,MOVIE,"Ricky Bell, an all-pro running back with the Tampa Bay Buccaneers, who died of a rare muscle disease in the prime of his career. The plot centers on Bell's relationship with a father-less handicapped boy, and his efforts to be a big brother to him. The boy ends up being an inspiration for Bell when his disease makes the athlete more afflicted than the boy.",1991,,100,"['drama', 'sport']",US,['US'],,tt0103123,7.2,248,3.255,5.1
tm7810,Nightmare in Columbia County,MOVIE,The recounting of a terrible crime that wracked a family and galvanized police in South Carolina in the 1980's. Southern beauty pageant winner Dawn Smith is targeted by a sadistic stalker whose obsession with her leads him to kidnap her younger sister.,1991,,100,"['drama', 'crime', 'thriller']",US,['US'],,tt0102537,5.5,341,1.603,6
tm8687,Sam Kinison: Family Entertainment Hour,MOVIE,"Get ready to scream with laughter! Sam Kinison's primal scream will echo down through the comedy hall of fame summing up so much of modernity's horror and stupidity. This concert was taped at the Wiltern Theatre where Sam was joined with the Randy Hansen Band and a salacious slew of sinuous sirens, including his wife Malika. Join Sam Kinison and guests for a concert guaranteed to make you laugh 'til you cry for more - there's something for every member of the family - Sam Kinison style!",1991,,49,['comedy'],US,['US'],,,,,2.545,6
tm21911,Sam Kinison: Live in Vegas,MOVIE,"Comedy / Music/Musical - In the town that knows no limits, Kinison gives a completely raw and uncensored performance at the very height of his career. Filled with scorching comedy, hot women and sizzling rock 'n roll, this rarely seen live show encapsulates the energy, verve and relentless brand of comedy that was unique to Kinison.",1991,,72,"['comedy', 'music', 'documentation']",US,['US'],,tt0249934,6.6,272,1.37,6
tm57169,Monty Python: Live at Aspen,MOVIE,"In March 1998 in Aspen, Colorado, the surviving members of the Monty Paython team - John Cleese, Terry Gilliam, Eric Idle, Terry Jones and Michael Palin - shared a stage together for the first time in 18 years. Even more remarkably, Graham Chapman was there too....in an urn! The occasion for this renuion was the US Comedy Arts Festival Tribute to Monty Python, hosted by Robert Klien in front of a live audience.",1998,,58,"['comedy', 'documentation']",US,"['US', 'GB']",,tt0287570,7.8,1092,3.291,6.9
tm184224,Sinbad: Afros and Bellbottoms,MOVIE,"Sinbad brings the '70s back with a nostalgic stand-up special dedicated to the films, fashion and other flashbacks from that era.",1993,PG-13,59,"['comedy', 'documentation']",US,['US'],,tt0938331,7.8,166,2.935,5.5
tm104933,Sinbad: Son of a Preacher Man,MOVIE,"Experience veteran comedian Sinbad as he returns to his college town of Denver and performs at the Paramount Theatre for this next installment of his famed HBO Comedy Specials. Sinbad: Son of a Preacher Man is a self-styled monologue that comments on the perils of skiing, para-sailing during a bad vacation, fashion trends in lingerie, and more!",1996,,56,"['comedy', 'documentation']",US,['US'],,tt0938333,6.7,115,2.328,5.8
tm110766,Chronicle of a Disappearance,MOVIE,"Chronicle of a Disappearance unfolds in a series of seemingly unconnected cinematic tableaux, each of them focused on incidents or characters which seldom reappear later in the film. Among the many unrelated scenes, there is a Palestinian actress struggling to find an apartment in West Jerusalem, the owner of the Holy Land souvenir shop preparing merchandise for incoming Japanese tourists, a group of old women gossiping about their relatives, and an Israeli police van which screeches to a halt so several heavily armed soldiers can get off the car and urinate.",1996,,88,['drama'],US,"['US', 'FR', 'DE', 'PS']",,tt0115895,6.9,718,1.958,6.7
tm64729,Sinbad: Nothin' but the Funk,MOVIE,"Enjoy Comedic Superstar Sinbad as he gives us one of his most stellar stand up performances, shot on the beautiful island of Aruba at the Guillermo P. Trinidad Theatre. As always, Sinbad shows why he’s a veteran in comedy since the 80’s, with an entertaining show that the entire family can enjoy.",1998,,55,"['comedy', 'documentation']",US,['US'],,tt0938332,6.2,65,1.822,5.3
ts4,Breaking Bad,SHOW,"When Walter White, a New Mexico chemistry teacher, is diagnosed with Stage III cancer and given a prognosis of only two years left to live. He becomes filled with a sense of fearlessness and an unrelenting desire to secure his family's financial future at any cost as he enters the dangerous world of drugs and crime.",2008,TV-MA,48,"['drama', 'thriller', 'crime']",US,['US'],5,tt0903747,9.5,1727694,337.419,8.8
ts9,The Walking Dead,SHOW,Sheriff's deputy Rick Grimes awakens from a coma to find a post-apocalyptic world dominated by flesh-eating zombies. He sets out to find his family and encounters many other survivors along the way.,2010,TV-MA,46,"['action', 'drama', 'scifi', 'thriller', 'horror']",US,['US'],11,tt1520211,8.2,945125,773.19,8.1
ts21469,Grey's Anatomy,SHOW,Follows the personal and professional lives of a group of doctors at Seattle’s Grey Sloan Memorial Hospital.,2005,TV-14,49,"['drama', 'romance']",US,['US'],18,tt0413573,7.6,293618,1215.393,8.3
ts6495,Criminal Minds,SHOW,"An elite team of FBI profilers analyze the country's most twisted criminal minds, anticipating their next moves before they strike again. The Behavioral Analysis Unit's most experienced agent is David Rossi, a founding member of the BAU who returns to help the team solve new cases.",2005,TV-14,44,"['thriller', 'crime', 'drama']",US,['US'],15,tt0452046,8.1,189191,401.416,8.3
ts22337,NCIS,SHOW,"From murder and espionage to terrorism and stolen submarines, a team of special agents investigates any crime that has a shred of evidence connected to Navy and Marine Corps personnel, regardless of rank or position.",2003,TV-14,44,"['action', 'drama', 'crime', 'thriller', 'comedy']",US,['US'],19,tt0364845,7.8,141049,254.207,7.6
ts8308,Community,SHOW,"Follow the lives of a group of students at what is possibly the world’s worst community college in the fictional locale of Greendale, Colorado.",2009,TV-PG,23,['comedy'],US,['US'],6,tt1439629,8.5,252564,48.311,8
ts21465,Supernatural,SHOW,"When they were boys, Sam and Dean Winchester lost their mother to a mysterious and demonic supernatural force. Subsequently, their father raised them to be soldiers. He taught them about the paranormal evil that lives in the dark corners and on the back roads of America ... and he taught them how to kill it. Now, the Winchester brothers crisscross the country in their '67 Chevy Impala, battling every kind of supernatural threat they encounter along the way. ",2005,TV-14,45,"['scifi', 'thriller', 'drama', 'fantasy', 'horror']",US,['US'],15,tt0460681,8.5,428639,406.666,8.3
tm33545,Forgetting Sarah Marshall,MOVIE,"When Sarah Marshall dumps aspiring musician Peter Bretter for rock star Aldous Snow, Peter's world comes crashing down. His best friend suggests that Peter should get away from everything and to fly off to Hawaii to escape all his problems. After arriving in Hawaii and meeting the beautiful Rachel Jansen, Peter is shocked to see not only Aldous Snow in Hawaii, but also Sarah Marshall.",2008,R,111,"['comedy', 'drama', 'romance']",US,['US'],,tt0800039,7.1,280121,18.358,6.5
tm172683,War of the Worlds,MOVIE,"Ray Ferrier is a divorced dockworker and less-than-perfect father. Soon after his ex-wife and her new husband drop off his teenage son and young daughter for a rare weekend visit, a strange and powerful lightning storm touches down.",2005,PG-13,117,"['thriller', 'action', 'scifi']",US,['US'],,tt0407304,6.5,439027,38.657,6.5
ts17156,Arrested Development,SHOW,"The story of a wealthy family that lost everything, and the one son who had no choice but to keep them all together.",2003,TV-MA,28,['comedy'],US,['US'],5,tt0367279,8.7,297552,54.388,8.1
ts12724,30 Rock,SHOW,"Liz Lemon, the head writer for a late-night TV variety show in New York, tries to juggle all the egos around her while chasing her own dream.",2006,TV-14,25,"['comedy', 'sport']",US,['US'],7,tt0496424,8.3,121514,34.689,7.4
ts3371,Avatar: The Last Airbender,SHOW,"In a war-torn world of elemental magic, a young boy reawakens to undertake a dangerous mystic quest to fulfill his destiny as the Avatar, and bring peace to the world.",2005,TV-Y7,24,"['scifi', 'family', 'fantasy', 'animation', 'action']",US,['US'],3,tt0417299,9.3,297336,61.284,8.7
tm92641,Inception,MOVIE,"Cobb, a skilled thief who commits corporate espionage by infiltrating the subconscious of his targets is offered a chance to regain his old life as payment for a task considered to be impossible: ""inception"", the implantation of another person's idea into a target's subconscious.",2010,PG-13,148,"['scifi', 'music', 'thriller', 'action']",US,"['GB', 'US']",,tt1375666,8.8,2268288,109.09,8.4
tm102740,The Other Guys,MOVIE,"Unlike their heroic counterparts on the force, desk-bound NYPD detectives Gamble and Hoitz garner no headlines as they work day to day. When a seemingly minor case turns out to be a big deal, the two cops get the opportunity to finally prove to their comrades that they have the right stuff.",2010,,107,"['crime', 'action', 'comedy']",US,['US'],,tt1386588,6.6,263019,50.29,6.3
tm87484,How to Train Your Dragon,MOVIE,"As the son of a Viking leader on the cusp of manhood, shy Hiccup Horrendous Haddock III faces a rite of passage: he must kill a dragon to prove his warrior mettle. But after downing a feared dragon, he realizes that he no longer wants to destroy it, and instead befriends the beast – which he names Toothless – much to the chagrin of his warrior father.",2010,PG,98,"['fantasy', 'animation', 'action', 'comedy', 'family', 'drama']",US,['US'],,tt0892769,8.1,719717,71.782,7.8
ts20604,Friday Night Lights,SHOW,"The trials and triumphs of life in the small town of Dillon, Texas, where high school football is everything.",2006,TV-14,43,"['drama', 'sport']",US,['US'],5,tt0758745,8.7,64449,32.434,8
tm39030,Casino Royale,MOVIE,"Le Chiffre, a banker to the world's terrorists, is scheduled to participate in a high-stakes poker game in Montenegro, where he intends to use his winnings to establish his financial grip on the terrorist market. M sends Bond—on his maiden mission as a 00 Agent—to attend this game and prevent Le Chiffre from winning. With the help of Vesper Lynd and Felix Leiter, Bond enters the most important poker game in his already dangerous career.",2006,,139,"['thriller', 'action', 'european']",US,"['GB', 'US', 'BS', 'CZ', 'DE']",,tt0381061,8,644336,41.332,7.5
tm78592,Michael Clayton,MOVIE,A law firm brings in its 'fixer' to remedy the situation after a lawyer has a breakdown while representing a chemical company that he knows is guilty in a multi-billion dollar class action suit.,2007,R,120,"['thriller', 'crime', 'drama']",US,['US'],,tt0465538,7.2,163878,11.418,6.7
ts21511,My Little Pony: Friendship Is Magic,SHOW,"""Get your muzzle out of those books and make some friends!"" That's what Princess Celestia tells Twilight Sparkle. She may be the smartest unicorn in Equestria, but Twilight Sparkle gets an ""incomplete"" in friendship. There's more to life than learning magic, after all -- so she goes to Ponyville on a mission to make friends. There she meets five special ponies who take her on exciting adventures and teach her the most powerful magic of all ... the magic of friendship!",2010,TV-Y7,22,"['scifi', 'animation', 'drama', 'fantasy', 'music', 'comedy', 'family']",US,"['CA', 'US']",9,tt1751105,7.6,20708,49.715,8.1
ts19036,The Fairly OddParents,SHOW,"The zany, fast-paced adventures of a 10-year-old boy and his fairy godparents, who inadvertently create havoc as they grant wishes for their pint-sized charge.",2001,TV-Y7,24,"['scifi', 'family', 'fantasy', 'animation', 'comedy']",US,"['US', 'CA']",10,tt0235918,7.2,38046,151.92,7.7
tm116324,Jackass: The Movie,MOVIE,"Johnny Knoxville and his band of maniacs perform a variety of stunts and gross-out gags on the big screen for the first time. They wander around Japan in panda outfits, wreak havoc on a once civilized golf course, they even do stunts involving LIVE alligators, and so on.",2002,R,88,"['action', 'comedy', 'documentation']",US,['US'],,tt0322802,6.6,92305,30.13,6.3
tm34310,Zoolander,MOVIE,"Clear the runway for Derek Zoolander, VH1's three-time male model of the year. His face falls when hippie-chic Hansel scooters in to steal this year's award. The evil fashion guru Mugatu seizes the opportunity to turn Derek into a killing machine. It's a well-designed conspiracy and only with the help of Hansel and a few well-chosen accessories like Matilda can Derek make the world safe for male models everywhere.",2001,PG-13,90,"['comedy', 'european']",US,"['US', 'DE']",,tt0196229,6.5,260975,19.411,6.2
ts21247,The Vampire Diaries,SHOW,"The story of two vampire brothers obsessed with the same girl, who bears a striking resemblance to the beautiful but ruthless vampire they knew and loved in 1864.",2009,TV-14,42,"['scifi', 'drama', 'thriller', 'fantasy', 'horror', 'romance']",US,['US'],8,tt1405406,7.7,310776,463.661,8.3
tm160815,Charlie and the Chocolate Factory,MOVIE,"A young boy wins a tour through the most magnificent chocolate factory in the world, led by the world's most unusual candy maker.",2005,PG,106,"['fantasy', 'comedy', 'family']",US,"['GB', 'US', 'AU']",,tt0367594,6.6,465995,156.231,7
tm78671,Cleaner,MOVIE,"Single father and former cop Tom Cutler has an unusual occupation: he cleans up death scenes. But when he's called in to sterilize a wealthy suburban residence after a brutal shooting, Cutler is shocked to learn he may have unknowingly erased crucial evidence, entangling himself in a dirty criminal cover-up.",2007,R,88,"['thriller', 'crime']",US,['US'],,tt0896798,6.1,41052,9.202,6
tm89036,Harold & Kumar Go to White Castle,MOVIE,"Nerdy accountant Harold and his irrepressible friend, Kumar, get stoned watching television and find themselves utterly bewitched by a commercial for White Castle. Convinced there must be one nearby, the two set out on a late-night odyssey that takes them deep into New Jersey. Somehow, the boys manage to run afoul of rednecks, cops and even a car-stealing Neil Patrick Harris before getting anywhere near their beloved sliders.",2004,R,88,['comedy'],US,['US'],,tt0366551,7,193053,15.067,6.5
tm86803,The Social Network,MOVIE,"The tale of a new breed of cultural insurgent: a punk genius who sparked a revolution and changed the face of human interaction for a generation, and perhaps forever.",2010,PG-13,121,['drama'],US,['US'],,tt1285016,7.8,681286,33.023,7.3
tm105329,Road to Perdition,MOVIE,"Mike Sullivan works as a hit man for crime boss John Rooney. Sullivan views Rooney as a father figure, however after his son is witness to a killing, Mike Sullivan finds himself on the run in attempt to save the life of his son and at the same time looking for revenge on those who wronged him.",2002,R,117,"['thriller', 'documentation', 'crime', 'drama']",US,['US'],,tt0257044,7.7,263212,17.73,7.4
tm35463,Blow,MOVIE,"A boy named George Jung grows up in a struggling family in the 1950's. His mother nags at her husband as he is trying to make a living for the family. It is finally revealed that George's father cannot make a living and the family goes bankrupt. George does not want the same thing to happen to him, and his friend Tuna, in the 1960's, suggests that he deal marijuana. He is a big hit in California in the 1960's, yet he goes to jail, where he finds out about the wonders of cocaine. As a result, when released, he gets rich by bringing cocaine to America. However, he soon pays the price.",2001,R,124,"['drama', 'crime']",US,['US'],,tt0221027,7.5,255099,19.789,7.4
tm84371,Shooter,MOVIE,"A marksman living in exile is coaxed back into action after learning of a plot to kill the president. Ultimately double-crossed and framed for the attempt, he goes on the run to track the real killer and find out who exactly set him up, and why??",2007,R,124,"['thriller', 'action', 'drama']",US,['US'],,tt0822854,7.2,329417,42.882,7.1
tm139658,Big Fish,MOVIE,"Throughout his life Edward Bloom has always been a man of big appetites, enormous passions and tall tales. In his later years, he remains a huge mystery to his son, William. Now, to get to know the real man, Will begins piecing together a true picture of his father from flashbacks of his amazing adventures.",2003,PG-13,125,"['drama', 'fantasy', 'romance']",US,['US'],,tt0319061,8,435503,21.904,7.8
tm79442,The Bourne Ultimatum,MOVIE,"Bourne is brought out of hiding once again by reporter Simon Ross who is trying to unveil Operation Blackbriar, an upgrade to Project Treadstone, in a series of newspaper columns. Information from the reporter stirs a new set of memories, and Bourne must finally uncover his dark past while dodging The Company's best efforts to eradicate him.",2007,PG-13,115,"['thriller', 'action']",US,"['DE', 'ES', 'US', 'FR']",,tt0440963,8,627009,25.464,7.4
tm131038,Public Enemies,MOVIE,"Depression-era bank robber John Dillinger's charm and audacity endear him to much of America's downtrodden public, but he's also a thorn in the side of J. Edgar Hoover and the fledgling FBI. Desperate to capture the elusive outlaw, Hoover makes Dillinger his first Public Enemy Number One and assigns his top agent, Melvin Purvis, the task of bringing him in dead or alive.",2009,R,143,"['crime', 'drama', 'history', 'action', 'european']",US,['US'],,tt1152836,7,297525,111.535,6.7
ts2230,America's Next Top Model,SHOW,Aspiring models compete for a chance to break into the business with a panel of judges critiquing their progress throughout the competition.,2003,TV-14,44,['reality'],US,['US'],24,tt0391576,5.6,17843,12.812,5.3
tm154187,Sherlock Holmes,MOVIE,Eccentric consulting detective Sherlock Holmes and Doctor John Watson battle to bring down a new nemesis and unravel a deadly plot that could destroy England.,2009,PG-13,129,"['crime', 'action', 'thriller']",US,"['GB', 'US', 'AU', 'DE']",,tt0988045,7.6,620154,28.317,7.2
tm133767,Love Actually,MOVIE,"'Love Actually' follows the lives of eight very different couples dealing with their love lives, in various loosely and interrelated tales, all set during a frantic month before Christmas in London, England.",2003,R,139,"['drama', 'comedy', 'romance']",US,"['GB', 'US']",,tt0314331,7.6,474176,21.297,7.1
tm88738,Closer,MOVIE,Two couples disintegrate when they begin destructive adulterous affairs with each other.,2004,R,94,"['drama', 'romance']",US,"['GB', 'US']",,tt0376541,7.2,215678,55.362,6.8
ts17942,Chappelle's Show,SHOW,Dave Chappelle's singular point of view is unleashed through a combination of laidback stand-up and street-smart sketches.,2003,TV-14,21,"['comedy', 'music']",US,['US'],3,tt0353049,8.8,62140,13.557,8.1
tm148270,Something's Gotta Give,MOVIE,"Harry Sanborn is an aged music industry exec with a fondness for younger women like Marin, his latest trophy girlfriend. Things get a little awkward when Harry suffers a heart attack at the home of Marin's mother, Erica. Left in the care of Erica and his doctor, a love triangle starts to take shape.",2003,PG-13,128,"['romance', 'drama', 'comedy']",US,['US'],,tt0337741,6.7,120400,15.068,6.6
tm93055,Grown Ups,MOVIE,"After their high school basketball coach passes away, five good friends and former teammates reunite for a Fourth of July holiday weekend.",2010,PG-13,102,"['comedy', 'drama', 'european']",US,['US'],,tt1375670,5.9,247229,95.229,6.3
tm133374,The Blind Side,MOVIE,"The story of Michael Oher, a homeless and traumatized boy who became an All American football player and first round NFL draft pick with the help of a caring woman and her family.",2009,PG-13,129,"['drama', 'sport']",US,['US'],,tt0878804,7.6,323939,63.816,7.7
tm26897,Quantum of Solace,MOVIE,"Quantum of Solace continues the adventures of James Bond after Casino Royale. Betrayed by Vesper, the woman he loved, 007 fights the urge to make his latest mission personal. Pursuing his determination to uncover the truth, Bond and M interrogate Mr. White, who reveals that the organization that blackmailed Vesper is far more complex and dangerous than anyone had imagined.",2008,PG-13,106,"['thriller', 'action']",US,"['GB', 'US']",,tt0830515,6.6,441023,30.147,6.3
tm109304,The Ring,MOVIE,Rachel Keller is a journalist investigating a videotape that may have killed four teenagers. There is an urban legend about this tape: the viewer will die seven days after watching it. Rachel tracks down the video... and watches it. Now she has just seven days to unravel the mystery of the Ring so she can save herself and her son.,2002,PG-13,111,"['horror', 'european']",US,"['JP', 'US']",,tt0298130,7.1,341888,37.892,6.6
tm76066,Into the Wild,MOVIE,"After graduating from Emory University in 1992, top student and athlete Christopher McCandless abandons his possessions, gives his entire $24,000 savings account to charity, and hitchhikes to Alaska to live in the wilderness.",2007,R,140,['drama'],US,['US'],,tt0758758,8.1,611379,15.658,7.8
tm90190,True Grit,MOVIE,"Following the murder of her father by a hired hand, a 14-year-old farm girl sets out to capture the killer. To aid her, she hires the toughest U.S. Marshal she can find—a man with 'true grit'—Reuben J. 'Rooster' Cogburn.",2010,PG-13,110,"['western', 'drama']",US,['US'],,tt1403865,7.6,333378,16.059,7.3
tm997728,Blade Runner: The Final Cut,MOVIE,"Visually spectacular, intensely action-packed and powerfully prophetic since its debut, Blade Runner returns in Ridley Scott's definitive Final Cut, including extended scenes and never-before-seen special effects. In a signature role as 21st-century detective Rick Deckard, Harrison Ford brings his masculine-yet-vulnerable presence to this stylish noir thriller. In a future of high-tech possibility soured by urban and social decay, Deckard hunts for fugitive, murderous replicants - and is drawn to a mystery woman whose secrets may undermine his soul. This incredible version features the definitive Final Cut of Ridley Scott's legendary Sci-Fi classic.",2007,R,117,"['action', 'thriller', 'scifi']",US,['US'],,,,,0.055091,9
tm29737,Rambo,MOVIE,"When governments fail to act on behalf of captive missionaries, ex-Green Beret John James Rambo sets aside his peaceful existence along the Salween River in a war-torn region of Thailand to take action.  Although he's still haunted by violent memories of his time as a U.S. soldier during the Vietnam War, Rambo can hardly turn his back on the aid workers who so desperately need his help.",2008,R,92,"['thriller', 'action', 'war', 'european']",US,"['US', 'DE']",,tt0462499,7,228799,58.435,6.6
tm84906,Stardust,MOVIE,"In a countryside town bordering on a magical land, a young man makes a promise to his beloved that he'll retrieve a fallen star by venturing into the magical realm. His journey takes him into a world beyond his wildest dreams and reveals his true identity.",2007,PG-13,122,"['fantasy', 'romance', 'family']",US,"['US', 'IS', 'GB']",,tt0486655,7.6,269043,17.538,7.2
tm142086,The Last Samurai,MOVIE,"Nathan Algren is an American hired to instruct the Japanese army in the ways of modern warfare, which finds him learning to respect the samurai and the honorable principles that rule them. Pressed to destroy the samurai's way of life in the name of modernization and open trade, Algren decides to become an ultimate warrior himself and to fight for their right to exist.",2003,R,154,"['drama', 'history', 'war', 'action']",US,"['NZ', 'JP', 'US']",,tt0325710,7.8,429097,33.643,7.5
ts22018,iCarly,SHOW,"Watch Carly, Sam, and Freddie, as they try to balance their everyday 8th grade lives with their newfound fame managing and starring in the most awesome show on the web.",2007,TV-G,26,"['comedy', 'family', 'romance']",US,['US'],6,tt0972534,6.7,38281,96.149,8
ts30311,Victorious,SHOW,Aspiring singer Tori Vega navigates life while attending a performing arts high school called Hollywood Arts.,2010,TV-G,25,"['comedy', 'drama', 'family', 'music', 'romance', 'sport']",US,['US'],4,tt1604099,6.9,24224,76.049,8.2
tm95252,The Book of Eli,MOVIE,"A post-apocalyptic tale, in which a lone man fights his way across America in order to protect a sacred book that holds the secrets to saving humankind.",2010,R,118,"['thriller', 'action', 'drama', 'european']",US,['US'],,tt1037705,6.8,312538,25.45,6.8
tm136808,Identity,MOVIE,"Complete strangers stranded at a remote desert motel during a raging storm soon find themselves the target of a deranged murderer. As their numbers thin out, the travelers begin to turn on each other, as each tries to figure out who the killer is.",2003,R,90,['thriller'],US,['US'],,tt0340770,7.3,240433,16.442,7.2
tm195620,Apocalypse Now Redux,MOVIE,"Apocalypse Now Redux is a 2001 extended version of Francis Ford Coppola's epic war film Apocalypse Now, which was originally released in 1979. Coppola, along with editor/long-time collaborator Walter Murch, added 49 minutes of scenes that had been cut out of the original film. It represents a significant re-edit of the original version.",2001,R,196,"['drama', 'war', 'thriller', 'horror']",US,['US'],,,,,4.147341,9.8
tm109137,Shrek Forever After,MOVIE,"A bored and domesticated Shrek pacts with deal-maker Rumpelstiltskin to get back to feeling like a real ogre again, but when he's duped and sent to a twisted version of Far Far Away—where Rumpelstiltskin is king, ogres are hunted, and he and Fiona have never met—he sets out to restore his world and reclaim his true love.",2010,PG,93,"['fantasy', 'comedy', 'family', 'romance', 'animation']",US,['US'],,tt0892791,6.3,200354,89.833,6.3
tm84613,Hairspray,MOVIE,"Pleasantly plump teenager Tracy Turnblad auditions to be on Baltimore's most popular dance show - The Corny Collins Show - and lands a prime spot. Through her newfound fame, she becomes determined to help her friends and end the racial segregation that has been a staple of the show.",2007,PG,117,"['comedy', 'drama', 'romance']",US,"['US', 'GB']",,tt0427327,6.7,128190,11.48,6.7
tm173551,Corpse Bride,MOVIE,"Set in a 19th-century european village, this stop-motion animation feature follows the story of Victor, a young man whisked away to the underworld and wed to a mysterious corpse bride, while his real bride Victoria waits bereft in the land of the living.",2005,PG,77,"['fantasy', 'romance', 'animation', 'drama', 'family']",US,['US'],,tt0121164,7.3,265023,96.975,7.5
tm94606,Let Me In,MOVIE,A bullied young boy befriends a young female vampire who lives in secrecy with her guardian.  A remake of the movie “Let The Right One In” which was an adaptation of a book.,2010,R,116,"['horror', 'drama', 'fantasy', 'thriller', 'european']",US,"['GB', 'US']",,tt1228987,7.1,120208,24.49,6.8
tm136308,Monster,MOVIE,"An emotionally scarred highway drifter shoots a sadistic trick who rapes her, and ultimately becomes the United States' first female serial killer.",2003,R,110,"['crime', 'drama', 'thriller', 'european']",US,['US'],,tt0340855,7.3,149218,16.951,7.2
tm82985,Without a Paddle,MOVIE,"Three friends, whose lives have been drifting apart, reunite for the funeral of a fourth childhood friend. When looking through their childhood belongings, they discover a trunk which contained details on a quest their friend was attempting. It revealed that he was hot on the trail of the $200,000 that went missing with airplane hijacker D.B. Cooper in 1971. They decide to continue his journey, but do not understand the dangers they will soon encounter.",2004,PG-13,95,"['thriller', 'comedy']",US,['US'],,tt0364751,5.8,47049,13.29,5.5
tm145593,Once Upon a Time in Mexico,MOVIE,"Hitman ""El Mariachi"" becomes involved in international espionage involving a psychotic CIA agent and a corrupt Mexican general.",2003,R,102,"['drama', 'action', 'crime', 'thriller']",US,['US'],,tt0285823,6.3,160449,14.895,6.3
tm150260,Cloudy with a Chance of Meatballs,MOVIE,"Inventor Flint Lockwood creates a machine that makes clouds rain food, enabling the down-and-out citizens of Chewandswallow to feed themselves. But when the falling food reaches gargantuan proportions, Flint must scramble to avert disaster. Can he regain control of the machine and put an end to the wild weather before the town is destroyed?",2009,PG,90,"['animation', 'drama', 'romance', 'comedy', 'family', 'fantasy', 'scifi']",US,['US'],,tt0844471,6.9,226225,54.58,6.6
tm119111,Blade II,MOVIE,"A rare mutation has occurred within the vampire community - The Reaper. A vampire so consumed with an insatiable bloodlust that they prey on vampires as well as humans, transforming victims who are unlucky enough to survive into Reapers themselves. Blade is asked by the Vampire Nation for his help in preventing a nightmare plague that would wipe out both humans and vampires.",2002,R,117,"['thriller', 'fantasy', 'scifi', 'action', 'horror']",US,['US'],,tt0187738,6.7,214461,50.32,6.5
tm130647,Chloe,MOVIE,"A doctor hires an escort to seduce her husband, whom she suspects of cheating, though unforeseen events put the family in danger.",2009,R,99,"['thriller', 'drama', 'romance', 'european']",US,"['US', 'CA', 'FR']",,tt1352824,6.3,72916,10.688,6
tm32919,Blood Diamond,MOVIE,"An ex-mercenary turned smuggler. A Mende fisherman. Amid the explosive civil war overtaking 1999 Sierra Leone, these men join for two desperate missions: recovering a rare pink diamond of immense value and rescuing the fisherman's son, conscripted as a child soldier into the brutal rebel forces ripping a swath of torture and bloodshed countrywide.",2006,R,143,"['thriller', 'drama']",US,"['US', 'DE']",,tt0450259,8,536858,40.209,7.5
tm23935,The Lake House,MOVIE,"A lonely doctor who once occupied an unusual lakeside home begins exchanging love letters with its former resident, a frustrated architect. They must try to unravel the mystery behind their extraordinary romance before it's too late.",2006,PG,105,"['drama', 'fantasy', 'romance', 'documentation']",US,['US'],,tt0410297,6.8,148043,15.36,6.9
tm137143,Terminator 3: Rise of the Machines,MOVIE,"It's been 10 years since John Connor saved Earth from Judgment Day, and he's now living under the radar, steering clear of using anything Skynet can trace. That is, until he encounters T-X, a robotic assassin ordered to finish what T-1000 started. Good thing Connor's former nemesis, the Terminator, is back to aid the now-adult Connor … just like he promised.",2003,R,109,"['thriller', 'scifi', 'action', 'european']",US,"['GB', 'US', 'DE']",,tt0181852,6.3,393998,38.918,6.1
tm28905,Beerfest,MOVIE,"During a trip to Germany to scatter their grandfather's ashes, German-American brothers Todd and Jan discover Beerfest, the secret Olympics of downing stout, and want to enter the contest to defend their family's beer-guzzling honor. Their Old Country cousins sneer at the Yanks' chances, prompting the siblings to return to America to prepare for a showdown the following year.",2006,R,110,['comedy'],US,['US'],,tt0486551,6.2,67748,12.377,6
tm44486,Heist,MOVIE,"Joe Moore has a job he loves. He's a thief. His job goes sour when he gets caught on security camera tape. His fence, Bergman, reneges on the money he's owed, and his wife may be betraying him with the fence's young lieutenant. Moore and his partner, Bobby Blane, and their utility man, Pinky Pincus, find themselves broke, betrayed, and blackmailed. Moore is forced to commit his crew to do one last big job.",2001,R,107,"['thriller', 'drama', 'action', 'crime', 'european']",US,['US'],,tt0252503,6.5,36361,12.634,6.3
tm39487,Catch and Release,MOVIE,"Gray Wheeler just lost everything. But it could be the best thing that ever happened to her. After the death of her fiancé, Gray moves in with her late love's best friends. While Sam and Dennis do their best to cheer Gray up, Fritz doesn't seem to care. Once Gray breaks through Fritz's defenses, however, she finally sees why her fiancé thought so highly of him. As they spend more time together, Gray learns that her chances for love have not died out with her fiancé. But when some surprise guests show up on their doorstep, it'll take the love of all of her new friends to help Gray learn that life may be messy, but love is messier.",2006,PG-13,111,"['romance', 'comedy', 'drama']",US,['US'],,tt0395495,5.9,26157,9.67,5.9
tm169949,Just Like Heaven,MOVIE,"Shortly after David Abbott moves into his new San Francisco digs, he has an unwelcome visitor on his hands: winsome Elizabeth Martinson, who asserts that the apartment is hers -- and promptly vanishes. When she starts appearing and disappearing at will, David thinks she's a ghost, while Elizabeth is convinced she's alive.",2005,PG-13,95,"['drama', 'romance', 'fantasy', 'comedy']",US,['US'],,tt0425123,6.7,106755,12.741,6.9
tm184913,Four Brothers,MOVIE,Four adopted brothers return to their Detroit hometown when their mother is murdered and vow to exact revenge on the killers.,2005,R,109,"['crime', 'action', 'drama', 'thriller']",US,['US'],,tt0430105,6.8,144656,28.154,6.7
tm118637,John Q,MOVIE,"John Quincy Archibald is a father and husband whose son is diagnosed with an enlarged heart and then finds out he cannot receive a transplant because HMO insurance will not cover it. Therefore, he decides to take a hospital full of patients hostage until the hospital puts his son's name on the donor's list.",2002,PG-13,116,"['drama', 'thriller', 'crime']",US,['US'],,tt0251160,7,131999,17.663,7.2
tm58382,Not Another Teen Movie,MOVIE,"On a bet, a gridiron hero at John Hughes High School sets out to turn a bespectacled plain Jane into a beautiful and popular prom queen in this outrageous send-up of the teen movies of the 1980s and '90s.",2001,R,89,['comedy'],US,['US'],,tt0277371,5.7,104604,27.273,5.8
tm40009,21,MOVIE,"Ben Campbell is a young, highly intelligent, student at M.I.T. in Boston who strives to succeed. Wanting a scholarship to transfer to Harvard School of Medicine with the desire to become a doctor, Ben learns that he cannot afford the $300,000 for the four to five years of schooling as he comes from a poor, working-class background. But one evening, Ben is introduced by his unorthodox math professor Micky Rosa into a small but secretive club of five. Students Jill, Choi, Kianna, and Fisher, who are being trained by Professor Rosa of the skill of card counting at blackjack.",2008,PG-13,123,"['drama', 'crime', 'history', 'thriller']",US,['US'],,tt0478087,6.8,247039,40.786,6.7
tm154470,Terminator Salvation,MOVIE,"All grown up in post-apocalyptic 2018, John Connor must lead the resistance of humans against the increasingly dominating militaristic robots. But when Marcus Wright appears, his existence confuses the mission as Connor tries to determine whether Wright has come from the future or the past -- and whether he's friend or foe.",2009,PG-13,110,"['thriller', 'scifi', 'fantasy', 'war', 'action']",US,"['US', 'DE', 'IT', 'GB']",,tt0438488,6.5,357557,72.272,6
tm22294,Deck the Halls,MOVIE,"Determined to unseat Steve Finch's reign as the town's holiday season king, Buddy Hall plasters his house with so many decorative lights that it'll be visible from space! When their wives bond, and their kids follow suit, the two men only escalate their rivalry - and their decorating.",2006,PG,93,"['comedy', 'family']",US,['US'],,tt0790604,5,27797,13.817,5.5
tm78067,The Girl Next Door,MOVIE,"In a quiet suburban town in the summer of 1958, two recently orphaned sisters are placed in the care of their mentally unstable Aunt Ruth. But Ruth's depraved sense of discipline will soon lead to unspeakable acts of abuse and torture that involve her young sons, the neighborhood children, and one 12-year-old boy whose life will be changed forever.",2007,R,91,"['thriller', 'drama', 'crime', 'horror']",US,['US'],,tt0830558,6.5,26035,13.823,6.6
tm148379,The Cat in the Hat,MOVIE,"Conrad and Sally Walden are home alone with their pet fish. It is raining outside, and there is nothing to do. Until The Cat in the Hat walks in the front door. He introduces them to their imagination, and at first it's all fun and games, until things get out of hand, and The Cat must go, go, go, before their parents get back.",2003,PG,81,"['fantasy', 'comedy', 'family']",US,['US'],,tt0312528,4,81971,69.974,5.3
tm76428,Jackass 2.5,MOVIE,"The crew have now set off to finish what as left over from Jackass 2.0, and in this version they have Wee Man use a 'pee' gun on themselves, having a mini motor bike fracas in the grocery mall, a sperm test, a portly crew member disguised as King Kong, as well as include three episodes of their hilarious adventures in India.",2007,,64,"['documentation', 'comedy']",US,['US'],,,,,20.424,6.1
tm21467,Final Destination 3,MOVIE,"A student's premonition of a deadly rollercoaster ride saves her life and a lucky few, but not from death itself – which seeks out those who escaped their fate.",2006,R,93,"['horror', 'thriller', 'action', 'crime', 'fantasy', 'european']",US,"['CA', 'DE', 'US']",,tt0414982,5.8,139797,50.649,6.1
tm46436,Thir13en Ghosts,MOVIE,"Arthur and his two children, Kathy and Bobby, inherit his Uncle Cyrus's estate: a glass house that serves as a prison to 12 ghosts. When the family, accompanied by Bobby's Nanny and an attorney, enter the house they find themselves trapped inside an evil machine ""designed by the devil and powered by the dead"" to open the Eye of Hell. Aided by Dennis, a ghost hunter, and his rival Kalina, a ghost rights activist out to set the ghosts free, the group must do what they can to get out of the house alive.",2001,R,91,"['thriller', 'horror', 'fantasy']",US,"['CA', 'US']",,tt0245674,5.6,86492,46.785,6.2
tm57190,The One,MOVIE,A sheriff's deputy fights an alternate universe version of himself who grows stronger with each alternate self he kills.,2001,PG-13,87,"['scifi', 'thriller', 'action']",US,['US'],,tt0267804,5.9,91584,21.013,6.1
tm159310,Coach Carter,MOVIE,"Based on a true story, in which Richmond High School head basketball coach Ken Carter made headlines in 1999 for benching his undefeated team due to poor academic results.",2005,PG-13,130,"['drama', 'sport', 'european']",US,"['US', 'DE']",,tt0393162,7.3,143670,26.022,7.5
tm89592,Blade: Trinity,MOVIE,"For years, Blade has fought against the vampires in the cover of the night. But now, after falling into the crosshairs of the FBI, he is forced out into the daylight, where he is driven to join forces with a clan of human vampire hunters he never knew existed—The Nightstalkers. Together with Abigail and Hannibal, two deftly trained Nightstalkers, Blade follows a trail of blood to the ancient creature that is also hunting him—the original vampire, Dracula.",2004,R,106,"['action', 'thriller', 'fantasy', 'horror', 'scifi']",US,['US'],,tt0359013,5.8,175210,34.514,5.9
tm167516,Monster-in-Law,MOVIE,"Office temp Charlotte Cantilini thinks she's found Mr. Right when she starts dating gorgeous surgeon Dr. Kevin Fields. But there's a problem standing in the way of everlasting bliss: Kevin's overbearing and controlling mother, Viola. Fearing she'll lose her son's affections forever, Viola decides to break up the happy couple by becoming the world's worst mother-in-law.",2005,PG-13,101,"['romance', 'comedy']",US,"['US', 'DE']",,tt0369735,5.5,60693,18.681,6.2
tm79895,Halloween,MOVIE,"After being committed for 17 years, Michael Myers, now a grown man and still very dangerous, escapes from the mental institution (where he was committed as a 10 year old) and he immediately returns to Haddonfield, where he wants to find his baby sister, Laurie. Anyone who crosses his path is in mortal danger",2007,R,109,['horror'],US,['US'],,tt0373883,6,118815,30.617,6.2
tm88045,How Do You Know,MOVIE,"After being cut from the USA softball team and feeling a bit past her prime, Lisa finds herself evaluating her life and in the middle of a love triangle, as a corporate guy in crisis competes with her current, baseball-playing beau.",2010,PG-13,121,"['drama', 'comedy', 'romance']",US,['US'],,tt1341188,5.4,49599,11.864,5.3
tm111600,The Sweetest Thing,MOVIE,"Christina's love life is stuck in neutral. After years of avoiding the hazards of a meaningful relationship, one night while club-hopping with her girlfriends, she meets Peter, her perfect match. Fed up with playing games, she finally gets the courage to let her guard down and follow her heart, only to discover that Peter has suddenly left town. Accompanied by Courtney, she sets out to capture the one that got away.",2002,R,84,"['comedy', 'romance']",US,['US'],,tt0253867,5.1,58516,11.061,5.5
tm143938,The Final Destination,MOVIE,"After a young man's premonition of a deadly race-car crash helps saves the lives of his peers, Death sets out to collect those who evaded their end.",2009,R,82,"['horror', 'fantasy', 'scifi', 'action', 'thriller']",US,['US'],,tt1144884,5.1,104166,51.108,5.6
tm31187,The Other Boleyn Girl,MOVIE,"A sumptuous and sensual tale of intrigue, romance and betrayal set against the backdrop of a defining moment in European history: two beautiful sisters, Anne and Mary Boleyn, driven by their family's blind ambition, compete for the love of the handsome and passionate King Henry VIII.",2008,PG-13,115,"['romance', 'drama', 'history']",US,"['GB', 'US']",,tt0467200,6.7,111694,18.67,6.6
tm141390,Friday the 13th,MOVIE,A group of young adults visit a boarded up campsite named Crystal Lake where they soon encounter the mysterious Jason Voorhees and his deadly intentions.,2009,R,97,"['horror', 'thriller']",US,['US'],,tt0758746,5.5,105938,42.83,5.8
tm74780,The Bucket List,MOVIE,"Corporate billionaire Edward Cole and working class mechanic Carter Chambers are worlds apart. At a crossroads in their lives, they share a hospital room and discover they have two things in common: a desire to spend the time they have left doing everything they ever wanted to do and an unrealized need to come to terms with who they are. Together they embark on the road trip of a lifetime, becoming friends along the way and learning to live life to the fullest, with insight and humor.",2007,PG-13,97,"['drama', 'comedy', 'european']",US,['US'],,tt0825232,7.4,242733,19.365,7.2
tm150214,Freddy vs. Jason,MOVIE,"In an attempt to free himself from a state of forgotten limbo, evil dream-demon Freddy Krueger devises a plan to manipulate un-dead mass murderer Jason Voorhees  into slicing-and-dicing his way through the teenage population of Springwood.  But when the master of dreams loses control of his monster, a brutal fight to the death is the only way out.",2003,R,97,"['horror', 'action']",US,"['IT', 'US']",,tt0329101,5.7,117986,50.824,6
ts21544,Transformers: Prime,SHOW,"Roll out with Optimus Prime, Bumblebee, Arcee, Ratchet, Bulkhead, and the rest of the heroic Autobots as they battle the evil Decepticons. Now that big bad Megatron has returned with a mysterious and dangerous element, Team Prime must prepare for an epic battle.",2010,TV-Y7,22,"['action', 'comedy', 'drama', 'family', 'scifi', 'animation']",US,['US'],4,tt1659175,7.9,6500,31.514,8
tm176528,Memoirs of a Geisha,MOVIE,"A sweeping romantic epic set in Japan in the years before World War II, a penniless Japanese child is torn from her family to work as a maid in a geisha house.",2005,PG-13,145,"['drama', 'romance', 'european']",US,"['FR', 'JP', 'US']",,tt0397535,7.3,146847,25.556,7.7
tm102337,A Nightmare on Elm Street,MOVIE,"The film that brings back horror icon Freddy Krueger as a darker and more sinister character than ever before. While Freddy is on the prowl, a group of teenagers being stalked soon learn they all have a common factor making them targets for this twisted killer.",2010,R,95,"['horror', 'thriller', 'crime', 'drama']",US,['US'],,tt1179056,5.2,99192,46.304,5.5
tm36188,Body of Lies,MOVIE,"The CIA’s hunt is on for the mastermind of a wave of terrorist attacks. Roger Ferris is the agency’s man on the ground, moving from place to place, scrambling to stay ahead of ever-shifting events. An eye in the sky – a satellite link – watches Ferris.  At the other end of that real-time link is the CIA’s Ed Hoffman, strategizing events from thousands of miles away. And as Ferris nears the target, he discovers trust can be just as dangerous as it is necessary for survival.",2008,R,128,"['drama', 'action', 'thriller']",US,"['GB', 'US']",,tt0758774,7.1,224896,16.693,6.6
tm88382,A Cinderella Story,MOVIE,"Routinely exploited by her wicked stepmother, the downtrodden Samantha Montgomery is excited about the prospect of meeting her Internet beau at the school's Halloween dance.",2004,PG,95,"['romance', 'comedy', 'family']",US,"['CA', 'US']",,tt0356470,5.9,86395,31.774,6.5
ts31263,The Mole,SHOW,"Players working as a team complete a series of difficult physical and psychological tests, each worth a set amount of money. One of the players, however, is a ""Mole"" or saboteur, whose goal is to foil the efforts of the other players without revealing his or her identity. At the end of each episode, the group is given a quiz on The Mole's identity. The player who knows the least information about The Mole is then immediately sent home. In the final episode, The Mole is revealed and the one remaining player wins the jackpot, up to $1,000,000.",2001,TV-14,52,['reality'],US,"['US', 'BE']",5,tt0294149,7.6,1104,4.376,7.8
tm47523,Osmosis Jones,MOVIE,"A white blood cell policeman, with the help of a cold pill, must stop a deadly virus from destroying the human they live in, Frank.",2001,PG,95,"['animation', 'action', 'comedy', 'crime', 'family', 'fantasy', 'scifi']",US,['US'],,tt0181739,6.3,35711,14.652,6.5
tm24088,Scary Movie 4,MOVIE,"Cindy finds out the house she lives in is haunted by a little boy and goes on a quest to find out who killed him and why. Also, Alien ""Tr-iPods"" are invading the world and she has to uncover the secret in order to stop them.",2006,PG-13,83,"['comedy', 'horror']",US,['US'],,tt0362120,5.1,120188,45.906,5.5
tm137362,The Texas Chainsaw Massacre,MOVIE,"After picking up a traumatized young hitchhiker, five friends find themselves stalked and hunted by a chainsaw-wielding killer and his family of equally psychopathic killers.",2003,R,98,"['horror', 'crime']",US,['US'],,tt0324216,6.2,140741,73.702,6.2
tm177068,Fun with Dick and Jane,MOVIE,"After Dick Harper loses his job at Globodyne in an Enron-esque collapse, he and his wife, Jane, turn to crime in order to handle the massive debt they now face. Two intelligent people, Dick and Jane actually get pretty good at robbing people and even enjoy it -- but they have second thoughts when they're reminded that crime can hurt innocent people. When the couple hears that Globodyne boss Jack McCallister actually swindled the company, they plot revenge.",2005,PG-13,90,"['comedy', 'crime']",US,['US'],,tt0369441,6.1,143998,15.505,6.2
tm82442,TMNT,MOVIE,"After the defeat of their old arch nemesis, The Shredder, the Turtles have grown apart as a family. Struggling to keep them together, their rat sensei, Splinter, becomes worried when strange things begin to brew in New York City.",2007,PG,87,"['animation', 'comedy', 'family', 'fantasy', 'scifi', 'action']",US,"['US', 'HK']",,tt0453556,6.2,64062,22.181,6.1
tm90864,Due Date,MOVIE,"Peter Highman must scramble across the US in five days to be present for the birth of his first child. He gets off to a bad start when his wallet and luggage are stolen, and put on the 'no-fly' list. Peter embarks on a terrifying journey when he accepts a ride from an actor.",2010,R,95,"['drama', 'comedy']",US,['US'],,tt1231583,6.5,339626,31.661,6.3
tm101249,Cop Out,MOVIE,"Detectives Jimmy and Paul, despite nine years as partners, can still sometimes seem like polar opposites—especially when Paul's unpredictable antics get them suspended without pay. Already strapped for cash and trying to pay for his daughter's wedding, Jimmy decides to sell a rare baseball card that's worth tens of thousands. Unfortunately, when the collector's shop is robbed and the card vanishes with the crook, Paul and Jimmy end up going rogue, tracking down the card and the drug ring behind its theft, all on their own time and without any backup—except for each other.",2010,R,107,"['comedy', 'thriller', 'action', 'crime']",US,['US'],,tt1385867,5.5,87673,10.863,5.6
ts687,The 4400,SHOW,"4400 centers on the return of 4400 people who, previously presumed dead or reported missing, reappear on Earth. Though they have not aged physically, some of them seem to have deeper alterations ranging from superhuman strength to an unexplained healing touch. A government agency is formed to track the 4400 people after one of them commits a murder.",2004,TV-14,44,"['scifi', 'thriller', 'drama']",US,['US'],4,tt0389564,7.3,44971,21.12,7.2
tm89684,New York Minute,MOVIE,"Top student Jane Ryan heads to Manhattan for a college-scholarship competition. Her rebellious twin Roxy Ryan goes along to crash a video shoot. But anything can happen - and does - in a romp involving a pursuing truant officer, a smuggler, hunkalicious guys and the girls' realization that when the chips are down, a sister can be the best friend of all.",2004,PG,87,"['comedy', 'crime', 'family', 'romance']",US,['US'],,tt0363282,4.8,23307,10.357,6.2
ts31514,Strawberry Shortcake,SHOW,"Strawberry and her friends, including her sister, Apple Dumplin', and her pony, Honey Pie, embark on sweet-smelling adventures in Strawberryland.",2003,TV-Y,23,"['animation', 'family']",US,['US'],4,tt7996132,7,13,26.42,6.6
tm183963,Dreamer: Inspired By a True Story,MOVIE,Ben Crane believes that a severely injured racehorse deserves another chance. He and his daughter Cale adopt the mare and save it from being sacrificed by the owner.,2005,PG,106,"['drama', 'family', 'sport', 'fantasy']",US,['US'],,tt0487897,6.8,13034,10.751,6.9
tm27268,Monster House,MOVIE,"Monsters under the bed are scary enough, but what happens when an entire house is out to get you? Three teens aim to find out when they go up against a decrepit neighboring home and unlock its frightening secrets.",2006,PG,91,"['fantasy', 'animation', 'comedy', 'family']",US,['US'],,tt0385880,6.6,114942,47.456,6.6
tm81270,Starsky & Hutch,MOVIE,"Join uptight David Starsky and laid-back Ken ""Hutch"" Hutchinson as they're paired for the first time as undercover cops. The new partners must overcome their differences to solve an important case with help from street informant Huggy Bear and persuasive criminal Reese Feldman.",2004,PG-13,101,"['comedy', 'crime']",US,['US'],,tt0335438,6.1,145981,14.252,5.8
tm137342,Tears of the Sun,MOVIE,"Navy SEAL Lieutenant A.K. Waters and his elite squadron of tactical specialists are forced to choose between their duty and their humanity, between following orders by ignoring the conflict that surrounds them, or finding the courage to follow their conscience and protect a group of innocent refugees. When the democratic government of Nigeria collapses and the country is taken over by a ruthless military dictator, Waters, a fiercely loyal and hardened veteran is dispatched on a routine mission to retrieve a Doctors Without Borders physician.",2003,R,121,"['drama', 'thriller', 'war', 'action']",US,['US'],,tt0314353,6.6,121066,33.904,6.8
tm161263,The Cave,MOVIE,"After a group of biologists discovers a huge network of unexplored caves in Romania and, believing it to be an undisturbed eco-system that has produced a new species, they hire the best American team of underwater cave explorers in the world. While exploring deeper into the underwater caves, a rockslide blocks their exit, and they soon discover a larger carnivorous creature has added them to its food chain.",2005,PG-13,97,"['horror', 'thriller', 'scifi', 'action', 'european']",US,"['DE', 'US']",,tt0403424,5.1,38445,15.813,5.3
ts12815,Big Time Rush,SHOW,"Four teenage friends move from Minneapolis to Los Angeles to form a potential chart-topping boy band after Kendall is inadvertently discovered by an eccentric record executive, Gustavo Rocque. As they seize this opportunity of a lifetime, these friends embark on an exciting comedy and music-filled journey to prove to themselves and their record label that they are serious about their new career choice.",2009,TV-G,25,"['comedy', 'family']",US,['US'],4,tt1131746,6.3,12046,65.327,8.8
tm26638,The Texas Chainsaw Massacre: The Beginning,MOVIE,"Chrissie and her friends set out on a road trip for a final fling before one is shipped off to Vietnam. Along the way, bikers harass the foursome and cause an accident that throws Chrissie from the vehicle. The lawman who arrives on the scene kills one of the bikers and brings Chrissie's friends to the Hewitt homestead, where young Leatherface is learning the tools of terror.",2006,R,91,"['horror', 'thriller', 'documentation']",US,['US'],,tt0420294,5.8,72366,63.011,6.1
tm55303,I Am Sam,MOVIE,"Sam, a neurodivergent man, has a daughter with a homeless woman who abandons them when they leave the hospital, leaving Sam to raise Lucy on his own. But as Lucy grows up, Sam's limitations as a parent start to become a problem and the authorities take her away. Sam convinces high-priced lawyer Rita to take his case pro bono and in turn teaches her the value of love and family.",2001,PG-13,132,['drama'],US,['US'],,tt0277027,7.6,149082,18.529,7.6
tm31189,The Spiderwick Chronicles,MOVIE,"Upon moving into the run-down Spiderwick Estate with their mother, twin brothers Jared and Simon Grace, along with their sister Mallory, find themselves pulled into an alternate world full of faeries and other creatures.",2008,PG,96,"['fantasy', 'thriller', 'action', 'drama', 'family']",US,['US'],,tt0416236,6.5,94628,30.838,6.6
tm165593,Rumor Has It...,MOVIE,"Sarah Huttinger's return home with her fiance convinces her that the sedate, proper, country-club lifestyle of her family isn't for her – and that maybe the Huttinger family isn't even hers – as she uncovers secrets that suggest the Huttingers are neither sedate nor proper.",2005,PG-13,97,"['comedy', 'drama', 'romance']",US,['US'],,tt0398375,5.5,57894,13.404,5.6
tm78767,I Now Pronounce You Chuck & Larry,MOVIE,"Firefighters Chuck Ford and Larry Valentine are guy's guys, loyal to the core—which is why when widower Larry asks Chuck to pose as his gay lover so that he can get domestic partner benefits for his kids, his buddy agrees. However, things get dicey when a bureaucrat comes calling, and the boys are forced to present a picture of domestic bliss.",2007,PG-13,115,"['comedy', 'romance']",US,['US'],,tt0762107,5.9,146625,46.06,6
ts98340,Metallica: Some Kind of Monster,SHOW,"This collection includes the acclaimed rock documentary about Metallica, plus a film checking in with the still-thriving group 10 years later.",2004,TV-MA,84,['western'],US,"['US', 'CA']",1,tt6954486,,,0.6,
tm36644,World Trade Center,MOVIE,"Two police officers struggle to survive when they become trapped beneath the rubble of the World Trade Center on September 11, 2001.",2006,PG-13,129,"['thriller', 'history', 'drama']",US,['US'],,tt0469641,6,83129,15.774,6.1
tm77649,Premonition,MOVIE,"A depressed housewife who learns her husband was killed in a car accident the day previously, awakens the next morning to find him alive and well at home, and then awakens the day after to a world in which he is still dead.",2007,PG-13,96,"['thriller', 'drama', 'fantasy']",US,['US'],,tt0477071,5.9,78119,18.308,6.3
tm33113,Eagle Eye,MOVIE,"Jerry Shaw and Rachel Holloman are two strangers whose lives are suddenly thrown into turmoil by a mysterious woman they have never met. Threatening their lives and family, the unseen caller uses everyday technology to control their actions and push them into increasing danger. As events escalate, Jerry and Rachel become the country's most-wanted fugitives and must figure out what is happening to them.",2008,PG-13,118,"['thriller', 'action', 'european']",US,"['US', 'DE']",,tt1059786,6.6,185430,14.168,6.4
tm78189,The Contractor,MOVIE,"Former CIA Operative, James Dial is coaxed back into action to kill a terrorist in London, but it all goes wrong and he is forced into hiding, where he meets and befriends a 12 year old girl.",2007,R,105,"['thriller', 'european']",US,"['BG', 'GB', 'US']",,,,,12.99,5.6
tm147211,The Men Who Stare at Goats,MOVIE,"A reporter in Iraq might just have the story of a lifetime when he meets Lyn Cassady, a guy who claims to be a former member of the U.S. Army's New Earth Army, a unit that employs paranormal powers in their missions.",2009,R,94,"['comedy', 'war']",US,"['GB', 'US']",,tt1234548,6.2,131564,17.344,6
ts56549,Scare Tactics,SHOW,"Scare Tactics is a hidden camera/comedy television show, produced by Kevin Healey and Scott Hallock. Its first two seasons aired from April 2003 to December 2004. After a hiatus, the show returned for a third season, beginning July 9, 2008. The first season of the show was hosted by Shannen Doherty. Stephen Baldwin took her place in the middle of the second season. Since the beginning of the third season, the show has been hosted by Tracy Morgan. The fourth season began on October 6, 2009.

In Europe the first season of the program aired on MTV Central from 2003 to 2004. The show is also broadcast in Australia on FOX8, in Canada on MTV, in India on AXN, in Russia on MTV Russia, in Turkey on Dream TV, in Poland on TV Puls, in Finland on Jim, in South Korea on Q TV, in Sweden initially on TV6 and currently on TV11.",2003,TV-14,22,"['comedy', 'horror', 'reality', 'scifi', 'thriller']",US,['US'],5,tt0339968,6.7,2512,3.501,6.5
tm29555,Friends with Money,MOVIE,"After she quits her lucrative job, Olivia finds herself unsure about her future and her relationships with her successful and wealthy friends.",2006,R,88,"['romance', 'comedy', 'drama']",US,['US'],,tt0436331,5.8,30186,11.389,5.1
tm93225,Legend of the Guardians: The Owls of Ga'Hoole,MOVIE,"Soren, a young barn owl, is kidnapped by owls of St. Aggie's, ostensibly an orphanage, where owlets are brainwashed into becoming soldiers. He and his new friends escape to the island of Ga'Hoole, to assist its noble, wise owls who fight the army being created by the wicked rulers of St. Aggie's. The film is based on the first three books in the series.",2010,PG,100,"['fantasy', 'family', 'action', 'war', 'drama', 'thriller', 'animation']",US,"['US', 'AU']",,tt1219342,6.9,82623,21.915,6.8
tm86189,Good Luck Chuck,MOVIE,"Cursed since childhood, dentist Charlie Logan cannot find the right woman. Even worse, he learns that each of his ex-girlfriends finds true love with the man she meets after her relationship with him ends. Hearing of Charlie's reputation as a good-luck charm, women from all over line up for a quick tryst. But when Charlie meets the woman of his dreams, he must find a way to break the curse or risk losing her to the next man she meets.",2007,,101,"['comedy', 'romance']",US,"['CA', 'US']",,tt0452625,5.6,89755,23.64,5.9
tm104880,Louis C.K.: Hilarious,MOVIE,"In this unique and dynamic live concert experience, Louis C.K.'s exploration of life after 40 destroys politically correct images of modern life with thoughts we have all had...but would rarely admit to.",2010,,84,['comedy'],US,['US'],,tt1421373,8.4,11973,7.387,7.9
tm101334,Death at a Funeral,MOVIE,"Aaron's father's funeral is today at the family home, and everything goes wrong: the funeral home delivers the wrong body, his cousin accidentally drugs her fiancé, and Aaron's successful younger brother, Ryan, flies in from New York, broke but arrogant. To top it all off, a mysterious stranger wants a word with Aaron.",2010,R,92,['comedy'],US,['US'],,tt1321509,5.6,49599,11.687,5.8
tm135451,Gifted Hands: The Ben Carson Story,MOVIE,Gifted Hands: The Ben Carson Story is a movie based on the life story of world-renowned neurosurgeon Ben Carson from 1961 to 1987.,2009,,86,['drama'],US,['US'],,tt1295085,7.6,10210,36.942,7.8
ts20526,The Game,SHOW,"When her boyfriend Derwin Davis is chosen as the new third-string wide receiver for the San Diego Sabers, Melanie Barnett decides to attend a local college so she can be with him. While Derwin worries about the plays on the field, Melanie adjusts to her new lifestyle. She gets a play-by-play account of the lives and relationships among NFL wives, girlfriends and mom/managers who use their best game to help their men stay on the field and on their arm.",2006,TV-14,22,"['comedy', 'drama', 'sport', 'romance']",US,['US'],10,tt10020984,6.6,4417,7.989,8.4
tm186461,No Direction Home: Bob Dylan,MOVIE,"A chronicle of Bob Dylan's strange evolution between 1961 and 1966 from folk singer to protest singer to ""voice of a generation"" to rock star.",2005,G,208,"['music', 'documentation']",US,"['GB', 'US', 'JP']",,,,,8.676,7.7
tm141707,Blood and Bone,MOVIE,"In Los Angeles, an ex-con takes the underground fighting world by storm in his quest to fulfill a promise to a dead friend.",2009,R,93,"['thriller', 'action', 'crime', 'drama', 'sport']",US,['US'],,tt0346631,6.7,33051,26.858,7.4
ts23808,Monty Python: Almost the Truth (The Lawyer's Cut),SHOW,"The story of Monty Python through brand new interviews with the Pythons: John Cleese, Terry Gilliam, Eric Idle, Terry Jones & Michael Palin and archive material from the late Graham Chapman.",2009,TV-MA,55,"['comedy', 'documentation']",US,['US'],1,tt1422182,8.1,1740,3.829,7.9
tm27168,Felon,MOVIE,A family man convicted of killing an intruder must cope with life afterward in the violent penal system.,2008,R,103,"['crime', 'thriller', 'drama', 'action']",US,['US'],,tt1117385,7.4,78039,12.24,7.2
tm114476,Stuart Little 2,MOVIE,"Stuart, an adorable white mouse, still lives happily with his adoptive family, the Littles, on the east side of Manhattan's Central Park. More crazy mouse adventures are in store as Stuart, his human brother, George, and their mischievous cat, Snowbell, set out to rescue a friend.",2002,G,78,"['comedy', 'fantasy', 'animation', 'family']",US,['US'],,tt0243585,5.5,53746,32.09,5.7
ts21967,Johnny Test,SHOW,"Young Johnny is gung-ho and full of courage. Johnny's brainiac twin sisters, Susan and Mary, use Johnny as their guinea pig for their outrageous scientific experiments. If they can dream it up, Johnny will do it; as long as his genetically engineered super dog, Dukey, can come along.",2005,TV-Y7,18,"['comedy', 'drama', 'family', 'scifi', 'animation', 'action']",US,"['CA', 'US']",6,tt15061770,5.1,8172,15.75,5.6
tm130574,Did You Hear About the Morgans?,MOVIE,"In New York City, an estranged couple who witness a murder are relocated to small-town Wyoming as part of a witness-protection program.",2009,PG-13,103,"['comedy', 'romance', 'drama']",US,['US'],,tt1314228,4.9,40289,8.795,5.4
ts121176,DreamWorks Shrek's Swamp Stories,SHOW,Shrek and his pals have a series of adventures.,2010,TV-PG,24,"['horror', 'music', 'animation', 'comedy', 'family', 'fantasy', 'scifi']",US,['US'],1,tt6950338,6.5,330,6.803,8.5
ts20535,The Garfield Show,SHOW,"Your favorite lazy, fat cat is at it again. Garfield, Odie, Jon and the rest of the gang are back for more funny misadventures. Whether he's scarfing down lasagna or tricking Nermal the kitten, Garfield is guaranteed to crack you up. But remember: He hates Mondays!",2009,TV-G,17,"['animation', 'comedy', 'family', 'european']",US,['US'],5,tt1470837,5.3,2499,19.716,5.3
tm160800,Chaos,MOVIE,"In Seattle, detective Quentin Conners is unfairly suspended and his partner Jason York leaves the police force after a tragic shooting on Pearl Street Bridge, when the hostage and the criminal die. During a bank heist with a hostage situation, Conners is assigned in charge of the operation with the rookie Shane Dekker as his partner. The thieves, lead by Lorenz, apparently do not steal a penny from the bank. While chasing the gangsters, the police team disclose that they planted a virus in the system, stealing one billion dollars from the different accounts, using the principle of the Chaos Theory. Further, they find that Lorenz is killing his accomplices.",2005,R,106,"['action', 'crime', 'drama', 'thriller', 'european']",US,"['GB', 'US', 'CA']",,tt0402910,6.4,54633,27.157,6.3
tm22493,Katt Williams: The Pimp Chronicles Pt. 1,MOVIE,"Comedian Katt Williams (aka Money Mike) showcases his laugh out loud comedic talents in his first ever HBO stand-up comedy DVD taped in front of a live audience. A native of Cincinnati, Ohio, Williams worked his way up the comedy club ladder before landing key television and film roles that displayed his flashy, sassy, streetwise style.",2006,,46,"['comedy', 'documentation']",US,['US'],,tt0865482,7.6,1780,2.581,6.3
tm112381,Comedian,MOVIE,"A look at the work of two stand-up comics, Jerry Seinfeld and a lesser-known newcomer, detailing the effort and frustration behind putting together a successful act and career while living a life on the road.",2002,R,82,"['comedy', 'documentation']",US,['US'],,tt0328962,6.9,6948,5.927,6.7
tm71119,Delta Farce,MOVIE,"Three bumbling Army reservists are hustled onto a plane headed for combat in Iraq -- but the fact that the plane drops them in Mexico doesn't stop them from ""liberating"" what they believe to be the Middle East.",2007,PG-13,90,"['action', 'comedy']",US,['US'],,tt0800003,3.6,11138,8.685,5
tm86995,Christmas with the Kranks,MOVIE,"When their only daughter Blair leaves the family nest, Luther and Nora Krank decide to book an island cruise to beat the yuletide blues and just skip the holidays. But their decision to boycott tradition has the whole neighborhood in an uproar, and when Blair call son Christmas Eve to announce a surprise visit with her new fiancée, the Kranks have just twelve hours to perform a miracle and pull themselves and their neighbors together to throw the best celebration ever!",2004,PG,99,"['comedy', 'family']",US,['US'],,tt0388419,5.4,49090,13.399,6.1
tm137530,Love Happens,MOVIE,"Dr. Burke Ryan is a successful self-help author and motivational speaker with a secret. While he helps thousands of people cope with tragedy and personal loss, he secretly is unable to overcome the death of his late wife. It's not until Burke meets a fiercely independent florist named Eloise that he is forced to face his past and overcome his demons.",2009,PG-13,109,"['drama', 'romance']",US,"['CA', 'GB', 'US']",,tt4809870,5.6,32837,14.783,5.9
tm53999,Open Season 2,MOVIE,"After falling head over hooves in love with Giselle, Elliot's road to the altar takes a slight detour when Mr. Weenie is kidnapped by a group of pampered pets determined to return him to his owners.",2008,PG,76,['comedy'],US,['US'],,,,,18.986,5.8
tm30289,Jeff Dunham: Arguing with Myself,MOVIE,"A recorded live performance of ventriloquist Jeff Dunham portrays a comedian whose revival of an old-fashioned art has made ventriloquism more relevant to modern societal concerns. Starring his six main characters, from Bubba Jay, a Nascar-obsessed hick, to Peanut, a flamboyant gay monkey, Dunham’s puppets have dirty but inoffensive senses of humor that mock the American Dream.",2006,PG-13,76,"['comedy', 'documentation']",US,['US'],,tt0806102,8,3984,4.891,6.7
tm38896,From Within,MOVIE,"When the citizens of a small evangelical town systematically begin committing suicide, a young girl struggling to reconcile her Christian upbringing with her desire to experience the outside world finds her faith put to the ultimate test.",2008,R,89,"['thriller', 'horror', 'documentation', 'war', 'european']",US,['US'],,tt1063056,5.6,7585,9.543,5.6
tm156001,And Then Came Lola,MOVIE,"A talented, but distracted photographer, Lola, on the verge of success in both love and work, could lose it all if she doesn't make it to a crucial meeting on time. But, as usual, Lola is late. With her job and girlfriend on the line, she has three chances to make it right. In a desperate race through the streets and back rooms of San Francisco, time grows short-will Lola make it? Will she come at all? With a pop sensibility that mixes live action, animation and still photography, And Then Came Lola explores love's age old question in a fresh new way, ""If you try, try again, will you finally get it right?"" (Written by M. Siler and E. Seidler)",2009,PG,71,"['comedy', 'drama', 'romance']",US,['US'],,tt1123894,3.9,1683,5.896,5.4
ts21664,One on One,SHOW,"A sportscaster becomes a full-time dad when his ex-wife decides to accept a job out of the country and his teenage daughter, Breanna, moves in with him.",2001,TV-14,20,['comedy'],US,['US'],5,tt0284770,7,2303,5.453,7.9
tm165259,I Will Follow,MOVIE,"Chronicles a day in the life of a grieving woman, and the twelve visitors who help her move forward.",2010,PG-13,76,['drama'],US,['US'],,tt1624426,5.9,865,4.098,5.7
tm97544,Alpha and Omega,MOVIE,"Two young wolves at opposite ends of their pack's social order are thrown together into a foreign land and need each other to return home, but love complicates everything.",2010,PG,88,"['animation', 'romance', 'comedy', 'family']",US,"['IN', 'CA', 'US']",,tt1213012,5.1,14272,16.15,5.8
tm22342,Waist Deep,MOVIE,An ex-convict (Tyrese) gets tangled up with a gang after his car is hijacked with his son inside.,2006,R,97,"['thriller', 'drama', 'crime', 'action']",US,['US'],,tt0456020,5.8,9957,10.736,6.6
tm41508,First Sunday,MOVIE,"Durell and LeeJohn are best friends and bumbling petty criminals. When told they have one week to pay a $17,000 debt or Durell will lose his son, they come up with a desperate scheme to rob their neighborhood church. Instead, they end up spending the night in the presence of the Lord and are forced to deal with much more than they bargained for.",2008,PG-13,96,"['comedy', 'crime', 'drama']",US,['US'],,tt0486578,4.5,10834,10.605,5.7
tm52352,This Is the Life,MOVIE,"In 1989, a collective of young hip hop artists gathered at a health food café in South Central Los Angeles. Their mandate? To reject gang culture and expand the musical boundaries of hip hop. DuVernay's documentary chronicles the historic legacy of the Good Life Cafe — the open mic nights that became an L.A. institution, the eclectic array of talented young MCs that emerged there, the alternative hip hop movement they developed, and their worldwide influence on the artform.",2008,,97,"['documentation', 'music']",US,['US'],,tt1178658,6.3,263,2.163,7.4
tm170873,My Suicide,MOVIE,"After declaring that he's going to film himself committing suicide for a school project, Archie videotapes his surprising interactions with worried family members, interested classmates, unreliable medical experts and the hottest girl in school.",2009,R,107,"['comedy', 'drama']",US,['US'],,tt0492896,7,1936,5.485,6.1
ts74931,Kung Fu Panda Awesome Secrets,SHOW,"In this pair of adventures, Po tells the story of how masters Thundering Rhino, Storming Ox and Croc met and takes on Shifu's biggest challenge yet.",2008,,0,"['action', 'comedy', 'family', 'animation']",US,['US'],1,tt6963796,7.2,55,,
tm75022,Zach Galifianakis: Live at the Purple Onion,MOVIE,"From an inauspicious beginning performing comedy routines in the back of a burger joint in New York, unorthodox stand-up star Zach Galifianakis has made a splash on the scene with his inimitable brand of humor. In this live show filmed at San Francisco's Purple Onion nightclub, the versatile funnyman serves up a healthy dose of his signature wit.",2007,,61,['comedy'],US,['US'],,,,,6.223,7
tm22989,Jim Gaffigan: Beyond the Pale,MOVIE,"The affable, towheaded comic demonstrates his hysterical brand of self-effacing comedy and deadpan delivery at two sold-out shows at Chicago's Vic Theater. It's OK to laugh at this pale white guy...'cause nobody's laughing at Jim Gaffigan harder than Jim Gaffigan!",2006,,72,"['comedy', 'documentation']",US,['US'],,tt0815456,7.9,3940,4.223,7.1
ts98252,Dreamworks Happy Holidays from Madagascar,SHOW,Madagascar goes wild with holiday spirit in this set of Valentine's Day and Christmas-themed tales featuring everyone's favorite animal characters.,2005,TV-PG,0,"['animation', 'comedy', 'family']",US,['US'],1,tt6929194,6.5,96,3.42,
ts20358,Half & Half,SHOW,"Half & Half is an American sitcom that aired on UPN from September 23, 2002, to May 15, 2006. The show focuses on the lives of two paternal half-sisters in their twenties who were estranged throughout their childhood, and are finally developing a close relationship. The series is set in San Francisco.

It was the second-most-watched show on UPN's Monday night line-up and fourth overall on the network. The show was on The CW's first draft line-up in March 2006, but due to several circumstances—including The CW's contractual obligation to pick up Reba, the uncancelling of All of Us, and the pick-up of the Girlfriends spin-off The Game—Half & Half was left off the final Fall 2006 schedule and ended production. The series has aired in reruns on Global TV in Canada, Trouble in the UK and in local syndication in the United States. It also airs in the United States on TV One.",2002,TV-14,21,['comedy'],US,['US'],4,tt0320024,7,1827,5.019,8.1
tm31564,Linewatch,MOVIE,"Academy Award Winner Cuba Gooding, Jr. is a Border Patrol Officer in the New Mexico desert with a secret past that is about to catch up with him. When his old gang leader tracks him down and forces him to smuggle drugs across the border, he must choose between the life he swore to leave behind and saving his family at any cost.",2008,R,90,"['thriller', 'crime', 'drama']",US,['US'],,tt1047832,5.4,2862,5.456,5.2
tm95238,The Boy Who Cried Werewolf,MOVIE,"A Californian family inherits a castle in Romania. This is especially exciting to the son, who is obsessed with monsters. And he is not disappointed.",2010,G,97,"['fantasy', 'horror', 'comedy', 'family']",US,"['US', 'CA']",,tt1451423,5.9,3264,12.362,6.5
tm54147,Dostana,MOVIE,Two straight guys who pretend to be a gay couple to secure a posh Miami apartment fall for their gorgeous roommate. Hilarity ensures as Kunal and Sameer strive to convince everyone they are gay while secretly trying to win Neha's heart.,2008,PG-13,145,"['drama', 'comedy', 'romance']",US,"['US', 'IN']",,tt1185420,6.5,14944,6.172,6.2
tm99776,Whitney Cummings: Money Shot,MOVIE,"Taped at Washington D.C.’s Sidney Harmon Hall, “Whitney Cummings: Money Shot” features Cummings commenting on male strippers, fake boobs and getting spanked in the bedroom, among other things, in this hilarious performance. It’s not every day a funny lady reveals the best way to punish a boyfriend, what it’s really like to date a vampire, the similarities between The Food Network and porn and the “emotional ninja” tactics all women have at their disposal!",2010,,48,"['comedy', 'documentation']",US,['US'],,tt1659261,6.2,907,2,5.9
tm59880,Mike Birbiglia: What I Should Have Said Was Nothing,MOVIE,"Mike says, ""A few years ago my therapist suggested I keep a journal of all the crazy things that were going on in my life, so that I could keep things in perspective. Around the same time audiences were demanding more material, and I realized that other people might enjoy these stories-so I started sending them out to my mailing list. Now, my Secret Public Journal has become a Comedy Central special and DVD for all the world to see. Not sure this is what my therapist had in mind.""",2008,,60,['comedy'],US,['US'],,tt1188112,7.6,1789,4.893,7.5
tm82765,Swades,MOVIE,"NASA employee Mohan Bhargav comes to India to take his grandmother along with him at his home abroad. During his stay at his native place, he comes across various social issues faced by the villagers and decides to take a stand for them, to improve their quality of life.",2004,G,189,"['drama', 'european']",US,"['IN', 'US']",,tt0367110,8.1,89085,7.152,7.4
tm25842,A Lion in the House,MOVIE,Five families struggle with the ups and downs of cancer treatment over the course of six years.,2006,,225,['documentation'],US,['US'],,tt0492472,8.7,312,2.821,6.5
tm44634,Kevin James: Sweat the Small Stuff,MOVIE,"Television's ""King of Queens"" reigns again in this Comedy Central special -- the network's first-ever hour-long show devoted entirely to one comic, taped live in July 2001 at New York City's Hudson Theatre. James riffs on life's many ""royal"" pains, including waiting in line with strangers, negotiating with the airport ticket counter clerk, underwear wedgies, boringly slow answering machine messages and more.",2001,,42,"['comedy', 'documentation']",US,['US'],,tt0305727,7.4,1083,3.702,7.4
tm139349,Jim Gaffigan: King Baby,MOVIE,"The greatly anticipated follow up to the platinum selling Beyond the Pale. In this Austin performance that capped off the 2008 sold-out stand up tour, Gaffigan does not let the audience catch their breath. This all-new show proves no other comedian working today can romanticize laziness and over-indulgence like Jim Gaffigan.",2009,,72,"['comedy', 'documentation']",US,['US'],,tt1390471,7.7,2548,6.123,7
tm175687,Sir! No Sir!,MOVIE,"Sir! No Sir! is a documentary film about the anti-war movement within the ranks of the United States Military during the Vietnam War. It consists in part of interviews with Vietnam veterans explaining the reasons they protested the war or even defected. The film tells the story of how, from the very start of the war, there was resentment within the ranks over the difference between the conflict in Vietnam and the ""good wars"" that their fathers had fought. Over time, it became apparent that so many were opposed to the war that they could speak of a movement.",2005,,85,"['war', 'documentation']",US,['US'],,tt0469589,7.6,778,1.911,7
ts98353,DreamWorks Spooky Stories,SHOW,A collection of animated tales includes shrek's thrilling tales and scared shrekless.,2009,TV-PG,26,['animation'],US,['US'],1,tt6958564,6.2,19,0.651,
tm38454,Jeff Dunham's Very Special Christmas Special,MOVIE,The multi-platinum selling comedian performs his first holiday-themed stand-up special with his friends.,2008,PG-13,85,"['comedy', 'documentation']",US,['US'],,tt1295909,7.4,3028,4.188,7
ts137477,Behind Enemy Lines,SHOW,Documentary about the creation of the Commando's and their exploits in all areas of conflict,2001,TV-14,49,['drama'],US,['US'],1,tt5170230,7.2,42,,
tm147686,Kevin Hart: I'm a Grown Little Man,MOVIE,"Fresh off the heels of appearing in movies like Superhero Movie and The 40 Year-Old Virgin, fast-talking comedian Kevin Hart stars in this live stand-up performance where he makes fun of everything and everybody - especially himself.",2009,R,72,"['comedy', 'documentation']",US,['US'],,tt1420554,7.5,4333,7.107,7.3
tm352863,Splatter,MOVIE,"After self-righteous rockstar Johnny Splatter puts a bullet in his own head, only five people are chosen to attend the reading of his will: the manager, the shrink, the guitarist, the lover, and the groupie. Will they get what they came for, or what Splatter thinks they deserve?",2009,,29,['horror'],US,['US'],,tt6999072,,,2.047,3.4
tm84348,Doing Hard Time,MOVIE,A father's eight year old son is murdered in a gangland shooting. The father (Boris Kodjoe) gets himself thrown into prison to avenge his son's death.,2004,R,95,['crime'],US,['US'],,,,,6.132,5.4
tm144835,Sergio,MOVIE,"Charismatic, charming and complex, Sérgio Vieira de Mello was the world's go-to guy, a man who could descend into the most dangerous places, charm the worst war criminals, and somehow protect the lives of the ordinary people to whom he'd devoted his life. The documentary tells the story of his most treacherous mission ever... a mission in which his own life hangs in the balance.",2009,,94,['documentation'],US,['US'],,tt1333656,7.4,880,3.644,8.1
ts29199,Monty Python's Personal Best,SHOW,A series of six outrageous one-hour specials showcasing the groundbreaking comedians.,2006,TV-PG,56,['comedy'],US,"['US', 'GB']",1,tt0795156,7.9,437,0.673,8
tm80487,Spookley the Square Pumpkin,MOVIE,"Dare to be square! In a world where ""The only good pumpkins are round pumpkins!"" SPOOKLEY THE SQUARE PUMPKIN is often teased by the other pumpkins because of his odd shape. Soon, Spookley is befriended by Edgar, Allan and Poe, three hilarious spiders, who convince Spookley that square or not, he has a right to be the ""Pick of the Patch"" on Halloween. ""A square pumpkin the Pick of the Patch?"" Not if mean round pumpkins Big Tom and Little Tom can help it. These two bullies tease and taunt Spookley because of his square roots. Encouraged to continue to become the ""Pick of the Patch"" by kindly Jack the Scarecrow and his bat sidekicks, Boris and Bella, Spookley isn't sure he has what it takes until a mighty storm threatens to destroy the entire patch. As the storm rolls the round pumpkins uncontrollably across the patch towards the raging river, Spookley realizes ""it's fine to be round while the weather is fair, but there are times it's better to be a square!""",2004,G,47,"['family', 'animation']",US,['US'],,,,,3.355,4.6
tm241875,Frank & Cindy,MOVIE,"Frank & Cindy is a deeply personal documentary about Frank Garcia, an '80s one-hit wonder musician, and his blonde bombshell wife Cindy, who makes him live in the basement.",2007,,73,"['documentation', 'music', 'drama']",US,['US'],,tt0986354,7,344,0.86,7
tm85563,Ezra,MOVIE,"Ezra, jeune ex-soldat Sierra-Léonais, essaie tant bien que mal de retrouver des repères pour revenir à une vie normale après la guerre civile qui a ravagé son pays. Son quotidien est partagé entre un centre de réhabilitation psychologique et un tribunal de réconciliation nationale organisé sous l'égide de l'ONU. Durant le procès en réhabilitation auquel Ezra participe, il doit affronter sa soeur qui l'accuse du meurtre de leurs parents. Ezra, qui a traversé cette violente guerre civile complètement drogué et alcoolisé, ne se souvient de rien. Ezra reconnaîtra-t-il l'horreur et par ce fait, permettra-t-il à sa soeur et à sa communauté villageoise d'accéder au pardon ?",2007,,105,"['drama', 'european']",US,"['NG', 'GB', 'US', 'AT', 'FR', 'DE']",,tt0923688,6.4,274,3.384,5.7
tm456581,Anchor Baby,MOVIE,Anchor Baby is a tale of an illegal immigrant couple from Nigeria on a quest to create a better life for their unborn child. Their dream is to have their baby in the United States in order for the baby to become a US citizen.,2010,,95,"['documentation', 'drama', 'thriller']",US,['US'],,tt3296300,6.3,79,0.84,6
tm352243,Interview with a Serial Killer,MOVIE,"In this jailhouse interview, Arthur Shawcross, the Genesee River Killer, shares candid details of his crimes and his surprising family bonds.",2008,PG-13,44,"['documentation', 'crime']",US,['US'],,tt6978288,5.9,595,1.543,5.1
ts19384,A Lion in the House,SHOW,Five families struggle with the ups and downs of cancer treatment over the course of six years.,2006,TV-14,225,['documentation'],US,['US'],1,,,,1.271,7.5
ts13411,Cocaine,SHOW,"A three-part documentary series investigating the cocaine trafficking, distribution, usage and state control.",2005,TV-14,44,"['documentation', 'european']",US,['US'],1,tt0907286,7.1,60,0.84,7
tm91176,Ijé: The Journey,MOVIE,Anya's dream turned into a nightmare when she was accused of killing 3 men. For her to regain her freedom she had to share her secret with world. With help of her sister Chioma and an inexperienced attorney Ijé tells the story in a riveting way with an unexpected climatic ending. It's a story that conveys the fusion of the African culture with the American culture in a court room like no other.,2010,,106,['drama'],US,"['NG', 'US']",,tt1578582,7,108,1.035,
ts188031,Pink Zone,SHOW,"Is the story of four friends: Natalia, Angélica, Vicky and Sara. The four of them live together and try to live together despite having their differences. They all support Natalia's dream. Natalia is a 25-year-old young woman, recently graduated from her cooking studies, who dreams of setting up her own restaurant, and wants her friends to be her partners and that her best friend Andrés also be the administrator. However, despite her dreams, Natalia has had very bad luck in her relationships. Her last boyfriend Federico was cheating on her and leaves her to marry another woman. However, she does not suspect that her best friend Andrés is secretly in love with her and tries to win her over and change her perception of men.",2007,,15,"['drama', 'romance', 'comedy']",US,['US'],1,tt11194518,6.1,47,0.899,10
tm639940,Tango with Me,MOVIE,"""Tango With Me"" is a contemporary story about forgiveness about some of our core values as a people and our faith.",2010,,104,"['drama', 'family', 'romance']",US,['US'],,tt1686795,6.3,46,0.6,
tm404676,To and from New York,MOVIE,"While covering a story in New York City, a Seattle-based reporter uncovers a link between two missing women that changes her lead entirely. Now, with her editor breathing down her neck, she works with her friend and a local art dealer to turn in the headline of her career, a task that takes them precariously close to danger.",2006,,82,[],US,['US'],,,,,1.889,5.8
tm252951,Brother's Shadow,MOVIE,"Jake Groden is the black sheep of his family. Ankle deep in fish guts, he serves out his parole in Alaska. Then, after a decade of self-imposed exile, he is forced to return to his Brooklyn family. He soon discovers that his perfect brother, Michael is dead, and he begins trying to take what Michael had- a beautiful wife, adoring son, control of the family furniture business and the love of their gruff father. For Jake, the price of a new life is his identity.",2006,,91,['drama'],US,['US'],,tt0468458,6.1,147,1.698,7
tm170758,Hop,MOVIE,"E.B., the Easter Bunny's teenage son, heads to Hollywood, determined to become a drummer in a rock 'n' roll band. In L.A., he's taken in by Fred after the out-of-work slacker hits E.B. with his car.",2011,PG,95,"['comedy', 'fantasy', 'animation', 'family']",US,['US'],,tt1411704,5.4,33734,12.008,5.7
tm166064,"Crazy, Stupid, Love.",MOVIE,"Cal Weaver is living the American dream. He has a good job, a beautiful house, great children and a beautiful wife, named Emily. Cal's seemingly perfect life unravels, however, when he learns that Emily has been unfaithful and wants a divorce. Over 40 and suddenly single, Cal is adrift in the fickle world of dating. Enter, Jacob Palmer, a self-styled player who takes Cal under his wing and teaches him how to be a hit with the ladies.",2011,PG-13,118,"['romance', 'comedy', 'drama']",US,['US'],,tt1570728,7.4,507878,30.363,7.3
ts20564,New Girl,SHOW,"Jessica Day is an offbeat and adorable girl in her late 20s who, after a bad breakup, moves in with three single guys. Goofy, positive, vulnerable and honest to a fault, Jess has faith in people, even when she shouldn't. Although she's dorky and awkward, she's comfortable in her own skin. More prone to friendships with women, she's not used to hanging with the boys—especially at home.",2011,TV-14,21,"['comedy', 'romance']",US,['US'],7,tt1826940,7.7,216209,65.381,7.3
tm170442,Margin Call,MOVIE,A thriller that revolves around the key people at an investment bank over a 24-hour period during the early stages of the financial crisis.,2011,R,107,"['thriller', 'drama']",US,['US'],,tt1615147,7.1,125883,17.311,6.8
tm41792,Django Unchained,MOVIE,"With the help of a German bounty hunter, a freed slave sets out to rescue his wife from a brutal Mississippi plantation owner.",2012,R,165,"['western', 'drama']",US,['US'],,tt1853728,8.4,1472668,56.588,8.1
ts21580,Longmire,SHOW,A Wyoming sheriff rebuilds his life and career following the death of his wife. Based on the “Walt Longmire” series of mystery novels written by best-selling author Craig Johnson.,2012,TV-14,53,"['western', 'action', 'crime', 'drama']",US,['US'],6,tt1836037,8.3,34362,32.776,7.8
tm50018,Looper,MOVIE,"In the futuristic action thriller Looper, time travel will be invented but it will be illegal and only available on the black market. When the mob wants to get rid of someone, they will send their target 30 years into the past where a looper, a hired gun, like Joe is waiting to mop up. Joe is getting rich and life is good until the day the mob decides to close the loop, sending back Joe's future self for assassination.",2012,R,119,"['thriller', 'scifi', 'drama', 'crime', 'action']",US,['US'],,tt1276104,7.4,566791,48.347,6.9
ts20660,Shameless,SHOW,"Chicagoan Frank Gallagher is the proud single dad of six smart, industrious, independent kids, who without him would be... perhaps better off. When Frank's not at the bar spending what little money they have, he's passed out on the floor. But the kids have found ways to grow up in spite of him. They may not be like any family you know, but they make no apologies for being exactly who they are.",2011,TV-MA,54,"['drama', 'comedy']",US,['US'],11,tt1586680,8.6,230243,175.426,8.1
ts21806,Happy Endings,SHOW,"A fresh and funny take on modern friendship and what one urban family will do to stay friends after the perfect couple who brought them all together break up on their wedding day. The failed wedding forces them all to question their life choices. Then there are Alex and Dave themselves, who strike a truce and must learn to live with the changes their breakup has brought.",2011,TV-14,21,"['comedy', 'romance']",US,['US'],3,tt2311579,7.8,37778,19.134,7.1
tm60292,Argo,MOVIE,"As the Iranian revolution reaches a boiling point, a CIA 'exfiltration' specialist concocts a risky plan to free six Americans who have found shelter at the home of the Canadian ambassador.",2012,R,120,"['drama', 'thriller']",US,"['US', 'GB']",,tt1024648,7.7,600392,17.419,7.3
tm164877,Midnight in Paris,MOVIE,A romantic comedy about a family traveling to the French capital for business. The party includes a young engaged couple forced to confront the illusion that a life different from their own is better.,2011,PG-13,94,"['fantasy', 'romance', 'comedy']",US,"['US', 'ES']",,tt1605783,7.7,413541,26.775,7.5
ts21599,Ink Master,SHOW,"Hosted by rock legend Dave Navarro and judged by icons of the tattoo world, Chris Núñez and Oliver Peck, a group of the country's most creative and skilled tattoo artists compete for a hundred thousand dollars and the title of Ink Master. The stakes couldn't be higher with ""living canvasses"" donating their skin to be permanently marked in this adrenalized competition elimination.",2012,TV-14,42,['reality'],US,['US'],13,tt1865740,7.4,3874,23.186,7.9
tm166548,Warrior,MOVIE,"The youngest son of an alcoholic former boxer returns home, where he's trained by his father for competition in a mixed martial arts tournament – a path that puts the fighter on a collision course with his estranged, older brother.",2011,PG-13,140,"['drama', 'action', 'sport']",US,['US'],,tt1291584,8.2,463276,74.092,7.8
tm32982,Les Misérables,MOVIE,"An adaptation of the successful stage musical based on Victor Hugo's classic novel set in 19th-century France, in which a paroled prisoner named Jean Valjean seeks redemption.",2012,PG-13,157,"['drama', 'romance', 'history', 'war']",US,"['GB', 'US']",,tt1707386,7.5,325132,18,7.3
ts17598,Arrow,SHOW,"Spoiled billionaire playboy Oliver Queen is missing and presumed dead when his yacht is lost at sea. He returns five years later a changed man, determined to clean up the city as a hooded vigilante armed with a bow.",2012,TV-14,42,"['action', 'crime', 'drama', 'scifi']",US,['US'],8,tt2193021,7.5,425716,125.061,6.7
tm161802,The Girl with the Dragon Tattoo,MOVIE,"This English-language adaptation of the Swedish novel by Stieg Larsson follows a disgraced journalist, Mikael Blomkvist, as he investigates the disappearance of a weary patriarch's niece from 40 years ago. He is aided by the pierced, tattooed, punk computer hacker named Lisbeth Salander. As they work together in the investigation, Blomkvist and Salander uncover immense corruption beyond anything they have ever imagined.",2011,R,158,"['crime', 'thriller', 'drama']",US,"['NO', 'SE', 'US']",,tt1568346,7.8,454917,23.091,7.4
tm158304,Contagion,MOVIE,"As an epidemic of a lethal airborne virus - that kills within days - rapidly grows, the worldwide medical community races to find a cure and control the panic that spreads faster than the virus itself.",2011,PG-13,106,"['thriller', 'scifi', 'action', 'drama']",US,"['US', 'AE']",,tt1598778,6.8,300074,26.205,6.6
tm72140,Battleship,MOVIE,"When mankind beams a radio signal into space, a reply comes from ‘Planet G’, in the form of several alien crafts that splash down in the waters off Hawaii. Lieutenant Alex Hopper is a weapons officer assigned to the USS John Paul Jones, part of an international naval coalition which becomes the world's last hope for survival as they engage the hostile alien force of unimaginable strength. While taking on the invaders, Hopper must also try to live up to the potential that his brother, and his fiancée's father—an Admiral—expect of him.",2012,PG-13,131,"['scifi', 'thriller', 'action', 'documentation']",US,['US'],,tt1440129,5.8,246008,44.046,5.8
tm37153,Killing Them Softly,MOVIE,"Jackie Cogan is an enforcer hired to restore order after three dumb guys rob a Mob protected card game, causing the local criminal economy to collapse.",2012,R,104,"['crime', 'thriller', 'drama']",US,['US'],,tt1767297,6.2,141289,15.681,6
tm160433,Just Go with It,MOVIE,"A plastic surgeon, romancing a much younger schoolteacher, enlists his loyal assistant to pretend to be his soon to be ex-wife, in order to cover up a careless lie. When more lies backfire, the assistant's kids become involved, and everyone heads off for a weekend in Hawaii that will change all their lives.",2011,PG-13,117,"['romance', 'comedy']",US,['US'],,tt1564367,6.4,239367,89.01,6.6
tm39896,Dark Shadows,MOVIE,Vampire Barnabas Collins is inadvertently freed from his tomb and emerges into the very changed world of 1972. He returns to Collinwood Manor to find that his once-grand estate and family have fallen into ruin.,2012,PG-13,113,"['comedy', 'fantasy', 'horror']",US,['US'],,tt1077368,6.2,262998,53.366,6
tm178201,Sherlock Holmes: A Game of Shadows,MOVIE,"There is a new criminal mastermind at large (Professor Moriarty) and not only is he Holmes’ intellectual equal, but his capacity for evil and lack of conscience may give him an advantage over the  detective.",2011,PG-13,129,"['crime', 'thriller', 'action']",US,"['US', 'GB']",,tt1515091,7.4,446531,47.884,7.1
tm59428,Silver Linings Playbook,MOVIE,"After spending eight months in a mental institution, a former teacher moves back in with his parents and tries to reconcile with his ex-wife.",2012,R,122,"['drama', 'romance', 'comedy']",US,['US'],,tt1045658,7.7,697481,26.254,7.1
ts20457,The Legend of Korra,SHOW,"Avatar Korra, a headstrong, rebellious, feisty young woman who continually challenges and breaks with tradition, is on her quest to become a fully realized Avatar. In this story, the Avatar struggles to find balance within herself.",2012,TV-Y7,23,"['action', 'scifi', 'comedy', 'drama', 'family', 'fantasy', 'animation']",US,['US'],4,tt1695360,8.4,117464,63.789,8.3
tm176356,Sucker Punch,MOVIE,"A young girl is institutionalized by her abusive stepfather. Retreating to an alternative reality as a coping strategy, she envisions a plan which will help her escape from the mental facility.",2011,PG-13,110,"['fantasy', 'thriller', 'action']",US,"['US', 'CA']",,tt0978764,6,241111,73.193,6.1
tm176507,Jackass 3.5,MOVIE,"Johnny Knoxville of 'Jackass' releases unused material of stunts, tricks, antics and shenanigans shot during the production of 'Jackass 3D' that didn't make it into the film, as well as the hilarious outtakes.",2011,,85,"['action', 'comedy', 'documentation']",US,['US'],,,,,21.659,6.3
ts6506,The Borgias,SHOW,"Set in 15th century Italy at the height of the Renaissance, The Borgias chronicles the corrupt rise of patriarch Rodrigo Borgia to the papacy, where he proceeds to commit every sin in the book to amass and retain power, influence and enormous wealth for himself and his family.",2011,TV-MA,51,"['drama', 'history', 'romance', 'crime']",US,"['CA', 'HU', 'US']",3,tt1582457,7.9,50556,23.185,7.6
ts20458,Ninjago: Masters of Spinjitzu,SHOW,"When the fate of their world, Ninjago, is challenged by great threats, it's up to the ninja: Kai, Jay, Cole, Zane, Lloyd and Nya to save the world.",2012,TV-Y7,17,"['scifi', 'comedy', 'family', 'fantasy', 'animation', 'action', 'european']",US,"['DK', 'US']",15,tt1871731,7.2,4519,60.536,7.8
tm74848,Total Recall,MOVIE,"Welcome to Rekall, the company that can turn your dreams into real memories. For a factory worker named Douglas Quaid, even though he's got a beautiful wife who he loves, the mind-trip sounds like the perfect vacation from his frustrating life - real memories of life as a super-spy might be just what he needs. But when the procedure goes horribly wrong, Quaid becomes a hunted man. Finding himself on the run from the police - controlled by Chancellor Cohaagen, the leader of the free world - Quaid teams up with a rebel fighter to find the head of the underground resistance and stop Cohaagen. The line between fantasy and reality gets blurred and the fate of his world hangs in the balance as Quaid discovers his true identity, his true love, and his true fate.",2012,PG-13,120,"['thriller', 'scifi', 'crime', 'action']",US,"['CA', 'US']",,tt1386703,6.2,252051,76.648,6
tm68272,Project X,MOVIE,"Three high school seniors throw a party to make a name for themselves. As the night progresses, things spiral out of control as word of the party spreads.",2012,R,88,['comedy'],US,['US'],,tt1636826,6.6,204959,168.423,6.8
tm160132,Soul Surfer,MOVIE,"The true story of teen surfer Bethany Hamilton, who lost her arm in a shark attack and courageously overcame all odds to become a champion again, through her sheer determination and unwavering faith.",2011,PG,112,"['drama', 'family', 'sport']",US,['US'],,tt1596346,7,49101,44.641,7.1
ts27468,Transformers: Rescue Bots,SHOW,A team of specialized Autobots not quite ready for prime-time battles against the Decepticons is given a vital mission by Optimus Prime. The goal for the Bots is to learn about mankind and how to help others to find out what it really means to be a hero.,2012,TV-Y7,22,"['action', 'scifi', 'comedy', 'family', 'animation']",US,['US'],4,tt2139371,6.4,915,18.838,8.3
tm172716,Final Destination 5,MOVIE,"In this fifth installment, Death is just as omnipresent as ever, and is unleashed after one man’s premonition saves a group of coworkers from a terrifying suspension bridge collapse. But this group of unsuspecting souls was never supposed to survive, and, in a terrifying race against time, the ill-fated group frantically tries to discover a way to escape Death’s sinister agenda.",2011,R,92,"['horror', 'thriller', 'action', 'fantasy', 'documentation', 'european']",US,['US'],,tt1622979,5.9,114505,63.749,6
tm278681,Puss in Boots,MOVIE,"Long before he even met Shrek, the notorious fighter, lover and outlaw Puss in Boots becomes a hero when he sets off on an adventure with the tough and street smart Kitty Softpaws and the mastermind Humpty Dumpty to save his town. This is the true story of The Cat, The Myth, The Legend... The Boots.",2011,PG,79,"['comedy', 'animation', 'family', 'fantasy', 'action']",US,['US'],,tt0448694,6.6,156144,41.19,6.4
tm40319,Savages,MOVIE,Pot growers Ben and Chon face off against the Mexican drug cartel who kidnapped their shared girlfriend.,2012,R,131,"['thriller', 'action', 'crime', 'drama']",US,['US'],,tt1615065,6.4,129199,16.038,6.4
ts20556,Teen Mom 2,SHOW,"Jenelle, Chelsea, Kailyn, and Leah are four young women navigating complicated lives. It's not always easy being a young mom.",2011,TV-14,41,"['reality', 'romance', 'documentation', 'comedy']",US,['US'],11,tt1821220,4.5,28,24.248,6.6
tm173624,Hall Pass,MOVIE,"When best buds Rick and Fred begin to show signs of restlessness at home, their wives take a bold approach to revitalize their marriages, they grant the guys a 'hall pass'—one week of freedom to do whatever they want. At first, it seems like a dream come true, but they quickly discover that their expectations of the single life—and themselves—are completely and hilariously out of sync with reality.",2011,R,105,"['romance', 'comedy']",US,['US'],,tt0480687,5.9,125098,27.533,5.6
ts9794,Comedians in Cars Getting Coffee,SHOW,"Jerry takes his comedy pals out for coffee in a selection of his classic automobiles. Larry David sums it up best when he says, 'You've finally made a show about nothing.'",2012,TV-14,20,"['comedy', 'family', 'animation']",US,['US'],11,tt2314952,8,12363,26.158,7.1
tm178395,Hostel: Part III,MOVIE,"Set in Las Vegas, the film centers on a man who attends his best friend's bachelor party, unaware of an insidious agenda that plays into hunting humans.",2011,R,88,['horror'],US,['US'],,,,,31.292,5.1
tm173195,The Rite,MOVIE,"Seminary student Michael Kovak reluctantly attends exorcism school at the Vatican. While he’s in Rome, Michael meets an unorthodox priest who introduces him to the darker side of his faith, uncovering the devil’s reach even to one of the holiest places on Earth.",2011,PG-13,114,"['drama', 'thriller', 'horror']",US,"['US', 'HU', 'IT']",,tt1161864,6,96915,24.872,6.1
ts19779,Barbie: Life in the Dreamhouse,SHOW,"The series is set as a reality TV-esque show following Barbie, her sisters and her friends in the day-to-day activities that take place in the Dreamhouse and surrounding areas. Much of the humor in the show derives from parodying and lampooning both the traditional reality TV format and the Barbie franchise itself.",2012,TV-Y,6,"['animation', 'comedy', 'family']",US,['US'],7,tt2644032,7.3,1806,18.766,7.4
tm175346,Mean Girls 2,MOVIE,"After a clique of girls makes life difficult, a new student forms a rival group to take control of the school's corridors.",2011,PG-13,96,['comedy'],US,['US'],,tt1679235,4.1,23287,39.834,5.3
tm160371,A Very Harold & Kumar Christmas,MOVIE,"Six years have elapsed since Guantanamo Bay, leaving Harold and Kumar estranged from one another with very different families, friends and lives. But when Kumar arrives on Harold's doorstep during the holiday season with a mysterious package in hand, he inadvertently burns down Harold's father-in-law's beloved Christmas tree. To fix the problem, Harold and Kumar embark on a mission through New York City to find the perfect Christmas tree, once again stumbling into trouble at every single turn.",2011,R,108,"['comedy', 'fantasy', 'romance']",US,['US'],,tt1268799,6.2,69241,16.887,6
tm174256,Red Riding Hood,MOVIE,"Valerie is in love with a brooding outsider, Peter, but her parents have arranged for her to marry another man – who is wealthy. Unwilling to lose each other, Valerie and Peter plan to run away together when they learn that Valerie's older sister has been killed by a werewolf that prowls the dark forest surrounding their village. Hungry for revenge, the people call on famed werewolf hunter, Father Solomon, to help them kill the wolf. But Solomon's arrival brings unintended consequences as he warns that the wolf, who takes human form by day, could be any one of them.",2011,PG-13,100,"['fantasy', 'thriller', 'horror', 'drama', 'romance']",US,"['CA', 'US']",,tt1486185,5.4,111483,23.463,6
ts34740,My Babysitter's a Vampire,SHOW,"Ethan, Benny and fledgling vampire Sarah battle zombies, demons and the other supernatural beasties that regularly threaten their school.",2011,TV-PG,22,"['scifi', 'fantasy', 'horror', 'action', 'comedy']",US,"['US', 'CA']",2,tt1727434,6.9,4367,19.118,8.3
tm165995,New Year's Eve,MOVIE,The lives of several couples and singles in New York intertwine over the course of New Year's Eve.,2011,PG-13,113,"['comedy', 'romance', 'documentation']",US,['US'],,tt1598822,5.6,85658,24.531,5.9
tm168921,The Smurfs,MOVIE,"When the evil wizard Gargamel chases the tiny blue Smurfs out of their village, they tumble from their magical world and into ours -- in fact, smack dab in the middle of Central Park. Just three apples high and stuck in the Big Apple, the Smurfs must find a way to get back to their village before Gargamel tracks them down.",2011,PG,103,"['fantasy', 'comedy', 'family', 'animation']",US,['US'],,tt0472181,5.4,89316,40.268,5.8
tm178323,Jack and Jill,MOVIE,"Jack Sadelstein, a successful advertising executive in Los Angeles with a beautiful wife and kids, dreads one event each year: the Thanksgiving visit of his twin sister Jill. Jill's neediness and passive-aggressiveness is maddening to Jack, turning his normally tranquil life upside down.",2011,PG,91,"['comedy', 'horror']",US,['US'],,tt0810913,3.3,83727,43.997,4.3
tm106278,Everything Must Go,MOVIE,"When an alcoholic relapses, causing him to lose his wife and his job, he holds a yard sale on his front lawn in an attempt to start over. A new neighbor might be the key to his return to form.",2011,R,97,"['comedy', 'drama']",US,['US'],,tt1531663,6.4,50431,7.287,6.1
tm72845,John Mulaney: New in Town,MOVIE,"Stand-up comedian John Mulaney tackles such red-hot topics as quicksand, Motown singers and an elderly man he once met in a bathroom.",2012,,58,"['comedy', 'documentation']",US,['US'],,tt2246779,8.2,6608,5.184,8.1
tm174683,Arthur Christmas,MOVIE,"Each Christmas, Santa and his vast army of highly trained elves produce gifts and distribute them around the world in one night. However, when one of 600 million children to receive a gift from Santa on Christmas Eve is missed, it is deemed ‘acceptable’ to all but one—Arthur. Arthur Claus is Santa’s misfit son who executes an unauthorised rookie mission to get the last present half way around the globe before dawn on Christmas morning.",2011,PG,97,"['drama', 'animation', 'family', 'comedy', 'fantasy']",US,"['GB', 'US']",,tt1430607,7.1,58296,15.795,6.7
ts27835,MeatEater,SHOW,"Hunter, author, cook and conservationist Steven Rinella treks into the world's most remote, beautiful regions, bringing game meat from field to table.",2012,TV-14,22,['documentation'],US,['US'],10,tt2169245,7.5,1462,7.08,9
tm39313,A Perfect Ending,MOVIE,"This intimate drama follows Rebecca, a woman who has kept her sexuality a secret from her friends but chooses to reveal it to a stranger. While Rebecca's revelations may not yield the results she expects, a perfect ending is still in reach.",2012,,110,"['drama', 'romance']",US,['US'],,tt1823059,5.7,4308,14.915,6.3
ts55532,LEGO Friends,SHOW,Five Best Friends Go on Many Fun Lego adventures.,2012,TV-Y,16,"['animation', 'european']",US,['US'],5,tt9148446,7.6,16,4.054,5
tm28171,Bill Burr: You People Are All The Same,MOVIE,"Taking the stage in Washington, D.C., funnyman Bill Burr brings his stinging brand of humor to the spotlight, uncorking a profanity-laced, incisive routine that pokes fun at plastic surgery, reality TV, gold diggers and more.",2012,R,68,['comedy'],US,['US'],,tt2290153,8.2,7370,7.25,7.5
tm161904,Bully,MOVIE,"This year, over 5 million American kids will be bullied at school, online, on the bus, at home, through their cell phones and on the streets of their towns, making it the most common form of violence young people in this country experience. The Bully Project is the first feature documentary film to show how we've all been affected by bullying, whether we've been victims, perpetrators or stood silent witness. The world we inhabit as adults begins on the playground. The Bully Project opens on the first day of school. For the more than 5 million kids who'll be bullied this year in the United States, it's a day filled with more anxiety and foreboding than excitement. As the sun rises and school busses across the country overflow with backpacks, brass instruments and the rambunctious sounds of raging hormones, this is a ride into the unknown.",2011,PG-13,92,"['drama', 'documentation']",US,['US'],,tt1682181,7.4,10266,8.112,7.2
tm56296,The History of Future Folk,MOVIE,"An alien intending to claim Earth for his people before their homeworld is destroyed by a comet decides not to eliminate humanity when he hears their music. Instead, he lives among them until another alien is sent to find and kill him.",2012,,86,"['comedy', 'music', 'scifi']",US,['US'],,tt2245195,7.1,3398,4.882,6.8
tm171292,Cloudburst,MOVIE,"When Dot's granddaughter puts her into a nursing home, Stella stages a breakout, and takes Dot to Canada so they can get married. They pick up a hitchhiker along the way.",2011,,93,"['romance', 'drama', 'comedy']",US,"['US', 'CA']",,tt1466054,7.2,2281,6.12,6.4
tm183039,Donald Glover: Weirdo,MOVIE,"Fearlessly funny stand-up comic and sitcom star Donald Glover puts on a live show in New York, confessing his love for Cocoa Puffs and Toys ""R"" Us.",2012,,65,"['comedy', 'documentation']",US,['US'],,tt2345525,7.4,3511,5.327,6.8
tm160361,A Princess for Christmas,MOVIE,"After her sister and brother-in-law's tragic death, an American woman who is the guardian for her young niece and nephew is invited to a royal European castle for Christmas by her late brother-in-law's father, the Duke of Castlebury. Feeling out of place as a commoner, she is determined to give her family a merry Christmas and surprises herself when she falls for a handsome prince.",2011,PG,89,"['comedy', 'family', 'romance', 'drama']",US,['US'],,tt1083448,6.3,8222,24.928,7.1
tm34331,Middle of Nowhere,MOVIE,"When her husband is sentenced to eight years in prison, Ruby drops out of medical school in order to focus on her husband's well-being while he's incarcerated - leading her on a journey of self-discovery in the process.",2012,R,101,['drama'],US,['US'],,tt1211890,6.5,1818,3.689,6.7
tm238681,Kung Fu Panda: Secrets of the Scroll,MOVIE,"As Po looks for his lost action figures, the story of how the panda inadvertently helped create the Furious Five is told.",2012,G,23,['comedy'],US,['US'],,,,,15.915,6.8
tm72251,What About Dick?,MOVIE,"What About Dick? begins with the birth of a sex toy invented in Shagistan in 1898 by Deepak Rushdie Obi Ben Kingsley (Eddie Izzard), and tells the story of the subsequent decline of the British Empire as seen through the eyes of a Piano. The Piano (Eric Idle) narrates the tale of Dick (Russell Brand); his two cousins: Emma, (Jane Leeves) an emotionally retarded English girl; her kleptomaniac sister Helena (Sophie Winkleman) and their dipsomaniac Aunt Maggie (Tracey Ullman) who all live together in a large, rambling, Edwardian novel.  When the Reverend Whoopsie (Tim Curry) discovers a piano on a beach, a plot is set afoot that can be solved only by a private Dick, the incomprehensible Scottish sleuth Inspector McGuffin (Billy Connolly) who with the aid of Sergeant Ken Russell (Jim Piddock) finally reveals the identity of the Houndsditch Mutilator.",2012,G,80,['comedy'],US,"['US', 'GB']",,,,,5.564,7.4
tm183547,Escape from Planet Earth,MOVIE,Astronaut Scorch Supernova finds himself caught in a trap when he responds to an SOS from a notoriously dangerous alien planet.,2012,PG,89,"['comedy', 'family', 'scifi', 'animation']",US,"['CA', 'US']",,tt0765446,5.8,25639,20.273,5.7
tm53034,Sebastian Maniscalco: What's Wrong with People?,MOVIE,"""What's Wrong with People?"" asks Sebastian Maniscalco, as he hilariously tries to bridge the Italian-American Old World he grew up in with the contemporary frenetic world we all live in today.",2012,,75,['comedy'],US,['US'],,tt2215489,8,1194,3.129,7.9
tm174190,Undefeated,MOVIE,"Set against the backdrop of a high school football season, Dan Lindsay and T.J. Martin’s documentary UNDEFEATED is an intimate chronicle of three underprivileged student-athletes from inner-city Memphis and the volunteer coach trying to help them beat the odds on and off the field.  For players and coaches alike, the season will be not only about winning games — it will be about how they grapple with the unforeseeable events that are part of football and part of life.",2011,PG-13,113,"['documentation', 'sport']",US,['US'],,tt1860355,7.7,7051,8.21,7.7
ts215037,Minecraft: Story Mode,SHOW,"MInecraft: Story Mode is an interactive, animated TV series from Netflix and Telltale Games. Viewers input decisions that affect the course of the story, using a remote control or computer keyboard.",2011,TV-PG,62,[],US,['US'],1,tt10498322,5.5,300,,
ts39093,EastSiders,SHOW,"What happens after the world ends?  This show explores the aftermath of infidelity on a gay couple in Silver Lake, CA.",2012,TV-MA,22,"['drama', 'comedy']",US,['US'],4,tt2558816,6.8,2723,12.763,7
tm52062,Mosquita y Mari,MOVIE,"After being assigned as study partners, two Chicana high schoolers find a bond that confuses them at times.",2012,,85,['drama'],US,['US'],,tt1978480,6.3,918,3.43,6.2
tm31739,Joan Rivers: Don't Start with Me,MOVIE,"Grow up, check your sensitivity at the door and feel the comedic wrath of entertainment icon Joan Rivers. In this brand new live stand-up event Joan goes to great lengths to take on everyone with her trademark wit. With her infectious energy Joan owns the stage from start to finish, leaving the audience in stitches as everything and everybody who's somebody are fair game",2012,R,68,['comedy'],US,['US'],,tt2519318,6.6,408,2.277,6
tm170395,Sniper: Reloaded,MOVIE,"Brandon Beckett (Collins), the son of the previous Sniper film's star Thomas Beckett (Tom Berenger), takes up the mantle set by his father and goes on a mission of his own.",2011,R,91,['thriller'],US,"['US', 'ZA', 'DE']",,,,,13.963,6.1
tm49451,Maria Bamford: The Special Special Special!,MOVIE,"Welcome to the special special special comedy special.  It's very good.  I love comedy. And who do I want to make laugh more than Marilyn and Joel Bamford, my parents?  So, we've cut out the middle man of 200 strangers in a tv studio and gone right to the source.  With some paid audiences, the feigned enthusiasm can be a little uncomfortable to watch, but I genuinely rock the house.  My parents only wish they could be there with you when you watch this with your parents.",2012,,50,['comedy'],US,['US'],,tt2547430,7,567,1.896,7
tm40860,Big Time Movie,MOVIE,"In Big Time Movie, the guys must tap their inner spy as their adventure finds them driving exotic cars and jumping out of helicopters, while trying to make it to their first world tour concert on time. Hot on their trail are evil henchmen named Maxwell, British secret agents and Swedish spies as well as billionaire businessman, Sir Atticus Moon who wants back his precious device code named: “The Beetle,” an anti-gravitational device with enormous power.  Once they learn they’re carrying this precious cargo, the guys get pulled into a madcap mission throughout London, which threatens the onset of their world tour.  With the help of teen spy Penny Lane, the guys set out to save Penny’s father MI6 Agent Simon Lane and stop Sir Atticus Moon’s plot to use “The Beetle” to gain world domination (Nickpress).",2012,G,65,"['comedy', 'family', 'music']",US,['US'],,tt2163203,6.1,1936,11.432,7.6
ts19165,The American Bible Challenge,SHOW,"The American Bible Challenge is a Biblical-themed game show series created by Game Show Network. The series is hosted by American stand-up comedian and television personality Jeff Foxworthy.

The program's second season premiered on March 21, 2013, with Grammy Award-winner Kirk Franklin joining Foxworthy as co-host and announcer.",2012,TV-G,43,['family'],US,['US'],3,tt2246424,6.4,125,0.922,7
ts58528,Inside West Coast Customs,SHOW,"Inside the world famous ""west coast customs"" Ryan Friedlinghaus presents some of the dopest transformations on some of the dopest vehicles, with some high end clientele, Ryan and the west coast customs team don't disappoint!",2011,TV-PG,47,['reality'],US,['US'],8,tt8358972,7.4,42,2.189,9.1
tm37175,Jeff Dunham: Minding the Monsters,MOVIE,"Stand-up comedian and ventriloquist Jeff Dunham. Enter the ultimate hunted house where Walter transforms into something grumpier than he already is! Watch Bubba J. rise from the dead! Meet Peanut's alter ego, The Purple Venger of the Night, and his spicy sidekick! and witness Achmed litterally dressed to kill in an outfit terrify the most terrifying terrorist!",2012,PG-13,80,['comedy'],US,['US'],,tt2461736,7,1401,3.463,6.2
tm181856,Jeff Dunham: Controlled Chaos,MOVIE,"Jeff Dunham is back in his fourth concert event, with all-new material. All the favorites are here: Walter, the grumpy retiree; furry and manic Peanut; Jose Jalapeño, the spicy pepper from south of the border; plus bumbling skeletal Achmed the Dead Terrorist. Dunham is also joined by two never-before-seen characters certain to unleash their own unique havoc on stage.",2011,,90,"['comedy', 'documentation']",US,['US'],,tt2058636,7.4,2272,3.707,6.3
tm53829,Blitz Patrollie,MOVIE,"Blitz Patrollie chronicles the adventures of Rummy Augustine (Joey Rasdien) and his partner, Ace Dikolobe (David Kau), police officers who have had the misfortune of being stationed in a little known depot in the belly of the Johannesburg CBD.",2012,,101,"['comedy', 'action', 'crime']",US,['US'],,tt2336284,5.4,145,1.72,
tm65765,6 Bullets,MOVIE,An ex-mercenary known for finding missing children is hired by a mixed martial arts fighter whose daughter has been kidnapped.,2012,R,115,"['thriller', 'drama', 'action', 'crime']",US,['US'],,tt1975249,6,14898,25.607,6
tm169128,An Elf's Story,MOVIE,"The inspirational tale of Chippey, the young scout elf who is assigned by Santa to restore Taylor McTuttle's belief in Christmas magic. When the boy breaks the number one Elf on the Shelf rule, Chippey loses his Christmas magic; the entire McTuttle family loses is scout elf, and both Taylor and Chippey lose their self-respect. Through the power of love and forgiveness, both of them learn the most important lesson of all: that true belief cannot be taught.",2011,,24,"['fantasy', 'animation', 'family']",US,['US'],,tt2094761,5.2,504,2.184,2.7
tm630933,Without Gorky,MOVIE,"A personal journey into a family myth. The life of my grandmother, my mother and my aunt continues to be influenced by my grandfather: the Abstract Expressionist painter Arshile Gorky whose suicide in 1948 dictates fraught family dynamics.",2011,,58,['documentation'],US,['US'],,tt1854593,6.6,97,1.095,
tm67444,Jim Gaffigan: Mr. Universe,MOVIE,"Funnyman Jim Gaffigan offers up his unique take on everything from Disney World to overweight whales in this live show from Washington, D.C.",2012,,77,['comedy'],US,['US'],,,,,3.908,6.9
tm164090,Lavell Crawford: Can a Brother Get Some Love?,MOVIE,"""Last Comic Standing"" runner-up Lavell Crawford lords over a hometown crowd at St. Louis's Orpheum Theatre, raking in the love -- and the laughs. Jokes cover the hilarity of presidential politics and the social scene in heaven.",2011,NC-17,90,"['comedy', 'documentation']",US,['US'],,tt2084872,6.9,230,2.601,6.6
tm53395,FRED 3: Camp Fred,MOVIE,"Schools out, and Fred Figglehorn's dream of water slides, horseback riding and monkey butlers during the summer turns into a nightmare of gruel and poisonous berries when his mom signs him up to an unsanitary camp.",2012,PG,81,"['comedy', 'family']",US,['US'],,tt2395219,2,2625,6.233,5.6
tm48579,Katt Williams: Kattpacalypse,MOVIE,"Katt Williams ushers in Kattpacalypse, exploding with more energy than an atomic bomb and riffing on everything from Doomsday to Obama. Katt Williams has been the best selling urban comic in the last 10 years and proved to have explosive sales across all platforms from DVD to tours.",2012,R,60,['comedy'],US,['US'],,tt2370686,5.5,635,2.392,5.6
tm161632,Tom Papa: Live in New York City,MOVIE,"From the Union Square Theater in New York City, veteran comic Tom Papa discusses a variety of topics, ranging from living with the worst roommates in the world to the difficulties of keeping up with rapidly changing technology.",2011,,57,['comedy'],US,['US'],,tt1910649,7.2,490,1.546,6.1
tm946846,Taxi Ballad,MOVIE,A taxi driver new to Beirut forms an unlikely bond with a bored American Pilates instructor who loves hearing him tell stories about his past.,2012,,93,['drama'],US,"['AE', 'US', 'LB']",,,,,0.6,
tm172504,"Darling, Something's Wrong with Your Head",MOVIE,"“Darling, Something's Wrong with Your Head＂ a story of forbidden love, is the first fiction feature set in Gaza in over 15 years. The film is a modern re-telling of the legendary tragic romance 'Majnun Layla', which was set in seventh century Arabia, when a poet named Qays fell in love with Layla. Driven by the intensity of his passion, Qays was known as 'Majnun Layla', which translates as 'madman for Layla'. In the contemporary setting, two students in the West Bank are forced to return home to Gaza, where their love defies tradition. To reach his lover, Qays graﬃti's poetry across town.",2011,,78,"['drama', 'romance', 'war', 'european']",US,"['NL', 'US', 'AE', 'PS']",,tt1670646,6.7,129,3.689,5.8
tm51412,Moshe Kasher: Live in Oakland,MOVIE,"Oakland-bred comic and best-selling author Moshe Kasher comes back to the Bay Area in this standup special. Back on his home turf, Kasher finds comedy in these uproarious stories about the people he's met -- and how they see him. Recorded live at the New Parish nightclub in January 2012.",2012,,60,['comedy'],US,['US'],,tt2229301,6.7,330,1.12,7.1
ts20837,Outlander,SHOW,"The story of Claire Randall, a married combat nurse from 1945 who is mysteriously swept back in time to 1743, where she is immediately thrown into an unknown world where her life is threatened. When she is forced to marry Jamie, a chivalrous and romantic young Scottish warrior, a passionate affair is ignited that tears Claire's heart between two vastly different men in two irreconcilable lives.",2014,TV-MA,60,"['scifi', 'drama', 'fantasy', 'romance']",US,['US'],6,tt3006802,8.4,152435,238.679,8.2
ts1639,The Blacklist,SHOW,"Raymond ""Red"" Reddington, one of the FBI's most wanted fugitives, surrenders in person at FBI Headquarters in Washington, D.C. He claims that he and the FBI have the same interests: bringing down dangerous criminals and terrorists. In the last two decades, he's made a list of criminals and terrorists that matter the most but the FBI cannot find because it does not know they exist. Reddington calls this ""The Blacklist"". Reddington will co-operate, but insists that he will speak only to Elizabeth Keen, a rookie FBI profiler.",2013,TV-14,43,"['drama', 'crime', 'thriller']",US,['US'],9,tt2741602,8,238138,279.921,7.5
ts20351,Married at First Sight,SHOW,"The cart comes way before the horse in the reality series ""Married at First Sight."" Based on a hit Danish format, ""Married..."" features people who agree to participate in an extreme experiment: Each covenants legal marriage with a complete stranger. Specialists -- including a spiritualist, a relationship coach and a sociologist -- use scientific matchmaking methods to determine each couple, who will not have met or had contact with each other until the wedding day. The series then documents the relationships, including honeymoons and other relatable events of married life. After several weeks, each couple must decide whether to remain together or go their individual ways.",2014,TV-PG,64,"['reality', 'european']",US,['US'],14,tt3868860,6.1,1975,31.913,5.6
tm140389,Paddington,MOVIE,"A young Peruvian bear travels to London in search of a new home. Finding himself lost and alone at Paddington Station, he meets the kindly Brown family.",2014,PG,96,"['comedy', 'animation', 'family', 'fantasy', 'european']",US,"['FR', 'GB', 'US']",,tt1109624,7.2,111092,34.655,7.1
ts11188,The Flash,SHOW,"After a particle accelerator causes a freak storm, CSI Investigator Barry Allen is struck by lightning and falls into a coma. Months later he awakens with the power of super speed, granting him the ability to move through Central City like an unseen guardian angel. Though initially excited by his newfound powers, Barry is shocked to discover he is not the only ""meta-human"" who was created in the wake of the accelerator explosion -- and not everyone is using their new powers for good. Barry partners with S.T.A.R. Labs and dedicates his life to protect the innocent. For now, only a few close friends and associates know that Barry is literally the fastest man alive, but it won't be long before the world learns what Barry Allen has become...The Flash.",2014,TV-14,42,"['scifi', 'drama', 'action']",US,['US'],8,tt3107288,7.6,336888,751.315,7.8
tm151663,Nightcrawler,MOVIE,"When Lou Bloom, desperate for work, muscles into the world of L.A. crime journalism, he blurs the line between observer and participant to become the star of his own story. Aiding him in his effort is Nina, a TV-news veteran.",2014,R,118,"['crime', 'thriller', 'drama']",US,['US'],,tt2872718,7.8,523686,54.186,7.7
ts20292,Gotham,SHOW,"Everyone knows the name Commissioner Gordon. He is one of the crime world's greatest foes, a man whose reputation is synonymous with law and order. But what is known of Gordon's story and his rise from rookie detective to Police Commissioner? What did it take to navigate the multiple layers of corruption that secretly ruled Gotham City, the spawning ground of the world's most iconic villains? And what circumstances created them – the larger-than-life personas who would become Catwoman, The Penguin, The Riddler, Two-Face and The Joker?",2014,TV-14,43,"['scifi', 'action', 'crime', 'drama', 'thriller']",US,['US'],5,tt3749900,7.8,226081,170.642,7.6
ts16045,Are You The One?,SHOW,"In the most ambitious dating experiment ever attempted, a group of gorgeous single women and guys are put through an extensive and scientific matchmaking process to find their Perfect Match.",2014,TV-14,41,['reality'],US,['US'],8,tt3484274,6.5,2450,15.818,5.9
tm169422,Her,MOVIE,"In the not so distant future, Theodore, a lonely writer purchases a newly developed operating system designed to meet the user's every needs. To Theodore's surprise, a romantic relationship develops between him and his operating system. This unconventional love story blends science fiction and romance in a sweet tale that explores the nature of love and the ways that technology isolates and connects us all.",2013,R,126,"['drama', 'romance', 'scifi']",US,['US'],,tt1798709,8,586679,29.436,7.9
tm169719,42,MOVIE,"The powerful story of Jackie Robinson, the legendary baseball player who broke Major League Baseball’s color barrier when he joined the roster of the Brooklyn Dodgers. The film follows the innovative Dodgers’ general manager Branch Rickey, the MLB executive who first signed Robinson to the minors and then helped to bring him up to the show.",2013,PG-13,128,"['drama', 'sport']",US,['US'],,tt0453562,7.5,93314,13.936,7.1
tm140877,The Imitation Game,MOVIE,"Based on the real life story of legendary cryptanalyst Alan Turing, the film portrays the nail-biting race against time by Turing and his brilliant team of code-breakers at Britain's top-secret Government Code and Cypher School at Bletchley Park, during the darkest days of World War II.",2014,PG-13,113,"['thriller', 'drama', 'war']",US,"['US', 'GB']",,tt2084970,8,748654,46.71,8
tm171042,The Call,MOVIE,"Jordan Turner is an experienced 911 operator but when she makes an error in judgment and a call ends badly, Jordan is rattled and unsure if she can continue. But when teenager Casey Welson is abducted in the back of a man's car and calls 911, Jordan is the one called upon to use all of her experience, insights and quick thinking to help Casey escape, and not just to save her, but to make sure the man is brought to justice.",2013,R,94,"['crime', 'thriller', 'drama', 'horror', 'european']",US,['US'],,tt1911644,6.7,120475,36.703,6.8
ts8146,The 100,SHOW,"100 years in the future, when the Earth has been abandoned due to radioactivity, the last surviving humans live on an ark orbiting the planet — but the ark won't last forever. So the repressive regime picks 100 expendable juvenile delinquents to send down to Earth to see if the planet is still habitable.",2014,TV-14,42,"['drama', 'action', 'scifi']",US,['US'],7,tt2661044,7.6,242221,224.641,7.9
tm148147,Big Eyes,MOVIE,"The story of the awakening of painter, Margaret Keane, her phenomenal success in the 1950s, and the subsequent legal difficulties she had with her husband, who claimed credit for her works in the 1960s.",2014,PG-13,106,"['drama', 'documentation', 'crime', 'romance']",US,"['CA', 'US']",,tt1126590,7.2,51,12.271,7
ts21374,How to Get Away with Murder,SHOW,"A sexy, suspense-driven legal thriller about a group of ambitious law students and their brilliant, mysterious criminal defense professor. They become entangled in a murder plot and will shake the entire university and change the course of their lives.",2014,TV-14,43,"['drama', 'thriller', 'crime']",US,['US'],6,tt3205802,8.1,146712,59.834,7.9
tm183523,Oldboy,MOVIE,An everyday man has only three and a half days and limited resources to discover why he was imprisoned in a nondescript room for 20 years without any explanation.,2013,R,104,"['thriller', 'action', 'drama']",US,['US'],,tt1321511,5.7,75015,18.58,5.9
tm176864,Rush,MOVIE,A biographical drama centered on the rivalry between Formula 1 drivers James Hunt and Niki Lauda during the 1976 Formula One motor-racing season.,2013,R,123,"['drama', 'action', 'sport', 'european']",US,"['US', 'DE', 'GB']",,tt1979320,8.1,465254,34.763,7.7
ts20248,Reign,SHOW,"Mary, Queen of Scots, faces political and sexual intrigue in the treacherous world of the French court.",2013,TV-14,42,"['drama', 'fantasy']",US,['US'],4,tt2710394,7.5,47751,48.886,8
tm134967,How to Train Your Dragon 2,MOVIE,"Five years have passed since Hiccup and Toothless united the dragons and Vikings of Berk. Now, they spend their time charting unmapped territories. During one of their adventures, the pair discover a secret cave that houses hundreds of wild dragons -- and a mysterious dragon rider who turns out to be Hiccup's mother, Valka. Hiccup and Toothless then find themselves at the center of a battle to protect Berk from a power-hungry warrior named Drago.",2014,PG,102,"['fantasy', 'comedy', 'family', 'animation', 'action']",US,['US'],,tt1646971,7.8,327565,68.926,7.7
tm143227,Begin Again,MOVIE,"Gretta, a budding songwriter, finds herself alone after her boyfriend Dave ditches her. Her life gains purpose when Dan, a record label executive, notices her talent.",2013,R,104,"['comedy', 'music', 'romance', 'drama']",US,['US'],,tt1980929,7.4,154049,17.267,7.3
tm160621,The Conjuring,MOVIE,"Paranormal investigators Ed and Lorraine Warren work to help a family terrorized by a dark presence in their farmhouse. Forced to confront a powerful entity, the Warrens find themselves caught in the most terrifying case of their lives.",2013,R,107,"['thriller', 'horror']",US,['US'],,tt1457767,7.5,491048,150.432,7.5
tm180572,Insidious: Chapter 2,MOVIE,The haunted Lambert family seeks to uncover the mysterious childhood secret that has left them dangerously connected to the spirit world.,2013,PG-13,106,"['thriller', 'horror']",US,['US'],,tt2226417,6.5,167549,52.127,6.7
ts14583,BoJack Horseman,SHOW,"Meet the most beloved sitcom horse of the 90s - 20 years later. BoJack Horseman was the star of the hit TV show ""Horsin' Around,"" but today he's washed up, living in Hollywood, complaining about everything, and wearing colorful sweaters.",2014,TV-MA,26,"['drama', 'comedy', 'animation']",US,['US'],6,tt3398228,8.8,143584,92.62,8.6
ts6,House of Cards,SHOW,"Set in present day Washington, D.C., House of Cards is the story of Frank Underwood, a ruthless and cunning politician, and his wife Claire who will stop at nothing to conquer everything. This wicked political drama penetrates the shadowy world of greed, sex and corruption in modern D.C.",2013,TV-MA,52,['drama'],US,['US'],6,tt1856010,8.7,494092,46.137,8.1
ts20108,Henry Danger,SHOW,"When 13-year-old Henry Hart lands a job as Danger, the sidekick-in-training to superhero Captain Man, he must learn to navigate a double life balancing the challenges of 8th grade with the crazy adventures of a real-life crime fighter!",2014,TV-G,24,"['scifi', 'action', 'comedy', 'family']",US,['US'],5,tt3596174,5.6,5245,121.52,8.2
tm148671,A Walk Among the Tombstones,MOVIE,Private investigator Matthew Scudder is hired by a drug kingpin to find out who kidnapped and murdered his wife.,2014,R,113,"['drama', 'thriller', 'action', 'crime']",US,['US'],,tt0365907,6.5,120389,73.108,6.3
tm182429,Olympus Has Fallen,MOVIE,"When the White House (Secret Service Code: ""Olympus"") is captured by a terrorist mastermind and the President is kidnapped, disgraced former Presidential guard Mike Banning finds himself trapped within the building. As the national security team scrambles to respond, they are forced to rely on Banning's inside knowledge to help retake the White House, save the President and avert an even bigger disaster.",2013,R,119,"['thriller', 'action', 'drama']",US,['US'],,tt2302755,6.5,272334,84.497,6.4
tm153284,The Giver,MOVIE,"In a seemingly perfect community, without war, pain, suffering, differences or choice, a young boy is chosen to learn from an elderly man about the true pain and pleasure of the ""real"" world.",2014,PG-13,97,"['drama', 'scifi', 'romance', 'thriller']",US,['US'],,tt0435651,6.4,118117,15.835,6.5
ts20823,Orange Is the New Black,SHOW,"A crime she committed in her youthful past sends Piper Chapman to a women's prison, where she trades her comfortable New York life for one of unexpected camaraderie and conflict in an eccentric group of fellow inmates.",2013,TV-MA,59,"['drama', 'comedy', 'crime']",US,['US'],7,tt2372162,8.1,295591,72.825,7.7
ts20824,The Originals,SHOW,"A spin-off from The Vampire Diaries and set in New Orleans, The Originals centers on the Mikaelson siblings, otherwise known as the world's original vampires: Klaus, Elijah, and Rebekah. Now Klaus must take down his protégé, Marcel, who is now in charge of New Orleans, in order to re-take his city, as he originally built New Orleans. Klaus departed from the city after being chased down by his father Mikael, while it was being constructed and Marcel took charge. As Klaus has returned after many years, his ego has provoked him to become the king of the city. ""Every King needs an heir"" says Klaus, accepting the unborn child. The child is a first to be born to a hybrid and a werewolf.",2013,TV-14,43,"['scifi', 'drama', 'fantasy', 'horror']",US,['US'],5,tt2632424,8.3,131574,139.994,8.6
ts21367,Jane the Virgin,SHOW,"A comedy-drama following a chaste young woman who is accidentally impregnated via artificial insemination as she struggles to inform her devoutly religious family and make the right choices concerning the child. Based on the telenovela ""Juana la virgen.""",2014,TV-14,42,"['drama', 'comedy']",US,['US'],5,tt3566726,7.8,46286,120.677,7.9
tm151807,Creep,MOVIE,"Looking for work, Aaron comes across a cryptic online ad: “$1,000 for the day. Filming service. Discretion is appreciated.” Low on cash and full of naiveté, he decides to go for it. He drives to a cabin in a remote mountain town where he meets Josef, his cinematic subject for the day. Josef is sincere and the project seems heartfelt, so Aaron begins to film. But as the day goes on, it becomes clear that Josef is not who he says, and his intentions are not at all pure.",2014,R,77,"['horror', 'thriller']",US,['US'],,tt2428170,6.3,52233,13.284,6.4
tm145655,St. Vincent,MOVIE,"A young boy whose parents just divorced finds an unlikely friend and mentor in the misanthropic, bawdy, hedonistic, war veteran who lives next door.",2014,PG-13,102,"['comedy', 'drama']",US,['US'],,tt2170593,7.2,102103,21.451,7.1
ts20280,Marco Polo,SHOW,"An epic adventure that follows the early years of the famous explorer as he travels the exotic Silk Road to the great Kublai Khan’s court. But Marco soon finds that navigating the Khan’s world of greed, betrayal, sexual intrigue and rivalry will be his greatest challenge yet, even as he becomes a trusted companion to the Khan in his violent quest to become the Emperor of the World.",2014,TV-MA,55,"['action', 'drama', 'history', 'documentation']",US,['US'],2,tt2189461,8,71229,34.279,7.4
ts20261,Madam Secretary,SHOW,"After years away from the CIA, Elizabeth McCord is pulled back into the political arena. The newly appointed Secretary of State is tough, fair and smart driving international diplomacy, wrangling office politics and circumventing protocol as she negotiates global and domestic issues, both at the White House and at home.",2014,TV-14,43,"['war', 'thriller', 'drama']",US,['US'],6,tt3501074,7.6,22563,56.834,6.8
tm161525,The Green Inferno,MOVIE,"A group of student activists travel from New York City to the Amazon to save the rainforest.  However, once they arrive in this vast green landscape, they soon discover that they are not alone… and that no good deed goes unpunished.",2013,R,100,"['horror', 'thriller']",US,"['CA', 'CL', 'US']",,tt2403021,5.3,43149,35.625,5.6
tm175843,Dark Skies,MOVIE,"From the producers of Paranormal Activity, Insidious, and Sinister comes Dark Skies: a supernatural thriller that follows a young family living in the suburbs. As husband and wife Daniel and Lacey Barret witness an escalating series of disturbing events involving their family, their safe and peaceful home quickly unravels. When it becomes clear that the Barret family is being targeted by an unimaginably terrifying and deadly force, Daniel and Lacey take matters in their own hands to solve the mystery of what is after their family.",2013,PG-13,97,"['thriller', 'horror', 'scifi', 'documentation']",US,['US'],,tt4190332,6.3,75139,25.799,6.3
tm181270,The Frozen Ground,MOVIE,An Alaska State Trooper partners with a young woman who escaped the clutches of serial killer Robert Hansen to bring the murderer to justice. Based on actual events.,2013,R,105,"['thriller', 'drama', 'crime']",US,['US'],,tt2005374,6.4,62183,11.872,6.3
ts20791,Z Nation,SHOW,"Three years after the zombie virus has gutted the country, a team of everyday heroes must transport the only known survivor of the plague from New York to California, where the last functioning viral lab waits for his blood.",2014,TV-14,43,"['action', 'drama', 'scifi', 'comedy', 'horror', 'romance']",US,['US'],5,tt3843168,6.6,36059,81.469,7.2
ts20288,From Dusk Till Dawn: The Series,SHOW,"The horror and crime thriller genres collide in this new original series from Robert Rodriguez, based on his cult grindhouse classic about bank-robbing brothers on the run, a lawman bent on bringing them to justice, the devout family caught in the cross-fire, and an ancient evil eager to feast on them all.",2014,TV-14,45,"['scifi', 'crime', 'fantasy', 'horror', 'action']",US,['US'],3,tt3337194,6.9,20132,38.919,6.3
tm168400,Empire State,MOVIE,"After failing to get into the police academy, Chris Potamitis settles for a security guard job with an armoured truck company. After he makes the mistake of mentioning the company's lax security to his best friend, He's unwittingly drawn into an elaborate scheme to rob the abundant amounts of cash being stored on their premises—resulting in the largest cash heist in U.S.history.",2013,R,94,"['drama', 'crime', 'thriller', 'action', 'european']",US,['US'],,tt2171867,5.2,21368,42.802,5.4
tm237143,Shrek the Musical,MOVIE,Shrek The Musical is a musical with music by Jeanine Tesori and book and lyrics by David Lindsay-Abaire. It is based on the 2001 DreamWorks Animation's film Shrek and William Steig's 1990 book Shrek! It was nominated for 8 Tony Awards including Best Musical.,2013,PG-13,130,"['fantasy', 'family', 'comedy']",US,['US'],,tt3070936,6.9,3634,15.817,7.3
tm176630,The Butler,MOVIE,"A look at the life of Cecil Gaines who served eight presidents as the White House's head butler from 1952 to 1986, and had a unique front-row seat as political and racial history was made.",2013,PG-13,132,"['drama', 'european']",US,['US'],,tt1327773,7.2,114013,12.932,7.4
ts32218,The Thundermans,SHOW,"Meet The Thundermans, a typical suburban family that happens to have astounding superpowers. At the center of the action are the 14-year-old Thunderman twins, who share the same bathroom, the same school, and the same annoying little siblings. Their only difference? The sister is a super student with a super sunny disposition who super looks forward to being a superhero someday, and her twin brother is a super villain.",2013,TV-G,24,"['action', 'scifi', 'family', 'comedy', 'drama']",US,['US'],4,tt2712516,5.6,5340,62.125,8.1
ts20097,Hemlock Grove,SHOW,"One cannot quench his all-consuming thirst. The other cannot tame the beast clawing its way out. In the sleepy Pennsylvania village of Hemlock Grove, two young men struggle to accept painful truths: about family, themselves, the mystery of the White Tower - and a terrifying new threat so powerful it will turn them from predators into prey.",2013,TV-MA,49,"['thriller', 'drama', 'fantasy', 'horror', 'scifi']",US,['US'],3,tt2309295,7,39590,52.542,7.2
tm178712,Scary Movie 5,MOVIE,"Home with their newly-formed family, happy parents Dan and Jody are haunted by sinister, paranormal activities. Determined to expel the insidious force, they install security cameras and discover their family is being stalked by an evil dead demon.",2013,PG-13,86,"['comedy', 'horror']",US,['US'],,tt0795461,3.5,70814,72.044,4.8
ts20281,Sofia the First,SHOW,"Set in the storybook world of Enchancia, this is the story of Princess Sofia, an adventurous little girl who is learning how to adjust to royal life after her mom marries the king and she becomes a princess overnight.",2013,TV-Y,24,"['family', 'fantasy', 'animation']",US,['US'],4,tt2136138,6.8,2915,34.201,7.1
tm187979,Cloudy with a Chance of Meatballs 2,MOVIE,"After the disastrous food storm in the first film, Flint and his friends are forced to leave the town. Flint accepts the invitation from his idol Chester V to join The Live Corp Company, which has been tasked to clean the island, and where the best inventors in the world create technologies for the betterment of mankind. When Flint discovers that his machine still operates and now creates mutant food beasts like living pickles, hungry tacodiles, shrimpanzees and apple pie-thons, he and his friends must return to save the world.",2013,PG,95,"['comedy', 'family', 'fantasy', 'scifi', 'drama', 'animation']",US,['US'],,tt1985966,6.3,100637,41.511,6.4
ts4213,The Chase,SHOW,"The Chase is a game show which premiered on August 6, 2013, at 9:00 p.m. Eastern/8:00 p.m. Central on Game Show Network.

The series is based on the British show of the same name in which contestants try to win money by challenging a quiz show genius known as the Chaser. The series is hosted by Brooke Burns and features Mark Labbett as the Chaser. The show follows the same format as the original UK version, but with three contestants instead of four.",2013,TV-PG,44,['reality'],US,['US'],5,tt3077336,7.5,886,1.639,8
tm161282,Penguins of Madagascar,MOVIE,"Skipper, Kowalski, Rico and Private join forces with undercover organization The North Wind to stop the villainous Dr. Octavius Brine from destroying the world as we know it.",2014,PG,92,"['comedy', 'animation', 'family', 'scifi']",US,['US'],,tt1911658,6.6,88708,84.347,6.5
tm165521,Redemption,MOVIE,"Homeless and on the run from a military court martial, a damaged ex-special forces soldier navigating London's criminal underworld seizes an opportunity to assume another man's identity, transforming into an avenging angel in the process.",2013,R,100,"['thriller', 'action', 'european']",US,"['US', 'GB']",,,,,59.493,6.2
tm184608,Texas Chainsaw 3D,MOVIE,"A young woman learns that she has inherited a Texas estate from her deceased grandmother. After embarking on a road trip with friends to uncover her roots, she finds she is the sole owner of a lavish, isolated Victorian mansion. But her newfound wealth comes at a price as she stumbles upon a horror that awaits her in the mansion’s dank cellars.",2013,R,92,"['horror', 'thriller']",US,['US'],,tt1572315,4.8,49312,46.799,5.4
tm144046,Jackass Presents: Bad Grandpa .5,MOVIE,"Bad Grandpa .5 gives you a whole new perspective on the world of Irving Zisman with bonus scenes and pranks also featuring Spike Jonze as ""Gloria"" and Catherine Keener as Irving's wife ""Ellie"", plus a look at the evolution of Johnny Knoxville's naughty alter-ego, the makeup effects, and a behind-the-scenes peek at the idiocy it takes to make a hidden camera movie in public.",2014,PG-13,86,['comedy'],US,['US'],,tt3766424,6.3,,20.423,5.9
ts20917,The Night Shift,SHOW,"The stories of the men and women who work the overnight shift at San Antonio Memorial Hospital. They are an irreverent and special breed, particularly adrenaline junkie T.C. Callahan.",2014,TV-14,42,"['drama', 'romance', 'fantasy', 'horror', 'action', 'animation', 'comedy']",US,['US'],4,tt1483202,7.5,12069,21.667,7.6
tm161029,Mr. Peabody & Sherman,MOVIE,"A young boy and his dog, who happens to have a genius-level IQ, spring into action when their time-machine is stolen and moments in history begin to be changed.",2014,PG,92,"['action', 'family', 'animation', 'history', 'scifi', 'romance', 'comedy', 'fantasy']",US,['US'],,tt0864835,6.8,68790,30.69,6.7
tm143474,Vampire Academy,MOVIE,"Rose, a rebellious half-vampire/half-human guardian-in-training and her best friend, Lissa -- a mortal, royal vampire Princess - have been on the run when they are captured and returned to St. Vladamirs Academy, the very place where they believe their lives may be in most jeopardy. Rose will sacrifice everything to protect Lissa from those who intend to exploit her from within the Academy walls and the Strigoi (immortal, evil vampires) who hunt her kind from outside its sanctuary.",2014,PG-13,104,"['fantasy', 'horror', 'thriller', 'action', 'comedy', 'drama']",US,['US'],,tt1686821,5.4,54190,17.252,6.3
tm140342,"I, Frankenstein",MOVIE,"200 years after his shocking creation, Dr. Frankenstein's creature, Adam, still walks the earth. But when he finds himself in the middle of a war over the fate of humanity, Adam discovers he holds the key that could destroy humankind.",2014,PG-13,92,"['horror', 'thriller', 'scifi', 'action', 'fantasy']",US,"['AU', 'US']",,tt1418377,5.1,80733,16.066,5.3
tm141648,Seventh Son,MOVIE,"John Gregory, who is a seventh son of a seventh son and also the local spook, has protected the country from witches, boggarts, ghouls and all manner of things that go bump in the night. However John is not young anymore, and has been seeking an apprentice to carry on his trade. Most have failed to survive. The last hope is a young farmer's son named Thomas Ward. Will he survive the training to become the spook that so many others couldn't?",2014,PG-13,120,"['fantasy', 'action']",US,"['US', 'GB', 'CN', 'CA']",,tt1121096,5.5,76395,49.025,5.5
ts36836,Zach Stone Is Gonna Be Famous,SHOW,"Zach hires a camera crew to film him throughout his daily life as a part of his quest to become an over-night celebrity - even though he possesses no real talent. From Zach's attempts to become a celebrity chef or a ring-tone recording artist to purposefully going missing, he'll try any avenue to get noticed and stop at nothing until he reaches fame.",2013,TV-PG,20,['comedy'],US,['US'],1,tt1748277,8.3,3616,5.587,8.3
tm142856,Sabotage,MOVIE,"John ""Breacher"" Wharton leads an elite DEA task force that takes on the world's deadliest drug cartels. When the team successfully executes a high-stakes raid on a cartel safe house, they think their work is done – until, one-by-one, the team members mysteriously start to be eliminated. As the body count rises, everyone is a suspect.",2014,R,109,"['drama', 'thriller', 'western', 'action', 'crime']",US,['US'],,tt1742334,5.7,63007,27.573,5.6
ts98110,Dreamworks How to Train Your Dragon Legends,SHOW,"In this set of shorts Hiccup and the gang learn about different species of dragons.Then, Gobber goes in search of the Boneknapper Dragon.",2013,,17,['animation'],US,['US'],1,tt6963396,7.3,264,,
tm178211,Life of Crime,MOVIE,Two common criminals get more than they bargained for after kidnapping the wife of a corrupt real-estate developer who shows no interest in paying the $1 million dollar ransom for her safe return.,2013,R,94,"['comedy', 'crime']",US,['US'],,tt1663207,5.8,18793,15.068,5.7
tm144121,Get on Up,MOVIE,A chronicle of James Brown's rise from extreme poverty to become one of the most influential musicians in history.,2014,PG-13,139,"['drama', 'music']",US,['US'],,tt2473602,6.9,24456,9.246,6.7
ts22383,Rabbids Invasion,SHOW,The Rabbids are back in their new tv show. The rabbids discovers new things and learn what they do. But that they don't know is that they are curious.,2013,TV-Y7,10,"['comedy', 'animation', 'family', 'european']",US,"['FR', 'US']",4,tt3105674,5.5,1802,18.955,6.2
tm151447,The November Man,MOVIE,An ex-CIA operative is brought back in on a very personal mission and finds himself pitted against his former pupil in a deadly game involving high level CIA officials and the Russian president-elect.,2014,R,108,"['crime', 'action', 'thriller']",US,"['GB', 'US']",,tt2402157,6.3,67243,14.82,6.1
ts11794,The Cat in the Hat Knows a Lot About That!,SHOW,"The Cat in the Hat is back -- and this time, he's teaching Sally and her brother, Nick, some awfully nifty things to think about!",2013,TV-Y,19,"['animation', 'fantasy', 'scifi', 'comedy', 'family']",US,"['US', 'GB', 'CA']",3,tt1699440,6.4,620,5.963,7.8
ts20310,Girlfriends' Guide to Divorce,SHOW,Follows a best-selling author of a self-help book series who is secretly hiding her separation from her husband as she starts to navigate her life as a single woman in her 40's in Los Angeles. She starts to side with and take advice more from her divorced friends rather than her married ones and it leads her to some unexpected and life-changing experiences.,2014,TV-14,42,"['comedy', 'drama']",US,['US'],5,tt2817246,6.9,4523,10.046,5.5
tm181533,The Big Wedding,MOVIE,"To the amusement of their adult children and friends, long divorced couple Don and Ellie Griffin are once again forced to play the happy couple for the sake of their adopted son's wedding after his ultra conservative biological mother unexpectedly decides to fly halfway across the world to attend. With all of the wedding guests looking on, the Griffins are hilariously forced to confront their past, present and future - and hopefully avoid killing each other in the process.",2013,R,90,"['comedy', 'drama', 'romance']",US,['US'],,tt1931435,5.6,49549,8.928,5.9
ts35244,Tiny House Nation,SHOW,Tiny House Nation takes renovation experts John Weisbarth and Zack Griffinh across America to help design and construct tiny dream homes in spaces under 500 square feet. Tiny House Nation proves size doesn't matter it's creative that counts!,2014,TV-PG,43,['reality'],US,['US'],5,tt3869500,7.1,1126,8.872,7.5
ts82979,Talking Tom and Friends,SHOW,"Armed with technological gear, great ideas and an unfailing sense of humour, Talking Tom and his friends are on a mission to reach stardom at all costs.",2014,TV-G,11,"['comedy', 'drama', 'family', 'action', 'animation', 'fantasy', 'european']",US,['US'],5,tt4648640,6.1,411,34.469,8.3
tm148976,The Battered Bastards of Baseball,MOVIE,Hollywood veteran Bing Russell creates the only independent baseball team in the country—alarming the baseball establishment and sparking the meteoric rise of the 1970s Portland Mavericks.,2014,R,80,"['documentation', 'sport']",US,['US'],,tt3445270,8,3953,6.34,7.6
ts32060,Sam & Cat,SHOW,"Sam Puckett is loud, independent, and tough as nails, while Cat Valentine is sweet as pie and super flighty. But that doesn't stop this unlikely pair from becoming best buds and roomies!

Together, they're a power duo with a love for fun and adventure -- it's just too bad that it doesn't come cheap. Burgers at their favorite robot restaurant Bots don't grow on trees, after all. A booming out-of-home babysitting business quickly becomes the answer to their empty-pocket problems, but also an extra reason for countless wacky adventures to come!",2013,TV-G,24,"['drama', 'family', 'comedy']",US,['US'],1,tt2487090,5.6,9507,37.963,7.9
tm162271,Bo Burnham: What.,MOVIE,"Left brain and right brain duke it out and then belt out a tune in comedian Bo Burnham's quick and clever one-man show. As intelligent as he is lanky, Burnham cynically pokes at pop entertainment while offering unadulterated showmanship of his own.",2013,,60,"['comedy', 'music', 'documentation']",US,['US'],,tt3210258,8.3,11488,5.747,7.9
tm166628,The Smurfs 2,MOVIE,"The evil wizard Gargamel creates a couple of mischievous Smurf-like creatures called the Naughties that he hopes will let him harness the all-powerful, magical Smurf-essence. But when he discovers that only a real Smurf can give him what he wants, and only a secret spell that Smurfette knows can turn the Naughties into real Smurfs, Gargamel kidnaps Smurfette and brings her to Paris, where he has been winning the adoration of millions as the world¹s greatest sorcerer. It's up to Papa, Clumsy, Grouchy, and Vanity to return to our world, reunite with their human friends Patrick and Grace Winslow, and rescue her! Will Smurfette, who has always felt different from the other Smurfs, find a new connection with the Naughties Vexy and Hackus or will the Smurfs convince her that their love for her is True Blue?",2013,PG,105,"['fantasy', 'animation', 'comedy', 'family']",US,['US'],,tt2017020,5.3,41571,36.043,5.8
tm171228,Metallica: Through the Never,MOVIE,"Trip, a young roadie for Metallica, is sent on an urgent mission during the band's show. But what seems like a simple assignment turns into a surreal adventure.",2013,R,93,['music'],US,['US'],,tt2172935,7.1,17433,16.923,6.8
tm136601,Walk of Shame,MOVIE,"A reporter's dream of becoming a news anchor is compromised after a one-night stand leaves her stranded in downtown L.A. without a phone, car, ID or money - and only 8 hours to make it to the most important job interview of her life.",2014,R,95,['comedy'],US,['US'],,tt2463288,6,54065,20.142,5.9
tm143757,Search Party,MOVIE,Two oafs must rescue their stranded pal in Mexico.,2014,R,93,['comedy'],US,['US'],,tt2758904,5.6,7789,6.29,5.4
tm71148,Thanks for Sharing,MOVIE,A romantic comedy that brings together three disparate characters who are learning to face a challenging and often confusing world as they struggle together against a common demon—sex addiction.,2013,R,112,"['drama', 'comedy', 'romance']",US,['US'],,tt1932718,6.4,28204,7.824,5.9
tm161562,Copenhagen,MOVIE,"After weeks of traveling through Europe, the immature William finds himself in Copenhagen, the place of his father’s birth. He befriends the youthful Effy, who works in William’s hotel as part of an internship program, and they set off to find William’s last living relative. Effy’s mix of youthful exuberance and wisdom challenges William unlike any  woman ever has. As the attraction builds, he must come to grips with destabilizing elements of his family’s sordid past.",2014,,98,"['drama', 'romance']",US,"['US', 'DK']",,tt2459156,7.1,13135,6,6.7
tm151716,Cowspiracy: The Sustainability Secret,MOVIE,"Follow the shocking, yet humorous, journey of an aspiring environmentalist, as he daringly seeks to find the real solution to the most pressing environmental issues and true path to sustainability.",2014,,90,['documentation'],US,['US'],,tt4344904,8.2,24845,10.13,7.8
tm180599,The Haunting in Connecticut 2: Ghosts of Georgia,MOVIE,"A young family moves into a historic home in Georgia, only to learn they are not the house's only inhabitants. Soon they find themselves in the presence of a secret rising from underground and threatening to bring down anyone in its path.",2013,R,101,"['horror', 'thriller', 'drama']",US,['US'],,tt1457765,5.2,17170,19.018,5.8
ts20790,Young & Hungry,SHOW,"Two worlds collide when Josh, a wealthy young tech entrepreneur, meets Gabi, a feisty young food blogger, looking to be his personal chef. Gabi is desperate for the job and must prove herself, mostly to Josh's aide, who prefers a famous chef for the job. When Josh enlists Gabi to prepare a romantic meal for him and his girlfriend, the dinner goes awry and Gabi finds herself in a very awkward position. With the help of her best friend Sofia and Josh's housekeeper, Gabi turns a difficult situation into an opportunity for employment and maybe even love. Gabi gets some much needed help and advice from Josh’s assistant and his housekeeper.",2014,TV-14,21,"['comedy', 'drama', 'romance']",US,['US'],5,tt2084712,7.3,15627,26.61,6.7
tm171965,Mike Birbiglia: My Girlfriend's Boyfriend,MOVIE,"Mike Birbiglia shares a lifetime of romantic blunders and misunderstandings. On this painfully honest but hilarious journey, Birbiglia struggles to find reason in an area where it may be impossible to find: love.",2013,,75,"['drama', 'documentation', 'comedy', 'romance']",US,['US'],,tt2937390,8,3284,3.449,7.5
tm185208,Elena,MOVIE,"Petra heads to New York in search of her older sister after a long time of being separated. They are both movie actresses and heirs of the wounds of the Brazilian dictatorship. But Petra has only a few clues: home movies, newspaper clippings, a diary...",2013,PG-13,82,"['documentation', 'european', 'drama', 'family']",US,"['US', 'BR']",,tt2719278,7.6,1823,4.112,7.4
ts20883,"Nicky, Ricky, Dicky & Dawn",SHOW,The story of a 10-year-old girl Dawn Haley whose sibling rivalry with her three brothers is heightened by the fact that they are quadruplets.,2014,TV-G,23,"['comedy', 'family']",US,['US'],4,tt3596176,5.1,2551,43.714,7.5
tm149038,Bill Burr: I'm Sorry You Feel That Way,MOVIE,"Fresh, unflinching and devastatingly honest, Bill Burr lets loose in this feature length comedy special. Burr shares his essential tips for surviving the zombie apocalypse, exposes how rom-coms ruin great sex and explains how too many childhood hugs may be the ultimate downfall of man.",2014,,80,"['comedy', 'documentation']",US,['US'],,tt3823690,8.3,7954,6.968,7.7
ts33590,The Haunted Hathaways,SHOW,"When Michelle Hathaway relocates to New Orleans to open a bakery with her daughters Taylor and Frankie, they quickly learn that life in the “Big Easy” is very different. Unbeknownst to them, their new home is already occupied by a ghost family comprised of jazz musician father Ray Preston and his sons Miles and Louie. After agreeing to live under one roof, they come to care about and rely on one another while driving each other crazy – just like any normal family would. Though leery at first, the Hathaways soon discover how much fun life can be when living with ghosts.",2013,TV-G,24,"['comedy', 'family', 'fantasy']",US,['US'],2,tt2535732,5,2471,23.622,7.1
tm159362,A Haunted House 2,MOVIE,"After exorcising the demons of his ex-, Malcolm starts afresh with his new girlfriend and her two children. After moving into their dream home, Malcolm is once again plagued by bizarre paranormal events.",2014,R,86,"['comedy', 'horror', 'fantasy']",US,['US'],,tt2828996,4.6,21514,86.877,6.1
tm172710,We Steal Secrets: The Story of WikiLeaks,MOVIE,"Julian Assange. Bradley Manning. Collateral murder. Cablegate. WikiLeaks. These people and terms have exploded into public consciousness by fundamentally changing the way democratic societies deal with privacy, secrecy, and the right to information, perhaps for generations to come. We Steal Secrets: The Story of WikiLeaks is an extensive examination of all things related to WikiLeaks and the larger global debate over access to information.",2013,R,162,['documentation'],US,['US'],,tt1824254,6.9,7873,6.838,6.6
tm174289,Free Birds,MOVIE,Two turkeys from opposite sides of the tracks must put aside their differences and team up to travel back in time to change the course of history—and get turkey off the holiday menu for good.,2013,PG,91,"['comedy', 'family', 'scifi', 'animation']",US,['US'],,tt1621039,5.8,23917,16.617,5.9
tm187390,The Square,MOVIE,"The Square looks at the hard realities faced day-to-day by people working to build Egypt’s new democracy. Cairo’s Tahrir Square is the heart and soul of the film, which follows several young activists. Armed with values, determination, music, humor, an abundance of social media, and sheer obstinacy, they know that the thorny path to democracy only began with Hosni Mubarek’s fall. The life-and-death struggle between the people and the power of the state is still playing out.",2013,,88,"['drama', 'history', 'documentation']",US,"['GB', 'US', 'EG']",,tt2486682,8.1,8949,5.613,7.8
tm171929,The Short Game,MOVIE,"Each year, the world’s best 7 year-old golfers descend on Pinehurst, North Carolina to compete in the World Championships of Junior Golf. The Short Game follows eight of these very young athletes on their quest to become the sport’s next phenom.",2013,PG,100,"['documentation', 'sport']",US,['US'],,tt2466830,7.3,1518,5.747,7.3
tm180643,Jinxed,MOVIE,"Meet the Murphys, a family with never ending bad luck. ""Anything that can go wrong, will go wrong,"" it's Murphy's law! Over a century ago a witch put a magical curse on their great-great grandfather and the whole family has been jinxed for generations! After Meg Murphy (played by Big Time Rush's Ciara Bravo) and her family's house is destroyed in yet another freak accident, the family moves into their grandfather's house in Harvest Hills. In a not-so-strange case of bad luck, Meg's nemesis Ivy is also spending the summer in town. But things start to look up, kind of, when Meg meets a local boy named Brett and he casts another spell on her, a love spell that is! With help from her brother Charlie, Meg more determined than ever, must break the hex on her catastrophically cursed family! Watch this doomed teen try for a normal existence in a world full of hijinks!",2013,G,70,"['fantasy', 'comedy', 'family']",US,"['CA', 'US']",,tt2934844,6.4,1444,7.932,6.7
tm177223,Company of Heroes,MOVIE,"American soldiers lost behind enemy lines during the WWII make a horrific discovery: Hitler has a super bomb in development. Against all odds, they set out to find the scientist in charge of the program who is looking to defect.",2013,R,100,['drama'],US,['US'],,,,,9.176,5.4
tm152904,Tom Segura: Completely Normal,MOVIE,An original stand-up comedy special written and performed by comedian Tom Segura.,2014,,74,"['comedy', 'documentation']",US,['US'],,tt3500822,7.7,2570,3.372,7.2
ts53641,Lalaloopsy,SHOW,"The Lalaloopsy gang and their adorable pets know every day is a perfect day to celebrate the magic of friendship, creativity and collaboration.",2013,TV-Y,23,['animation'],US,['US'],3,tt2827502,6.4,104,0.975,4
ts37187,Senora Acero,SHOW,"The adventures of Vicenta Acero, the feared coyote who now leads the dynasty of illicit dealings once under the control of her father.",2014,TV-MA,43,"['crime', 'drama', 'romance']",US,['US'],5,tt3904068,6.8,375,128.933,7.7
ts58137,Pac-Man and the Ghostly Adventures,SHOW,The fate of PacWorld lies with Pac and his loyal crew as they protect the Power Berries from falling into the sinister hands of Betrayus and his evil army of baddies.,2013,TV-Y7,22,"['action', 'animation', 'comedy', 'drama', 'family', 'fantasy', 'scifi']",US,"['US', 'CA', 'JP']",3,tt2392179,4.8,635,16.672,7.4
tm144021,LEGO DC Comics Super Heroes: Batman Be-Leaguered,MOVIE,"When Batman, claiming to be a loner, refuses to join the Justice League, he is drawn into working with them when they are kidnapped one-by-one and held prisoner by one of Batman's nemeses.",2014,,22,"['comedy', 'family', 'scifi', 'animation', 'action']",US,['US'],,tt4189294,6.5,1305,8.144,6.9
ts521,Black Ink Crew New York,SHOW,"Reality series chronicling the daily operations and staff drama at an African American-owned and operated tattoo shop in Harlem, New York.",2013,TV-14,41,['reality'],US,['US'],9,tt2738096,4.6,459,12.706,8.5
ts88394,Moving Art,SHOW,"Experience nature's art as filmmaker Louie Schwartzberg highlights the beauty that lurks in oceans, forests, deserts and flowers.",2014,,28,"['documentation', 'family']",US,['US'],3,tt6953912,8.6,442,1.71,6.3
ts58010,VeggieTales in the House,SHOW,"Get ready to love your veggies! The beloved faith-based brand has a fresh new look as Bob the Tomato, Larry the Cucumber and all their Veggie friends venture off the countertop for the first time ever in an all-new television series, available exclusively on Netflix. Every episode also features a brand-new, upbeat silly song as the Veggie crew embarks on new adventures throughout their house. This loveable comedy stays true to the roots of the VeggieTales brand by seamlessly weaving in strong moral messages that will capture the hearts of Veggie lovers of all ages.",2014,TV-G,18,"['comedy', 'family', 'music', 'animation']",US,['US'],4,tt3692064,4.3,300,6.244,5.5
tm139617,Dragons: Dawn Of The Dragon Racers,MOVIE,A hunt for a lost sheep turns into a competition between Hiccup and friends as they compete to become the first Dragon Racing champion of Berk.,2014,,26,['fantasy'],US,['US'],,,,,50.509,7.2
tm158671,A Fairly Odd Summer,MOVIE,"Get ready for the oddest summer yet! Timmy Turner and his fairies are going on a summer vacation to Hawaii. But, unfortunately for Timmy, something tells us this won’t be a very relaxing holiday. With all the magic in Fairy World at stake and villains like Vicky , Foop and Crocker on his tail, there’s no way he’ll be able to enjoy himself…",2014,G,68,"['fantasy', 'animation', 'comedy', 'family']",US,['US'],,tt3149536,4,533,10.552,5.9
tm180802,LEGO Marvel Super Heroes: Maximum Overload,MOVIE,Villainous Loki is amassing an army to conquer Earth! His antics are keeping Spider-Man and S.H.I.E.L.D. busy as they tackle a host of bad guys.,2013,PG,20,"['action', 'animation']",US,['US'],,,,,10.788,6.2
ts3799,All Hail King Julien,SHOW,"King Julien is back and shaking his booty harder than ever! Discover the wild world of Madagascar as the king takes on the jungle’s craziest adventures in this comedy series. With his loyal sidekicks Maurice and Mort, they meet a whole new cast of colorful animals, including ambitious head of security Clover and the villainous Foosa. No one can stop this king from ruling with an iron fist...in the air...wavin' like he just doesn't care.",2014,TV-Y7,23,"['action', 'comedy', 'family', 'fantasy', 'animation']",US,['US'],5,tt3807022,7,2008,41.022,6.8
tm151210,Jim Gaffigan: Obsessed,MOVIE,"Jim Gaffigan bursts back on the scene with this eagerly anticipated fourth comedy special. Dubbed the ""King of Clean Comedy"" by The Wall Street Journal, Jim's obsession with all things food comes to fruition on Obsessed as he tackles a cornucopia of new food topics from fruit to seafood to donuts. Get ready for 70 minutes of non-stop laughs at Jim's twisted-yet-enlightened observations on the seemingly mundane topics that have made him a fixture in the comedy world for audiences of all ages.",2014,,70,"['comedy', 'documentation']",US,['US'],,tt3481550,7.6,2226,4.903,7.3
tm149578,Mission Blue,MOVIE,"Feature documentary about legendary oceanographer, marine biologist, environmentalist and National Geographic Explorer-in-Residence Sylvia Earle, and her campaign to create a global network of protected marine sanctuaries",2014,PG,94,"['documentation', 'drama']",US,['US'],,tt2004304,7.9,1950,6.267,7.5
tm182534,From One Second to the Next,MOVIE,Stories of serious traffic accidents caused by texting and driving are told by the perpetrators and surviving victims.,2013,,34,['documentation'],US,['US'],,,,,2.936,7.1
tm360904,The Meaning of Monty Python,MOVIE,"A discussion between John Cleese, Michael Palin, Eric Idle, Terry Gilliam and Terry Jones about their film The Meaning of Life",2013,,60,['documentation'],US,['US'],,,,,3.738,7.5
tm153055,Mitt,MOVIE,A filmmaker is granted unprecedented access to a political candidate and his family as he runs for President.,2014,,93,"['documentation', 'family']",US,['US'],,tt3336722,6.9,2579,3.769,6.3
tm140334,Sniper: Legacy,MOVIE,"After several military leaders are assassinated, Brandon hears his father was one of the people killed. As he hunts the killers, Brandon learns his father is not dead, and he is being used as bait.",2014,R,94,"['thriller', 'european']",US,['US'],,,,,12.202,6
tm149914,Jim Jefferies: Bare,MOVIE,"Smart, crude, and in-your-face, Australian comic/actor/equal-opportunity-offender Jim Jefferies is not for the faint of heart. Whether he is lampooning gun control, auditioning disabled actors, or over-sharing sexual experiences, the FXX ""Legit"" star proves nothing is out of bounds and even less, off limits. Filmed during the Boston run of his recent stand up tour.",2014,R,76,['comedy'],US,['US'],,tt3958494,8,5407,7.515,7.5
tm140911,Imperial Dreams,MOVIE,"A 21-year-old reformed gangster's devotion to his family and his future is put to the test when he is released from prison and returns to his old stomping grounds in Watts, Los Angeles.",2014,,87,['drama'],US,['US'],,tt3331028,6.7,4452,7.323,6.5
tm137379,Silent,MOVIE,A duo of street performers learns how sound and picture work together to create amazing cinema experiences.,2014,,3,"['animation', 'family', 'action']",US,['US'],,,,,2.956,7
tm158436,Print the Legend,MOVIE,3D printing is changing the world – from printing guns and human organs to dismantling the world’s industrial infrastructure by enabling home manufacturing. The 3D Printing revolution has begun. Who will make it?,2014,,100,"['documentation', 'drama', 'history']",US,['US'],,tt3703872,7,1967,5.218,6.7
tm458034,BoJack Horseman Christmas Special,MOVIE,"It's Christmas, and BoJack wants nothing to do with it. Then Todd shows up with a giant candy cane and an old ""Horsin' Around"" Christmas episode.",2014,,25,[],US,['US'],,,,,1.566,7.1
tm175954,Aziz Ansari: Buried Alive,MOVIE,"Standup comedian Aziz Ansari (""Parks and Recreation"") headlines his third standup special, where he shares his uniquely hilarious perspective on fears of adulthood, babies, marriage, and more. Ansari's look at life on the cusp of 30 years old is smart, unfiltered, and hysterical.",2013,,79,"['comedy', 'documentation']",US,['US'],,tt2836450,7.2,3980,6.539,7
tm182227,Marc Maron: Thinky Pain,MOVIE,"Marc Maron returns to his old stomping grounds for an intimate special in which he takes stock of himself. More than ever, Maron is raw and hilariously honest as he dissects his own neuroses and self-loathing while providing outrageous anecdotes from his personal life, in which he starts to realize the hurt isn't real, it's just ""Thinky Pain.""",2013,,90,['comedy'],US,['US'],,tt3004634,7.3,1876,4.861,7.2
ts36127,Turbo FAST,SHOW,"After Turbo the Snail's improbable win at the Indianapolis 500, the superfast racer finds his life forever changed after he returns from his victory tour. Namely, Tito, his human companion, has built Starlite City, a massive miniature city with an elaborate adjoining race track for Turbo and his fellow snails to live and race in. However, Turbo finds his new life no less hectic as he and his friends face new rivals of all varieties eager to take the champion on. Regardless of the danger, Turbo and his colleagues of the Fast Action Stunt Team are ready for the challenge.",2013,TV-PG,19,"['animation', 'family', 'comedy', 'sport', 'scifi', 'action']",US,['US'],3,tt3010520,6.5,593,12.093,8.5
tm151860,Free to Play,MOVIE,"Follow three professional video game players as they overcome personal adversity, family pressures, and the realities of life to compete in a $1,000,000 tournament that could change their lives forever.",2014,,75,"['documentation', 'action']",US,"['UA', 'US', 'CN', 'DE', 'SG']",,tt3203290,7.9,13308,8.3,7
tm139922,"The Other One: The Long, Strange Trip of Bob Weir",MOVIE,"Drop out of school to ride with the Merry Pranksters. Form America’s most enduring jam band. Become a family man and father. Never stop chasing the muse. Bob Weir took his own path to and through superstardom as rhythm guitarist for The Grateful Dead. Mike Fleiss re-imagines the whole wild journey in this magnetic rock doc and concert film, with memorable input from bandmates, contemporaries, followers, family, and, of course, the inimitable Bob Weir himself.",2014,,85,"['music', 'documentation']",US,['US'],,tt3692768,7.3,1649,3.199,7.3
ts67797,Sammy & Co,SHOW,"A series following the story of young turtles, Ricky and Ella, and their friends, Annabel the Octopus and Pipo the Butterfly Fish. Within the many fun, exciting adventures, we learn that life underwater is quite similar to life on earth and likewise, things rarely go as planned! Even if they live with the wise Sammy in the safe happy setting of a warm reef, our little turtles – just like little kids – won’t be able to resist the appeal of the big blue ocean!",2014,TV-PG,14,"['animation', 'european']",US,['US'],2,tt2580128,5.6,30,1.298,7
tm215339,Ralphie May: Imperfectly Yours,MOVIE,Standup in Las Vegas.,2013,,69,"['comedy', 'documentation']",US,['US'],,tt3219820,5.4,150,2.497,4.9
tm185736,SampleThis,MOVIE,"A documentary that reveals how a forgotten record by the Incredible Bongo Band helped cement the foundation of hip hop when DJ Herc extended its percussion by playing them back to back, creating an anthem on the streets of the Bronx.",2013,,85,"['documentation', 'music']",US,['US'],,tt2407418,6.4,466,3.188,6.6
tm460055,The War Against Women,MOVIE,"Sexual violence against women is a very effective weapon in modern warfare: instills fear and spreads the seed of the victorious side, an outrageous method that is useful to exterminate the defeated side by other means. This use of women, both their bodies and their minds, as a battleground, was crucial for international criminal tribunals to begin to judge rape as a crime against humanity.",2013,,62,"['documentation', 'war']",US,"['US', 'ES']",,tt3856034,7.3,74,2.699,6.3
tm162259,Mars at Sunrise,MOVIE,A conflict between a Palestinian artist and an Israeli soldier is told in a surrealist style.,2014,,75,['drama'],US,['US'],,tt2714424,7.8,43,1.215,
tm132675,100 Things to Do Before High School,MOVIE,"With the pressures of high school in their near future, CJ and her two best friends decide to embark on a series of middle school adventures while they can still take risks and have fun.",2014,,44,[],US,['US'],,,,,0.009441746,
tm202914,My Own Man,MOVIE,"Rattled by the prospect of becoming a dad, a 40-year-old filmmaker begins to consider what ""manhood"" really means for him, prompting him to pursue an array of interests and reexamine his views -- which were shaped by his father.",2014,,82,"['drama', 'comedy', 'family', 'documentation']",US,['US'],,tt3812618,6.4,445,3.493,7
tm155507,Chelsea Handler: Uganda Be Kidding Me Live,MOVIE,"A culmination of Chelsea Handler's stand-up comedy tour in support of her fourth New York Times #1 Bestseller, Uganda Be Kidding Me.",2014,,71,['comedy'],US,['US'],,tt4079776,5.8,1165,3.445,6.4
tm159701,Wyatt Cenac: Brooklyn,MOVIE,Standup special recorded at Union Hall in Brooklyn.,2014,,67,['comedy'],US,['US'],,tt4286560,6.3,228,2.08,6.2
tm149541,D.L. Hughley: Clear,MOVIE,"Legendary comedian D.L. Hughley takes the stage at the Regency Ballroom in San Francisco for his new hilarious stand up special, Clear. In this uproarious performance, Hughley riffs on everything from the value of having nosy white neighbors to Colorado legalizing marijuana.",2014,,59,['comedy'],US,['US'],,tt3589494,6.9,249,2.807,6.6
tm188108,Sommore: Chandelier Status,MOVIE,"Sommore, the funniest and most elegant comedian on the scene, brings her unique brand of hip-hop comedy to this filmed stage show, shot on location in Miami, Florida. Tackling everything from the mundane lyrics of hit songs to the peculiar phenomenon of celebrities with no apparent skill or talent, Sommore also adds in some self deprecating humor that will have you laughing out loud.",2013,,75,['comedy'],US,['US'],,tt3012832,6.6,95,0.995,7
tm147405,E-Team,MOVIE,"E-Team is driven by the high-stakes investigative work of four intrepid human rights workers, offering a rare look at their lives at home and their dramatic work in the field.",2014,,88,"['documentation', 'war']",US,['US'],,tt3458282,7.1,873,3.108,6
tm177376,Todd Glass Talks About Stuff,MOVIE,"In Todd Glass Talks About Stuff, Todd Glass talks about...stuff, covering infomercials, ranting about eating slowly, and bullying those who bullied him for being afraid of the dark. He opens up about his dyslexia, which caused him to say ""domestitated."" Some of Todd's best stories include going to a restaurant with a health rating of ""D"" with ""elicious"" scrawled after it, wanting to suck the goodness out of his dog, and discovering the things that poor people and rich people do.",2013,,46,['comedy'],US,['US'],,,,,1.4,
tm176553,Doctor Bello,MOVIE,"Cancer specialist Dr. Michael Durant forms an unlikely bond with seven year old Sam and becomes desperate, willing to risk anything to save the child’s life. A surreptitious Nigerian Nurse convinces him to seek the help of Dr. Bello, an uncertified Nigerian Doctor, known in the Brooklyn-African underground as a miracle worker.",2013,,95,"['drama', 'action']",US,"['NG', 'US']",,tt2723358,4.8,54,1.879,6
ts8,Better Call Saul,SHOW,"Six years before Saul Goodman meets Walter White. We meet him when the man who will become Saul Goodman is known as Jimmy McGill, a small-time lawyer searching for his destiny, and, more immediately, hustling to make ends meet. Working alongside, and, often, against Jimmy, is “fixer” Mike Ehrmantraut. The series tracks Jimmy’s transformation into Saul Goodman, the man who puts “criminal” in “criminal lawyer"".",2015,TV-MA,49,"['comedy', 'drama', 'crime']",US,['US'],6,tt3032476,8.8,404920,352.657,8.5
ts38796,Stranger Things,SHOW,"When a young boy vanishes, a small town uncovers a mystery involving secret experiments, terrifying supernatural forces, and one strange little girl.",2016,TV-14,52,"['scifi', 'drama', 'fantasy', 'horror', 'thriller']",US,['US'],5,tt4575572,8.7,989090,249.853,8.6
ts37143,Alone,SHOW,"Hardcore survivalists are put by themselves in the Vancouver Island wilderness, without camera crews, teams, or producers – on a single mission to stay alive for as long as possible.",2015,TV-MA,48,"['reality', 'documentation']",US,['US'],8,tt4803766,8.4,4622,31.271,6.8
ts35251,Grace and Frankie,SHOW,"Elegant, proper Grace and freewheeling, eccentric Frankie are a pair of frenemies whose lives are turned upside down - and permanently intertwined - when their husbands leave them for each other. Together, they must face starting over in their 70s in a 21st century world.",2015,TV-MA,30,"['comedy', 'drama']",US,['US'],7,tt3609352,8.2,48435,33.885,7.7
ts41766,The Good Place,SHOW,"Eleanor Shellstrop, an ordinary woman who, through an extraordinary string of events, enters the afterlife where she comes to realize that she hasn't been a very good person. With the help of her wise afterlife mentor, she's determined to shed her old way of living and discover the awesome (or at least the pretty good) person within.",2016,TV-14,23,"['scifi', 'comedy', 'romance', 'drama', 'fantasy']",US,['US'],4,tt4955642,8.2,148562,39.411,8
ts36885,Ash vs Evil Dead,SHOW,"Bruce Campbell reprises his role as Ash Williams, an aging lothario and chainsaw-handed monster hunter who’s spent the last three decades avoiding maturity, and the terrors of the Evil Dead. But when a Deadite plague threatens to destroy all of mankind, he’s forced to face his demons — both metaphorical and literal.",2015,TV-MA,30,"['action', 'scifi', 'comedy', 'horror', 'fantasy', 'thriller']",US,['US'],3,tt4189022,8.4,70087,50.633,7.7
ts37490,Chicago Med,SHOW,"An emotional thrill ride through the day-to-day chaos of the city's most explosive hospital and the courageous team of doctors who hold it together. They will tackle unique new cases inspired by topical events, forging fiery relationships in the pulse-pounding pandemonium of the emergency room.",2015,TV-14,41,['drama'],US,['US'],8,tt4655480,7.6,24142,101.31,8.4
ts41961,Queen of the South,SHOW,"Teresa flees Mexico after her drug-runner boyfriend is murdered. Settling in Dallas, she looks to become the country's reigning drug smuggler and to avenge her lover's murder.",2016,TV-MA,42,"['drama', 'thriller', 'action', 'crime']",US,['US'],5,tt1064899,7.9,28537,54.867,7.6
ts42069,The Crown,SHOW,"The gripping, decades-spanning inside story of Her Majesty Queen Elizabeth II and the Prime Ministers who shaped Britain's post-war destiny. 

The Crown tells the inside story of two of the most famous addresses in the world – Buckingham Palace and 10 Downing Street – and the intrigues, love lives and machinations behind the great events that shaped the second half of the 20th century. Two houses, two courts, one Crown.",2016,TV-MA,56,"['drama', 'history', 'european']",US,"['US', 'GB']",5,tt4786824,8.7,190878,72.323,8.2
tm243100,Hell or High Water,MOVIE,A divorced dad and his ex-con brother resort to a desperate scheme in order to save their family's farm in West Texas.,2016,R,102,"['western', 'thriller', 'action', 'crime', 'drama']",US,['US'],,tt2582782,7.6,224900,27.45,7.3
ts36952,Documentary Now!,SHOW,"Loving parodies of some of the world's best-known documentaries. Each episode is shot in a different style of documentary filmmaking, and honors some of the most important stories that didn't actually happen.",2015,TV-14,22,['comedy'],US,['US'],4,tt4677934,8.1,6445,18.553,7.6
tm150928,It Follows,MOVIE,"After a seemingly innocent sexual encounter, Jay finds herself plagued by strange visions and the inescapable sense that someone, something, is following her.",2015,R,101,"['horror', 'thriller']",US,['US'],,tt3235888,6.8,233165,278.419,6.6
ts35793,Forged in Fire,SHOW,Competitors re-create weapons from historical periods ranging from Japanese katanas to medieval broadswords to ancient throwing blades. Each entry is judged on its artistry as well as its functionality and accuracy.,2015,TV-PG,42,['reality'],US,['US'],9,tt4680444,8.3,3538,34.934,8.3
ts39007,Van Helsing,SHOW,"Vanessa Helsing, the daughter of famous vampire hunter and Dracula nemesis Abraham Van Helsing is resurrected five years in the future to find out that vampires have taken over the world and that she possesses unique power over them. She is humanity’s last hope to lead an offensive to take back what has been lost.",2016,TV-14,42,"['scifi', 'fantasy', 'horror', 'action', 'drama']",US,['US'],5,tt5197820,6.1,21852,155.023,7.1
ts36147,Lucifer,SHOW,"Bored and unhappy as the Lord of Hell, Lucifer Morningstar abandoned his throne and retired to Los Angeles, where he has teamed up with LAPD detective Chloe Decker to take down criminals. But the longer he's away from the underworld, the greater the threat that the worst of humanity could escape.",2016,TV-14,47,"['scifi', 'crime', 'drama', 'fantasy']",US,['US'],6,tt4052886,8.1,308291,761.064,8.5
ts36550,DC's Legends of Tomorrow,SHOW,"When heroes alone are not enough ... the world needs legends. Having seen the future, one he will desperately try to prevent from happening, time-traveling rogue Rip Hunter is tasked with assembling a disparate group of both heroes and villains to confront an unstoppable threat — one in which not only is the planet at stake, but all of time itself. Can this ragtag team defeat an immortal threat unlike anything they have ever known?",2016,TV-14,42,"['scifi', 'action', 'drama']",US,['US'],7,tt4532368,6.8,101178,120.753,7.4
tm120108,Kung Fu Panda 3,MOVIE,"Continuing his ""legendary adventures of awesomeness"", Po must face two hugely epic, but different threats: one supernatural and the other a little closer to his home.",2016,PG,95,"['comedy', 'animation', 'action', 'family', 'fantasy', 'drama']",US,"['US', 'CN']",,tt2267968,7.1,152791,73.412,6.9
tm206698,Ouija: Origin of Evil,MOVIE,"In 1965 Los Angeles, a widowed mother and her two daughters add a new stunt to bolster their séance scam business and unwittingly invite authentic evil into their home. When the youngest daughter is overtaken by the merciless spirit, this small family confronts unthinkable fears to save her and send her possessor back to the other side.",2016,PG-13,99,"['thriller', 'horror', 'drama']",US,['US'],,tt4361050,5.3,6,40.822,6.1
ts38199,The Magicians,SHOW,"Brakebills University is a secret institution specializing in magic. There, amidst an unorthodox education of spellcasting, a group of twenty-something friends soon discover that a magical fantasy world they read about as children is all too real— and poses grave danger to humanity.",2015,TV-14,44,"['drama', 'scifi', 'fantasy']",US,['US'],5,tt4254242,7.6,49557,75.849,7.7
tm239727,Nocturnal Animals,MOVIE,"Susan Morrow receives a book manuscript from her ex-husband – a man she left 20 years earlier – asking for her opinion of his writing. As she reads, she is drawn into the fictional life of Tony Hastings, a mathematics professor whose family vacation turns violent.",2016,R,115,"['drama', 'thriller']",US,['US'],,tt4551306,7.5,264884,54.29,7.5
tm199607,The Gift,MOVIE,Simon and Robyn are a young married couple whose life is going as planned until a chance run-in with Simon's high school acquaintance sends their world into a tailspin.,2015,R,108,"['thriller', 'drama', 'documentation']",US,"['AU', 'US']",,tt4178092,7.1,151679,11.328,6.7
ts53051,The OA,SHOW,"Prairie Johnson, blind as a child, comes home to the community she grew up in with her sight restored. Some hail her a miracle, others a dangerous mystery, but Prairie won’t talk with the FBI or her parents about the seven years she went missing.",2016,TV-MA,55,"['scifi', 'drama', 'fantasy']",US,['US'],2,tt4635282,7.9,100911,25.314,7.6
ts21869,Sense8,SHOW,"One gunshot, one death, one moment out of time that irrevocably links eight minds in disparate parts of the world, putting them in each other's lives, each other's secrets, and in terrible danger. Ordinary people suddenly reborn as ""Sensates.""",2015,TV-MA,62,"['scifi', 'thriller', 'drama']",US,['US'],2,tt2431438,8.2,151518,36.84,7.8
tm204163,War Dogs,MOVIE,"Based on the true story of two young men, David Packouz and Efraim Diveroli, who won a $300 million contract from the Pentagon to arm America's allies in Afghanistan.",2016,R,114,"['crime', 'drama', 'comedy', 'war']",US,['US'],,tt2005151,7.1,208185,59.104,6.9
tm135307,Blackhat,MOVIE,A man is released from prison to help American and Chinese authorities pursue a mysterious cyber criminal. The dangerous search leads them from Chicago to Hong Kong.,2015,R,133,"['thriller', 'action', 'crime']",US,['US'],,tt2717822,5.4,58192,57.038,5.4
tm138905,The Hateful Eight,MOVIE,Bounty hunters seek shelter from a raging blizzard and get caught up in a plot of betrayal and deception.,2015,R,188,"['western', 'crime', 'drama', 'thriller']",US,['US'],,tt3460252,7.8,570138,23.205,7.7
tm137693,Crimson Peak,MOVIE,"In the aftermath of a family tragedy, an aspiring author is torn between love for her childhood friend and the temptation of a mysterious outsider. Trying to escape the ghosts of her past, she is swept away to a house that breathes, bleeds… and remembers.",2015,R,119,"['thriller', 'drama', 'horror', 'romance', 'fantasy']",US,['US'],,tt2554274,6.5,143899,23.276,6.6
ts18010,Bloodline,SHOW,"A dramatic thriller that explores the demons lurking beneath the surface of a contemporary American family. The Rayburns are hard-working pillars of their Florida Keys community. But when the black sheep son comes home for the 45th anniversary of his parents' hotel, he threatens to expose the Rayburns' dark secrets and shameful past, pushing his siblings to the limits of family loyalty.",2015,TV-MA,57,"['drama', 'thriller']",US,['US'],3,tt0219432,7.9,50028,24.67,7.3
tm136465,Tangerine,MOVIE,"It's Christmas Eve in Tinseltown and Sin-Dee is back on the block. Upon hearing that her pimp boyfriend hasn't been faithful during the 28 days she was locked up, the working girl and her best friend, Alexandra, embark on a mission to get to the bottom of the scandalous rumor. Their rip-roaring odyssey leads them through various subcultures of Los Angeles, including an Armenian family dealing with their own repercussions of infidelity.",2015,R,87,"['comedy', 'drama', 'crime']",US,['US'],,tt3824458,7.1,31385,8.572,7
tm195209,Legend,MOVIE,"Suave, charming and volatile, Reggie Kray and his unstable twin brother Ronnie start to leave their mark on the London underworld in the 1960s. Using violence to get what they want, the siblings orchestrate robberies and murders while running nightclubs and protection rackets. With police Detective Leonard ""Nipper"" Read hot on their heels, the brothers continue their rapid rise to power and achieve tabloid notoriety.",2015,R,132,"['thriller', 'crime', 'drama', 'european']",US,"['US', 'FR', 'GB']",,tt3569230,6.9,175273,72.35,7
ts36631,Narcos,SHOW,A gritty chronicle of the war against Colombia's infamously violent and powerful drug cartels.,2015,TV-MA,52,"['drama', 'thriller', 'crime']",US,['US'],3,tt2707408,8.8,404486,83.072,7.9
ts41956,Designated Survivor,SHOW,"Tom Kirkman, a low-level cabinet member is suddenly appointed President of the United States after a catastrophic attack during the State of the Union kills everyone above him in the Presidential line of succession.",2016,TV-PG,44,"['war', 'action', 'drama', 'thriller']",US,['US'],3,tt5296406,7.5,88019,51.752,7.2
ts52922,Leah Remini: Scientology and the Aftermath,SHOW,"Leah Remini, along with high level former Scientology executives and Church members, explores individual accounts from ex-Church members and their families through meetings and interviews with Leah. Each episode features stories from former members whose lives have been affected by the Church's harmful practices, even well after they left the organization.",2016,TV-14,46,"['documentation', 'history']",US,['US'],3,tt6244192,9,5761,5.463,8.1
ts36015,Into the Badlands,SHOW,"In a land controlled by feudal barons, a great warrior and a young boy embark on a journey across a dangerous land to find enlightenment. 

A genre-bending martial arts series very loosely based on the classic Chinese tale Journey to the West.",2015,TV-14,43,"['action', 'drama']",US,['US'],3,tt3865236,7.9,45628,20.79,7.6
ts21981,iZombie,SHOW,"A medical student who becomes a zombie joins a Coroner's Office in order to gain access to the brains she must reluctantly eat so that she can maintain her humanity. But every brain she eats, she also inherits their memories and must now solve their deaths with help from the Medical examiner and a police detective.",2015,TV-14,42,"['scifi', 'comedy', 'crime', 'drama', 'horror']",US,['US'],5,tt3501584,7.8,66488,53.416,7.8
ts38710,Wynonna Earp,SHOW,Wyatt Earp's great granddaughter Wynonna battles demons and other creatures with her unique abilities and a posse of dysfunctional allies - the only thing that can bring the paranormal to justice.,2016,TV-14,43,"['action', 'scifi', 'western', 'drama', 'fantasy', 'thriller']",US,"['US', 'CA']",4,tt4878326,7.3,22256,32.006,8
tm120609,"Hail, Caesar!",MOVIE,"When a Hollywood star mysteriously disappears in the middle of filming, the studio sends their fixer to get him back.",2016,PG-13,106,"['drama', 'comedy', 'music']",US,['US'],,tt0475290,6.3,132821,10.97,5.9
ts35554,Scream: The TV Series,SHOW,"What starts as a YouTube video going viral, soon leads to problems for the teenagers of Lakewood and serves as the catalyst for a murder that opens up a window to the town's troubled past. Everyone has secrets. Everyone tells lies. Everyone is fair game.",2015,TV-14,43,"['crime', 'horror', 'thriller', 'comedy', 'drama']",US,['US'],3,tt3921180,7.1,40082,86.551,6.9
tm233377,The Edge of Seventeen,MOVIE,"Two high school girls are best friends until one dates the other's older brother, who is totally his sister's nemesis.",2016,R,104,"['comedy', 'drama']",US,['US'],,tt1878870,7.3,120488,27.428,7.2
ts42014,60 Days In,SHOW,"An unprecedented look at life behind bars at Indiana's Clark County Jail as seven innocent volunteers are sent to live among its general population for 60 days without officers, fellow inmates, or staff knowing their secret.",2016,TV-14,46,['reality'],US,['US'],6,tt10112398,7.6,2616,11.052,6.8
tm193769,Steve Jobs,MOVIE,"Set backstage at three iconic product launches and ending in 1998 with the unveiling of the iMac, Steve Jobs takes us behind the scenes of the digital revolution to paint an intimate portrait of the brilliant man at its epicenter.",2015,R,122,['drama'],US,"['GB', 'US']",,tt3565344,7.2,166288,13.009,6.8
ts35563,Supergirl,SHOW,"Twenty-four-year-old Kara Zor-El, who was taken in by the Danvers family when she was 13 after being sent away from Krypton, must learn to embrace her powers after previously hiding them. The Danvers teach her to be careful with her powers, until she has to reveal them during an unexpected disaster, setting her on her journey of heroism.",2015,TV-14,42,"['scifi', 'drama', 'action']",US,['US'],6,tt4016454,6.2,121939,116.295,7.3
ts36129,Crazy Ex-Girlfriend,SHOW,"Rebecca Bunch is a successful, driven, and possibly crazy young woman who impulsively gives up everything - her partnership at a prestigious law firm and her upscale apartment in Manhattan - in a desperate attempt to find love and happiness in that exotic hotbed of romance and adventure: suburban West Covina, California.",2015,TV-14,42,['comedy'],US,['US'],4,tt4094300,7.8,19738,37.838,6.9
tm143984,London Has Fallen,MOVIE,"In London for the Prime Minister's funeral, Mike Banning discovers a plot to assassinate all the attending world leaders.",2016,R,99,"['thriller', 'crime', 'drama', 'action']",US,"['BG', 'GB', 'US']",,tt3300542,5.9,155997,36.762,6.1
tm212927,Mr. Right,MOVIE,"A girl falls for the ""perfect"" guy, who happens to have a very fatal flaw: he's a hitman on the run from the crime cartels who employ him.",2016,R,95,"['comedy', 'romance', 'action']",US,['US'],,tt2091935,6.3,55118,18.043,6.4
tm143085,Chappie,MOVIE,"Every child comes into the world full of promise, and none more so than Chappie: he is gifted, special, a prodigy. Like any child, Chappie will come under the influence of his surroundings—some good, some bad—and he will rely on his heart and soul to find his way in the world and become his own man. But there's one thing that makes Chappie different from any one else: he is a robot.",2015,R,120,"['scifi', 'drama', 'thriller', 'action', 'crime']",US,"['MX', 'ZA', 'US']",,tt1823672,6.8,247192,110.843,6.8
tm209987,Christine,MOVIE,"The story of Christine Chubbuck, a 1970s TV reporter struggling with depression and professional frustrations as she tries to advance her career.",2016,R,115,['drama'],US,['US'],,tt4666726,6.9,14977,8.408,6.8
tm239676,Hush,MOVIE,A deaf woman is stalked by a psychotic killer in her secluded home.,2016,R,82,"['horror', 'thriller']",US,['US'],,tt5022702,6.6,123667,12.617,6.7
tm138297,The Conjuring 2,MOVIE,"New Line Cinema's supernatural thriller The Conjuring 2, with James Wan (Furious 7) once again at the helm following the record-breaking success of The Conjuring, brings to the screen another real case from the files of renowned demonologists Ed and Lorraine Warren. Reprising their roles, Oscar nominee Vera Farmiga (Up In the Air, TV's Bates Motel) and Patrick Wilson (the Insidious films), star as Lorraine and Ed Warren, who, in one of their most terrifying paranormal investigations, travel to north London to help a single mother raising four children alone in a house plagued by malicious spirits.",2016,R,134,"['thriller', 'horror', 'drama']",US,['US'],,tt3065204,7.3,260693,171.543,7.3
ts38511,Love,SHOW,Rebellious Mickey and good-natured Gus navigate the thrills and agonies of modern relationships.,2016,TV-MA,32,"['drama', 'comedy', 'romance']",US,['US'],3,tt4061080,7.7,41362,23.492,7.3
tm134791,Unfriended,MOVIE,"While video chatting one night, six high school friends receive a Skype message from a classmate who killed herself exactly one year ago. At first they think it's a prank, but when the girl starts revealing the friends' darkest secrets, they realize they are dealing with something out of this world, something that wants them dead.",2015,R,82,"['thriller', 'horror', 'drama']",US,['US'],,tt3901018,5.5,73854,22.647,5.5
ts21986,Good Witch,SHOW,"Cassie Nightingale, Middleton’s favorite enchantress, and her young-teenage daughter Grace, who shares that same special intuition as her mom, welcome Dr. Sam Radford and his son to town. When the New York transplants move in next to the Grey House, they are immediately spellbound by the mother-daughter duo next door, but Sam and Cassie quickly find they may not see eye to eye. With her signature charm, Cassie attempts to bring everyone together, ensuring all of Middleton is in for new changes, big surprises and, of course, a little bit of magic!

""Good Witch” is based on Bell’s beloved character Cassie, the raven-haired enchantress who kept audiences spellbound for seven installments of Hallmark Channel's longest-running and highest-rated original movie franchise of all time.",2015,TV-G,43,"['scifi', 'comedy', 'drama', 'fantasy']",US,['US'],7,tt3906732,7.2,10392,41.602,7.7
ts41149,The Ranch,SHOW,"Being a pro athlete didn't pan out for Colt. Now he's helping his dad and brother keep the ranch afloat, and figuring out how he fits into the family.",2016,TV-MA,30,"['comedy', 'drama', 'western']",US,['US'],5,tt4998212,7.4,37890,28.83,7.5
tm135106,In a Valley of Violence,MOVIE,"The story of a drifter named Paul who arrives in a small town seeking revenge on the thugs who murdered his friend. Sisters Mary Anne and Ellen, who run the town's hotel, help Paul in his quest for vengeance.",2016,R,104,"['thriller', 'western', 'drama', 'crime', 'action']",US,['US'],,tt3608930,6,18452,18.124,6
ts35775,Wet Hot American Summer: First Day of Camp,SHOW,"It's the first day of camp in this outrageous prequel to the hilarious 2001 cult classic movie. And at Camp Firewood, anything can happen.",2015,TV-MA,30,['comedy'],US,['US'],2,tt4341672,7.4,23674,16.899,6.4
ts41975,Shooter,SHOW,Bob Lee Swagger is an expert marksman living in exile who is coaxed back into action after learning of a plot to kill the president.,2016,TV-14,41,"['war', 'drama', 'action']",US,['US'],3,tt4181172,7.5,35547,47.07,7.1
tm196125,"Hello, My Name Is Doris",MOVIE,A self-help seminar inspires a sixty-something woman to romantically pursue her younger co-worker.,2015,R,95,"['romance', 'comedy', 'drama']",US,['US'],,tt3766394,6.6,20377,14.663,6.4
ts41490,Hap and Leonard,SHOW,"A darkly comic swamp noir story of two best friends set in the late 1980s. Based on the novels by Joe R. Lansdale, the series follows Hap Collins, an East Texas white boy with a weakness for Southern women, and Leonard Pine, a gay, black Vietnam vet with a hot temper.",2016,TV-MA,42,"['action', 'drama', 'crime', 'thriller']",US,['US'],3,tt3729898,7.6,7577,6.231,7.2
tm196296,A Monster Calls,MOVIE,A boy imagines a monster that helps him deal with his difficult life and see the world in a different way.,2016,PG-13,108,"['fantasy', 'drama', 'thriller', 'animation', 'family', 'european']",US,"['ES', 'US', 'GB']",,tt3416532,7.5,86614,25.422,7.2
ts37971,Master of None,SHOW,"30-year-old New York actor Dev takes on such pillars of maturity as the first big job, a serious relationship, and busting sex offenders on the subway.",2015,TV-MA,32,"['drama', 'comedy']",US,['US'],3,tt4635276,8.3,72341,21.734,7.6
ts21885,Unbreakable Kimmy Schmidt,SHOW,"When a woman is rescued from a doomsday cult and lands in New York City, she must navigate a world she didn’t think even existed anymore.",2015,TV-14,30,"['comedy', 'drama']",US,['US'],4,tt3339966,7.6,70242,20.333,7.2
tm219233,Loving,MOVIE,"The story of Richard and Mildred Loving, an interracial couple, whose challenge of their anti-miscegenation arrest for their marriage in Virginia led to a legal battle that would end at the US Supreme Court.",2016,PG-13,123,"['drama', 'romance']",US,"['GB', 'US']",,tt4669986,7,34139,16.292,6.7
ts36983,Fuller House,SHOW,"D.J. Tanner-Fuller is a widow and mother of three. Things become too much to handle, so she asks for help from her sister Stephanie and her best-friend Kimmy.",2016,TV-Y7,27,"['comedy', 'family']",US,['US'],5,tt3986586,6.7,27148,33.47,7.6
ts41963,Easy,SHOW,"This eclectic, star-studded anthology follows diverse Chicagoans fumbling through the modern maze of love, sex, technology and culture. First dates, friends with benefits, couples with kids. Whatever your relationship status is, it's always complicated.",2016,TV-MA,30,"['drama', 'comedy']",US,['US'],3,tt5562056,6.9,13569,32.563,6.2
ts38204,Making a Murderer,SHOW,"Filmed over 10 years, this real-life thriller follows a DNA exoneree who, while exposing police corruption, becomes a suspect in a grisly new crime.",2015,TV-14,62,"['crime', 'documentation']",US,['US'],2,tt5189670,8.6,93456,10.955,7.9
tm199700,The Danish Girl,MOVIE,"When Gerda Wegener asks her husband Einar to fill in as a portrait model, Einar discovers the person she's meant to be and begins living her life as Lili Elbe. Having realized her true self and with Gerda's love and support, Lili embarks on a groundbreaking journey as a transgender pioneer.",2015,R,119,"['drama', 'romance', 'european']",US,"['DE', 'GB', 'US', 'BE', 'DK']",,tt0810819,7.1,180805,19.604,7.6
tm200126,He Never Died,MOVIE,Jack is a solitary man with a mysterious past. His strange habits will soon become stranger when his past catches up with him.,2015,R,99,"['horror', 'fantasy', 'drama', 'thriller', 'comedy']",US,"['CA', 'US']",,tt3823012,6.4,19936,10.044,6.1
tm132273,Home,MOVIE,"When Earth is taken over by the overly-confident Boov, an alien race in search of a new place to call home, all humans are promptly relocated, while all Boov get busy reorganizing the planet. But when one resourceful girl, Tip, manages to avoid capture, she finds herself the accidental accomplice of a banished Boov named Oh. The two fugitives realize there’s a lot more at stake than intergalactic relations as they embark on the road trip of a lifetime.",2015,PG,95,"['fantasy', 'scifi', 'comedy', 'family', 'animation']",US,['US'],,tt2224026,6.6,100705,37.237,6.8
ts36046,BUNK'D,SHOW,"Siblings Emma, Ravi, and Zuri Ross leave their extravagant New York City penthouse once again to return to Camp Kikiwaka, a rustic summer camp in Maine where their parents met as teenagers.",2015,TV-G,24,"['comedy', 'family', 'drama']",US,['US'],5,tt4591680,5.3,3174,36.236,7.3
ts36545,Quantico,SHOW,"A diverse group of recruits has arrived at the FBI Quantico Base for training. They are the best, the brightest and the most vetted, so it seems impossible that one of them is suspected of masterminding the biggest attack on New York City since 9/11.",2015,TV-14,43,"['drama', 'thriller', 'crime']",US,['US'],3,tt4428122,6.6,60305,33.415,6.5
tm139532,Before I Wake,MOVIE,"In this intense and heart pounding supernatural thriller, Jessie (Kate Bosworth) and Mark (Thomas Jane) decide to take in a sweet and loving 8-year-old boy, Cody. Unbeknownst to them, Cody is terrified of falling asleep. At first, they assume his previous unstable homes caused his aversion to sleep, but soon discover why: Cody's dreams manifest in reality as he sleeps. In one moment they experience the incredible wonder of Cody's imagination, and in the next, the horrific nature of his night terrors. To save their new family, Jessie and Mark embark on a dangerous hunt to uncover the truth behind Cody's nightmares.",2016,PG-13,97,"['drama', 'fantasy', 'horror', 'thriller']",US,['US'],,tt3176922,6.2,45243,13.359,6.4
ts36856,F is for Family,SHOW,"Follow the Murphy family back to the 1970s, when kids roamed wild, beer flowed freely and nothing came between a man and his TV.",2015,TV-MA,28,"['comedy', 'animation', 'drama']",US,['US'],5,tt4326894,8,36050,34.434,7.3
tm219248,The Fundamentals of Caring,MOVIE,"Having suffered a tragedy, Ben becomes a caregiver to earn money. His first client, Trevor, is a hilarious 18-year-old with muscular dystrophy. One paralyzed emotionally, one paralyzed physically, Ben and Trevor hit the road on a trip into the western states. The folks they collect along the way will help them test their skills for surviving outside their calculated existence. Together, they come to understand the importance of hope and the necessity of true friendship.",2016,R,97,"['drama', 'comedy']",US,['US'],,tt2452386,7.3,70542,10.667,7.3
tm220594,Winter on Fire: Ukraine's Fight for Freedom,MOVIE,"A documentary on the unrest in Ukraine during 2013 and 2014, as student demonstrations supporting European integration grew into a violent revolution calling for the resignation of President Viktor F. Yanukovich.",2015,,98,['documentation'],US,"['UA', 'GB', 'US']",,tt4908644,8.3,17710,11.354,8
tm239743,Batman: The Killing Joke,MOVIE,"As Batman hunts for the escaped Joker, the Clown Prince of Crime attacks the Gordon family to prove a diabolical point mirroring his own fall into madness.",2016,R,72,"['drama', 'crime', 'thriller', 'animation', 'action']",US,['US'],,tt4853102,6.4,55806,29.498,6.6
tm138614,Cop Car,MOVIE,Two kids find themselves in the centre of a deadly game of cat and mouse after taking a sheriff's cruiser for a joy ride.,2015,R,86,"['thriller', 'crime']",US,['US'],,tt4209984,6.3,32547,10.384,5.9
tm205890,Bastille Day,MOVIE,"Michael Mason is an American pickpocket living in Paris who finds himself hunted by the CIA when he steals a bag that contains more than just a wallet. Sean Briar, the field agent on the case, soon realises that Michael is just a pawn in a much bigger game and is also his best asset to uncover a large-scale conspiracy.",2016,R,92,"['action', 'drama', 'thriller', 'crime']",US,"['US', 'FR', 'LU', 'GB']",,tt4649162,6.3,42763,14.921,6.3
tm139841,Sinister 2,MOVIE,A young mother and her twin sons move into a rural house that's marked for death.,2015,R,97,"['horror', 'thriller']",US,"['GB', 'US', 'CA']",,tt2752772,5.3,53733,26.423,5.8
tm233521,Other People,MOVIE,"David, a struggling comedy writer fresh off from breaking up with his boyfriend, moves from New York City to Sacramento to help his sick mother. Living with his conservative father and much-younger sisters for the first time in ten years, he feels like a stranger in his childhood home. As his mother’s health declines, David frantically tries to extract meaning from this horrible experience and convince everyone (including himself) that he's ""doing okay.”",2016,,97,"['comedy', 'drama']",US,['US'],,tt4158876,6.8,11243,7.611,6.4
ts35354,Zoo,SHOW,"Set amidst a wave of violent animal attacks sweeping across the planet, a young renegade scientist is thrust into a race to unlock the mystery behind this pandemic before time runs out for animals and humans alike.",2015,TV-14,43,"['drama', 'thriller', 'scifi']",US,['US'],3,tt3250026,6.6,24479,60.53,6.6
tm244788,13th,MOVIE,An in-depth look at the prison system in the United States and how it reveals the nation's history of racial inequality.,2016,,100,"['documentation', 'history', 'crime']",US,['US'],,tt5895028,8.2,34914,10.311,8
tm208622,American Ultra,MOVIE,"Mike is an unmotivated stoner whose small-town life with his live-in girlfriend, Phoebe, is suddenly turned upside down.  Unbeknownst to him, Mike is actually a highly trained, lethal sleeper agent. In the blink of an eye, as his secret past comes back to haunt him, Mike is thrust into the middle of a deadly government operation and is forced to summon his inner action-hero in order to survive.",2015,R,96,"['comedy', 'action', 'scifi']",US,"['US', 'CH']",,tt3316948,6.1,89912,15.041,6.1
tm204035,Spectral,MOVIE,A special-ops team is dispatched to fight supernatural beings that have taken over a European city.,2016,PG-13,109,"['scifi', 'action', 'thriller']",US,['US'],,tt2106651,6.3,58407,38.64,6.4
ts41913,Frequency,SHOW,"Detective Raimy Sullivan is stunned when a voice suddenly crackles through her father’s old, long-broken ham radio – it’s Frank Sullivan, somehow transmitting over the airwaves and through the decades from 1996. Separated by twenty years, father and daughter have reunited on a frequency only they can hear, but can they rewrite the story of their lives without risking everyone they love?",2016,TV-14,18,"['scifi', 'fantasy', 'thriller', 'drama']",US,['US'],3,tt5531470,7.5,13625,13.548,7.2
ts3844,Aquarius,SHOW,"In the late 1960s, a Los Angeles police sergeant with a complicated personal life starts tracking a small-time criminal and budding cult leader seeking out vulnerable women to join his “cause.” The name of that man is Charles Manson.",2015,TV-14,43,"['drama', 'crime', 'thriller', 'european']",US,['US'],2,tt4744218,7.1,12112,11.944,6.8
ts53287,Roman Empire,SHOW,"This stylish mix of documentary and historical epic chronicles the reign of Commodus, the emperor whose rule marked the beginning of Rome's fall.",2016,TV-14,48,"['drama', 'history', 'war', 'documentation']",US,['US'],3,tt6233538,7,7539,25.738,6.9
tm136321,Advantageous,MOVIE,"In a near-future city where soaring opulence overshadows economic hardship, Gwen and her daughter, Jules, do all they can to hold on to their joy, despite the instability surfacing in their world.",2015,,92,"['scifi', 'drama', 'family']",US,['US'],,tt4209960,6.2,5378,7.157,6
tm233465,The Bye Bye Man,MOVIE,"When three college students move into an old house off campus, they unwittingly unleash a supernatural entity known as The Bye Bye Man, who comes to prey upon them once they discover his name. The friends must try to save each other, all the while keeping The Bye Bye Man's existence a secret to save others from the same deadly fate.",2016,PG-13,96,"['thriller', 'fantasy', 'horror', 'drama']",US,['US'],,tt4032232,4.3,23588,22.899,5.2
tm136257,Beasts of No Nation,MOVIE,"Based on the experiences of Agu, a child fighting in the civil war of an unnamed, fictional West African country. Follows Agu's journey as he's forced to join a group of soldiers. While he fears his commander and many of the men around him, his fledgling childhood has been brutally shattered by the war raging through his country, and he is at first torn between conflicting revulsion and fascination.",2015,R,137,"['war', 'drama']",US,"['US', 'GH']",,tt1365050,7.7,80129,11.978,7.6
tm140843,Self/less,MOVIE,An extremely wealthy elderly man dying from cancer undergoes a radical medical procedure that transfers his consciousness to the body of a healthy young man but everything may not be as good as it seems when he starts to uncover the mystery of the body's origins and the secret organization that will kill to keep its secrets.,2015,PG-13,116,"['scifi', 'thriller', 'action', 'drama']",US,['US'],,tt2157712,6.5,98127,24.934,6.4
tm238722,Collateral Beauty,MOVIE,"Retreating from life after a tragedy, a man questions the universe by writing to Love, Time and Death. Receiving unexpected answers, he begins to see how these things interlock and how even loss can reveal moments of meaning and beauty.",2016,PG-13,97,"['drama', 'romance']",US,['US'],,tt4682786,6.7,99053,25.719,7.3
ts35256,Chef's Table,SHOW,"In this Emmy-nominated docuseries, find out what's inside the kitchens and minds of the international culinary stars who are redefining gourmet food.",2015,TV-MA,50,['documentation'],US,['US'],7,tt4295140,8.5,15176,16.397,7.9
ts53249,Trollhunters: Tales of Arcadia,SHOW,"After uncovering a mysterious amulet, an average teen assumes an unlikely destiny and sets out to save two worlds.",2016,TV-Y7,22,"['action', 'scifi', 'fantasy', 'animation', 'comedy', 'drama', 'family']",US,['US'],3,tt1734135,8.4,16509,35.879,8.5
tm239683,Team Foxcatcher,MOVIE,"With never-before seen home video, this film recounts the paranoid downward spiral of John E. du Pont and the murder of Olympic wrestler Dave Schultz.",2016,,91,"['documentation', 'crime', 'history', 'sport']",US,['US'],,tt5598216,7.3,6496,8.626,7.1
tm147082,"What Happened, Miss Simone?",MOVIE,"The film chronicles Nina Simone's journey from child piano prodigy to iconic musician and passionate activist, told in her own words.",2015,,101,"['music', 'documentation']",US,['US'],,tt5108670,7.6,13703,9.586,7.5
tm206512,Circle,MOVIE,"In a massive, mysterious chamber, fifty strangers awaken to find themselves trapped with no memory of how they got there. Organized in an inward-facing circle and unable to move, they quickly learn that every two minutes, one of them must die... executed by a strange device in the center of the room.",2015,,87,"['scifi', 'thriller', 'horror', 'drama', 'european']",US,['US'],,tt4473464,6,52925,12.217,6
tm200690,The Forest,MOVIE,"Set in the Aokigahara Forest, a real-life place in Japan where people go to end their lives. Against this backdrop, a young American woman comes in search of her twin sister, who has mysteriously disappeared.",2016,R,95,"['thriller', 'scifi', 'drama', 'fantasy', 'horror']",US,['US'],,tt3387542,4.8,42148,27.63,5.2
tm155102,Demonic,MOVIE,A police officer and a psychologist investigate the deaths of five people who were killed while trying to summon ghosts.,2015,R,83,"['thriller', 'horror']",US,"['GB', 'US']",,tt1841642,5.3,14882,6.835,5.3
tm245378,Barry,MOVIE,A biopic of Barack Obama set during his time as a college student in New York City.,2016,,104,['drama'],US,['US'],,tt5477566,5.9,7116,10.953,5.8
ts52830,Gilmore Girls: A Year in the Life,SHOW,"Set nearly a decade after the finale of the original series, this revival follows Lorelai, Rory and Emily Gilmore through four seasons of change.",2016,TV-14,92,"['comedy', 'drama']",US,['US'],1,tt5435008,7.6,36359,20.316,7.6
tm138672,Frank & Lola,MOVIE,A talented Las Vegas chef falls in love with an aspiring fashion designer but turns violently jealous when he realizes that she's hiding dark secrets.,2016,,88,"['drama', 'romance', 'thriller', 'crime']",US,['US'],,tt1290138,5.9,6029,9.626,5.6
ts38809,The Get Down,SHOW,"In 1977 New York City, the talented and soulful youth of the South Bronx chase dreams and breakneck beats to transform music history.",2016,TV-MA,62,"['drama', 'music']",US,['US'],2,tt4592410,8.2,22304,8.755,7.4
tm253083,Blue Jay,MOVIE,"Meeting by chance when they return to their tiny California hometown, two former high-school sweethearts reflect on their shared past.",2016,,81,"['romance', 'drama']",US,['US'],,tt5912454,7.3,17033,8.648,7
tm316731,Bert Kreischer: The Machine,MOVIE,Storyteller Bert Kreischer expounds on a series of incredible and hilarious tales - from an unforgettable run-in with a grizzly bear to his legendary travels in Russia.,2016,,70,['comedy'],US,['US'],,tt6545220,7.6,1513,2.851,7.8
tm244403,ARQ,MOVIE,Two old friends living in a dystopic future become trapped in a mysterious time loop — one that may have something to do with an ongoing battle between an omnipotent corporation and a ragtag band of rebels.,2016,R,88,"['scifi', 'thriller', 'action']",US,['US'],,tt5640450,6.3,38463,17.371,6.1
ts79799,Dragons: Race to the Edge,SHOW,"Unlock the secrets of the Dragon Eye and come face to face with more dragons than anyone has ever imagined as Hiccup, Toothless and the Dragon Riders soar to the edge of adventure.",2015,TV-Y7,22,"['animation', 'action', 'scifi', 'family', 'comedy', 'drama', 'fantasy']",US,['US'],6,tt4816058,8.2,6161,58.201,8.2
tm139194,Ratchet & Clank,MOVIE,"When the galaxy comes under the threat of a nefarious space captain, a mechanic and his newfound robot ally join an elite squad of combatants to save the universe.",2016,PG,94,"['action', 'animation', 'comedy', 'family', 'scifi', 'fantasy']",US,"['US', 'CA']",,tt2870834,5.5,10764,14.238,5.8
tm235227,Bill Hicks: Reflections,MOVIE,"Comedy Dynamics sits down with Bill Hicks’ brother, Steve, who tells old stories, squashes old rumors and reveals the brother and son behind the late comedian. Told amidst old and rare footage, it’s a must watch for any fan.",2015,,34,['documentation'],US,['US'],,,,,0.901,6.7
tm233317,Pee-wee's Big Holiday,MOVIE,A fateful meeting with a mysterious stranger inspires Pee-wee Herman to take his first-ever holiday.,2016,PG,90,"['comedy', 'family']",US,['US'],,tt0837156,6.1,7985,10.761,6.2
ts38568,Flaked,SHOW,"In his funky California beach enclave, Chip's the go-to guy for personal insights. But he isn't quite as enlightened when it comes to his own baggage.",2016,TV-MA,32,"['drama', 'romance', 'comedy']",US,['US'],2,tt4973548,7.2,11264,13.564,6.9
ts42137,Voltron: Legendary Defender,SHOW,Five unlikely teenage heroes and their flying robot lions unite to form the megapowerful Voltron and defend the universe from evil.,2016,TV-Y7,24,"['action', 'scifi', 'animation', 'comedy', 'drama', 'family', 'fantasy']",US,['US'],8,tt5580664,8.1,8706,38.016,7.4
ts35987,Transformers: Robots In Disguise,SHOW,"Years after the events of Predacons Rising, Bumblebee is summoned back to Earth to battle several of Cybertron's most wanted Decepticons that escaped from a crashed prison ship and assembles a team of young Autobots that includes Sideswipe (a rebel ""bad boy bot""), Strongarm (an Elite Guard cadet), Grimlock (a bombastic Dinobot), and Fixit (a hyperactive Mini-Con with faulty wiring).",2015,TV-Y7,21,"['scifi', 'animation', 'action', 'comedy']",US,['US'],5,tt3604232,6,1048,20.971,7.7
tm123789,The Young Messiah,MOVIE,"Tells the story of Jesus Christ at age seven as he and his family depart Egypt to return home to Nazareth. Told from his childhood perspective, it follows young Jesus as he grows into his religious identity.",2016,PG-13,120,"['drama', 'fantasy']",US,['US'],,tt1002563,5.6,3542,20.107,6.3
ts38770,Lady Dynamite,SHOW,"A single-camera half-hour comedy based on what Maria Bamford has accepted to be ""her life."" It's the sometimes surreal story of a woman who loses — and then finds — her s**t.",2016,TV-MA,30,"['comedy', 'drama']",US,['US'],2,tt4789300,7.3,3655,6.874,7.4
ts42038,No Tomorrow,SHOW,"When a risk-averse, straight-arrowed, female procurement manager at an Amazon-like distribution center falls in love with a free-spirited man who lives life to the fullest because he believes the apocalypse is imminent, they embark on a quest together to fulfill their individual bucket lists, with comedic and poignant results.",2016,TV-14,47,"['comedy', 'drama', 'romance', 'thriller']",US,['US'],1,tt1527428,7.3,5101,7.804,6.2
tm233533,White Girl,MOVIE,"Summer, New York City. A college girl falls hard for a guy she just met. After a night of partying goes wrong, she goes to wild extremes to get him back.",2016,,88,"['drama', 'horror', 'crime']",US,['US'],,tt4134536,5.7,10646,17.452,5.7
ts42119,Greenleaf,SHOW,"The unscrupulous world of the Greenleaf family and their sprawling Memphis megachurch, where scandalous secrets and lies are as numerous as the faithful. Born of the church, the Greenleaf family love and care for each other, but beneath the surface lies a den of iniquity—greed, adultery, sibling rivalry and conflicting values—that threatens to tear apart the very core of their faith that holds them together.",2016,TV-MA,42,['drama'],US,['US'],5,tt4971144,7.3,5158,16.824,7.4
tm166321,Our Brand Is Crisis,MOVIE,"Based on the documentary ""Our Brand Is Crisis"", this feature focuses on the use of American political campaign strategies in South America.",2015,R,108,"['comedy', 'drama']",US,['US'],,tt1018765,6.1,22147,12.35,5.8
tm214825,The Ridiculous 6,MOVIE,"When his long-lost outlaw father returns, Tommy ""White Knife"" Stockburn goes on an adventure-filled journey across the Old West with his five brothers.",2015,PG-13,119,"['western', 'action', 'comedy']",US,['US'],,tt2479478,4.8,47935,52.167,5.1
tm238661,Special Correspondents,MOVIE,A radio journalist and his technician get in over their heads when they hatch a scheme to fake their own kidnapping during a rebel uprising in South America and hide out in New York instead.,2016,PG-13,100,['comedy'],US,"['US', 'CA', 'GB']",,tt4181052,5.8,23669,14.187,5.7
tm142881,Jem and the Holograms,MOVIE,"As a small-town girl catapults from underground video sensation to global superstar, she and her three sisters begin a one-in-a-million journey of discovering that some talents are too special to keep hidden. Four aspiring musicians will take the world by storm when they see that the key to creating your own destiny lies in finding your own voice.",2015,PG,119,"['fantasy', 'drama', 'family', 'music', 'romance', 'scifi']",US,['US'],,tt3614814,4.1,7804,11.088,5.5
tm243121,Mascots,MOVIE,Eager contestants don big heads and furry suits to vie for the title of World's Best Mascot.,2016,,89,['comedy'],US,['US'],,tt4936176,5.8,7381,6.767,5.4
tm239707,The Do-Over,MOVIE,The life of a bank manager is turned upside down when a friend from his past manipulates him into faking his own death and taking off on an adventure.,2016,PG-13,108,"['action', 'comedy']",US,['US'],,tt4769836,5.7,45146,13.392,5.7
tm242736,Bo Burnham: Make Happy,MOVIE,"Combining his trademark wit and self-deprecating humor with original music, Bo Burnham offers up his unique twist on life in this stand-up special about  life, death, sexuality, hypocrisy, mental illness and Pringles cans.",2016,,60,"['comedy', 'music', 'documentation']",US,['US'],,tt5777636,8.4,14356,7.462,8.1
tm208903,For the Love of Spock,MOVIE,"The life of Star Trek's Mr. Spock — as well as that of Leonard Nimoy, the actor who played Mr. Spock for almost fifty years —written and directed by his son, Adam.",2016,,105,['documentation'],US,"['CA', 'US']",,tt4572820,7.6,4349,10.672,7.5
tm205437,Dream/Killer,MOVIE,"In 2005, 20-year-old Ryan Ferguson was convicted and sentenced to 40 years in prison for a crime he did not commit. dream/killer is the story of how his father Bill embarked on 10-year campaign to prove Ryan’s innocence. The film is chock-full of incredible characters. From the questionable District Attorney Kevin Crane, and the highly-confused witness Chuck Erickson, to the high-powered Chicago attorney Kathleen Zellner, the doc depicts both a highly flawed justice system, as well as one that can work brilliantly.",2015,,107,"['crime', 'documentation']",US,['US'],,tt4504438,7.4,1938,4.566,6.7
ts78325,Sinatra: All or Nothing at All,SHOW,"An up-close and personal examination of the life, music and career of the legendary entertainer. Told in his own words from hours of archived interviews, along with commentary from those closest to him, the documentary weaves the music and images from Sinatra’s life together with rarely seen footage of his famous 1971 “Retirement Concert” in Los Angeles. The film’s narrative is shaped by Sinatra’s song choices for that concert, which Gibney interprets as the singer’s personal guide through his own life.",2015,TV-14,122,"['documentation', 'music']",US,['US'],1,tt3838978,8,2354,5.024,7.3
tm247642,Amanda Knox,MOVIE,"This gripping, atmospheric documentary recounts the infamous trial, conviction and eventual acquittal of Seattle native Amanda Knox for the 2007 murder of a British exchange student in Italy.",2016,,92,"['crime', 'documentation', 'european']",US,"['DK', 'US']",,tt5952332,6.9,23969,11.45,6.7
tm219276,Tallulah,MOVIE,"Desperate to be rid of her toddler, a dissatisfied Beverly Hills housewife hires a stranger to babysit and ends up getting much more than she bargained for.",2016,,111,"['drama', 'romance', 'comedy']",US,['US'],,tt1639084,6.7,20111,8.44,6.8
tm135543,By the Sea,MOVIE,"Set in France during the mid-1970s, Vanessa, a former dancer, and her husband Roland, an American writer, travel the country together. They seem to be growing apart, but when they linger in one quiet, seaside town they begin to draw close to some of its more vibrant inhabitants, such as a local bar/café-keeper and a hotel owner.",2015,R,122,"['drama', 'european', 'romance']",US,"['US', 'FR']",,tt3707106,5.3,20541,9.388,5.6
tm233544,Marco Polo: One Hundred Eyes,MOVIE,Before he lost his sight. Before he pledged his service to Kublai Khan. Hundred Eyes saw what made him into the deadly assassin who trains Marco Polo.,2015,,28,"['action', 'history', 'drama']",US,['US'],,tt5248968,7.8,10742,9.676,7.2
ts11670,The Adventures of Puss in Boots,SHOW,"The world's greatest feline fighter, lover and milk connoisseur is back in this original series filled with daring adventures, great boots, and laugh-out-loud fun! The entire family will be entranced by Puss' fantastical CG world filled with new characters, exotic locations and mystical tales that make up the stuff of legends. There's nothing that can get in this celebrated swashbuckling kitty's way...except maybe a hairball.",2015,TV-Y7,23,"['family', 'animation', 'comedy', 'fantasy', 'western', 'action']",US,['US'],6,tt3807034,6.6,1696,14.724,6.9
ts42090,Last Chance U,SHOW,"In a docuseries set at one of NCAA football's most fertile recruiting grounds, guys with red flags seek to prove their worth on the field and in class.",2016,TV-MA,55,"['documentation', 'sport']",US,['US'],5,tt5863126,8.4,6789,16.641,7.3
tm138792,Results,MOVIE,"Two mismatched personal trainers' lives are upended by the actions of a new, wealthy client.",2015,R,105,"['comedy', 'romance']",US,['US'],,tt3824412,5.4,7073,7.885,5.1
tm244880,I Am the Pretty Thing That Lives in the House,MOVIE,A young nurse takes care of elderly author who lives in a haunted house.,2016,,89,"['thriller', 'drama', 'horror']",US,"['CA', 'US']",,tt5059406,4.6,14491,9.791,4.4
tm308241,Legends of the Hidden Temple,MOVIE,Three siblings who break away from a lackluster temple tour in a jungle finds themselves immersed in a real-life mission comprised of obstacles that they must complete in order to escape alive.,2016,PG,68,['family'],US,['US'],,tt5333842,5.7,896,6.75,6.8
tm244052,Sebastian Maniscalco: Why Would You Do That?,MOVIE,Comedian Sebastian Maniscalco performs his third Showtime special at the Beacon Theatre in Manhattan.,2016,,63,['comedy'],US,['US'],,tt6295304,7.3,1063,3.29,7.8
ts77654,Care Bears and Cousins,SHOW,Care Bears and Cousins,2015,TV-Y,23,['animation'],US,['US'],2,tt4680360,6.8,82,4.256,9.3
tm232953,Sleight,MOVIE,"A young street magician is left to take care of his little sister after his mother's passing and turns to drug dealing in the Los Angeles party scene to keep a roof over their heads. When he gets into trouble with his supplier, his sister is kidnapped and he is forced to rely on both his sleight of hand and brilliant mind to save her.",2016,R,89,"['thriller', 'crime', 'drama', 'scifi', 'action']",US,['US'],,tt4573516,5.9,8644,8.409,5.4
tm240007,Sniper: Ghost Shooter,MOVIE,"Elite snipers Brandon Beckett and Richard Miller are tasked with protecting a gas pipeline from terrorists looking to make a statement. When battles with the enemy lead to snipers being killed by a ghost shooter who knows their exact location, tensions boil as a security breach is suspected. Is there someone working with the enemy on the inside? Is the mission a front for other activity? Is the Colonel pulling the strings?",2016,R,100,['drama'],US,['US'],,,,,24.896,6.6
tm233493,Middle School: The Worst Years of My Life,MOVIE,"Rafe has an epic imagination...and a slight problem with authority. Both collide when he transfers to an oppressive, rule-crazy middle school. Drowning in do's and don'ts, Rafe and his scheming best friend Leo hatch a plan to break every rule in the school's Code of Conduct. It's Ferris Bueller meets Home Alone as their battle with Principal Dwight explodes into chaos both real and imagined. But Dwight displays his own fiendish creativity, striking back at the rulebreakers. Meanwhile, Rafe struggles to hide his misbehavior from Jeanne, the straight-A, overachieving girl of his dreams, and at home, his mother's boyfriend -- a moochy, jack-of-no-trades named Bear -- threatens to become his stepfather.",2016,PG,92,"['comedy', 'family', 'animation']",US,['US'],,tt4981636,6,8972,15.219,6.9
tm140436,Rock the Kasbah,MOVIE,"A washed-up music producer finds one last shot at redemption with a golden-voiced young girl in Afghanistan. However, when jealousy gets the better of a disgruntled ex-boyfriend, he decides to oppose the young star with talent of his own.",2015,R,100,"['comedy', 'music', 'war']",US,"['MA', 'US']",,tt3165590,5.5,11963,11.689,5.4
ts54156,Chef's Table: France,SHOW,Sample the bold new flavors of France with chefs who are pushing the boundaries of fine dining and reinventing a rich culinary tradition.,2016,TV-14,60,['documentation'],US,['US'],1,tt6088326,8.2,1723,2.151,8.5
tm228242,A Very Murray Christmas,MOVIE,"Bill Murray worries no one will show up to his TV show due to a massive snowstorm in New York City. Through luck and perseverance, guests arrive at Gotham’s Carlyle Hotel to help him — dancing and singing in holiday spirit.",2015,,56,"['comedy', 'music']",US,['US'],,tt4537842,5.5,15428,6.405,5.3
ts51368,Skylanders Academy,SHOW,"Follow the heroic adventures of the Skylanders team, a group of heroes with unique elemental skills and personalities who travel the vast Skylands universe, protecting it from evil-doers and showing the next wave of Academy cadets how to do things the “Skylander way.”",2016,TV-Y7,23,"['action', 'animation', 'comedy', 'family', 'fantasy']",US,['US'],3,tt5916218,6.7,730,18.291,6.1
tm209950,Kevin Hart: What Now?,MOVIE,"In Universal Pictures’ Kevin Hart: What Now?, comedic rock-star Kevin Hart follows up his 2013 hit stand-up concert movie Let Me Explain, which grossed $32 million domestically and became the third-highest live stand-up comedy movie of all time. Hart takes center stage in this groundbreaking, record-setting, sold-out performance of “What Now?”—filmed outdoors in front of 50,000 people at Philadelphia’s Lincoln Financial Field—marking the first time a comedian has ever performed to an at-capacity football stadium.",2016,R,96,"['comedy', 'documentation']",US,['US'],,tt4669186,5.9,9458,8.106,6.5
tm205935,Extraction,MOVIE,"When a former CIA operative is kidnapped by a group of terrorists, his son learns there is no plan for his father to be saved—so he launches his own rescue operation.",2015,R,92,"['thriller', 'action']",US,"['GB', 'US']",,tt4382872,4.1,11180,19.682,4.6
tm244134,Tramps,MOVIE,A young man and woman find love in an unlikely place while carrying out a shady deal.,2016,,83,"['romance', 'comedy', 'documentation', 'european']",US,['US'],,tt9049178,6.5,5460,10.796,6.1
tm233616,LEGO Marvel Super Heroes: Avengers Reassembled!,MOVIE,The Avengers are forced to “party” with Ultron when he seeks to disassemble the team by taking control of Iron Man’s armor and enact a nefarious scheme to take over the world.,2015,,22,"['animation', 'comedy', 'scifi', 'action']",US,['US'],,tt5371572,6.1,843,13.662,6.5
tm211510,Incarnate,MOVIE,An exorcist comes up against an evil from his past when he uses his skills to enter the mind of a nine year old boy.,2016,PG-13,91,"['horror', 'thriller']",US,['US'],,tt3216348,5.2,12918,14.776,5.4
tm219173,Term Life,MOVIE,"If Nick Barrow can stay alive for 21 days, he'll die happy. Everyone Nick knows wants him dead; Mob bosses, contract killers, and dirty cops. Performing the last act of a desperate man, Nick takes out a million dollar insurance policy on himself, payable to his estranged daughter. The problem? The policy doesn't take effect for 21 days. Nick knows they'll be lucky to be alive for twenty-one hours.",2016,R,93,"['thriller', 'action', 'crime', 'drama']",US,['US'],,tt2978102,5.6,7860,20.41,5.9
tm214085,Tig,MOVIE,"An intimate documentary that follows Tig Notaro, a Los Angeles based comedian, who just days after being diagnosed with invasive stage II breast cancer changed the course of her career with a poignant stand-up set that became legendary overnight. It explores Tig's extraordinary journey as her career ignites and as her life unfolds in grand and unexpected ways, all the while continuing to battle a life-threatening illness and falling in love.",2015,,95,['documentation'],US,['US'],,tt3986532,7.4,2649,5.604,7.2
tm229542,John Mulaney: The Comeback Kid,MOVIE,"Armed with boyish charm and a sharp wit, the former ""SNL"" writer offers sly takes on marriage, his beef with babies and the time he met Bill Clinton.",2015,PG,62,"['comedy', 'documentation']",US,['US'],,tt5069564,7.9,8471,4.657,7.8
tm241314,Minimalism: A Documentary About the Important Things,MOVIE,How might your life be better with less? The popular simple-living duo The Minimalists examines the many flavors of minimalism by taking the audience inside the lives of minimalists from various walks of life.,2015,,79,['documentation'],US,['US'],,tt4685424,6.7,15656,10.028,6.6
ts75829,Lego Bionicle: The Journey to One,SHOW,Six legendary heroes find themselves on an epic quest as they harness the power of nature's elements to defeat the forces of evil.,2016,TV-Y7,17,"['animation', 'action', 'fantasy', 'scifi']",US,['US'],2,tt5075942,5.5,170,1.4,7.3
ts56674,The Mr. Peabody & Sherman Show,SHOW,"The world's smartest dog and his boy host a zany late-night comedy show from a swanky penthouse, with time-traveling historical figures and a live audience.",2015,,23,"['comedy', 'scifi', 'animation', 'family', 'history']",US,['US'],4,tt5021206,5.7,433,6.315,7.4
ts35360,Inspector Gadget,SHOW,"When Dr. Claw returns, Inspector Gadget is brought out of retirement to defeat him again, now with Penny and Brain's open participation.",2015,TV-Y,21,"['action', 'comedy', 'family', 'scifi', 'animation']",US,"['CA', 'US']",4,tt3910690,4.5,614,9.398,6.9
tm246870,Lavender,MOVIE,A photographer struggling with memory loss discovers her pictures may indicate something sinister is hitting close to home.,2016,,92,"['thriller', 'drama']",US,"['CA', 'US']",,tt9237490,5.3,7005,15.816,5.7
tm266844,True Memoirs of an International Assassin,MOVIE,"After a publisher changes a writer's debut novel about a deadly assassin from fiction to nonfiction, the author finds himself thrust into the world of his lead character, and must take on the role of his character for his own survival.",2016,PG-13,98,"['action', 'comedy', 'crime']",US,['US'],,tt1542768,5.9,22466,12.817,5.8
tm238748,The Darkness,MOVIE,A family returns from a Grand Canyon vacation with a supernatural presence in tow.,2016,PG-13,92,"['thriller', 'horror']",US,['US'],,tt1878841,4.5,15848,14.011,4.8
tm193125,Hot Girls Wanted,MOVIE,A first-ever look at the realities of the professional “amateur” porn world and the steady stream of 18-to-19-year old girls entering into it.,2015,,84,['documentation'],US,['US'],,tt4382552,6.1,17447,44.727,5.9
ts42089,Haters Back Off,SHOW,"Delve into the oddball family life of Miranda Sings, an incredibly confident, totally untalented star on the rise, who continues to fail upward by the power of her belief that she was born famous, it's just no one knows it yet.",2016,TV-14,30,"['comedy', 'drama', 'family', 'romance']",US,['US'],2,tt5467814,6.1,7183,8.147,6.4
ts36630,Dinotrux,SHOW,"Half dinosaur, half construction truck, full-on fun! Watch giant Ty Rux, his little buddy Revvit and the crew come face-to-face with evil D-Structs.",2015,TV-Y7,23,"['action', 'comedy', 'family', 'animation']",US,['US'],5,tt1396212,6.8,458,18.042,7.1
ts39017,Dawn of the Croods,SHOW,"The world's first family is back for more laughs as they discover sports, sleepovers and other wonders in a world of exotic creatures and adventures. This 2D animated cartoon is based on the 3D animated feature film, ""The Croods"".",2015,TV-Y7,23,"['comedy', 'family', 'animation']",US,['US'],4,tt5193172,5.8,712,43.241,7.7
tm229140,Anthony Jeselnik: Thoughts and Prayers,MOVIE,There's no subject too dark as the comedian skewers taboos and riffs on national tragedies before pulling back the curtain on his provocative style.,2015,,59,['comedy'],US,['US'],,,,,6.22,7.4
ts38757,Kong: King of the Apes,SHOW,"Set in 2050, Kong becomes a wanted fugitive after wrecking havoc at Alcatraz Island’s Natural History and Marine Preserve. What most humans on the hunt for the formidable animal don’t realize, though, is that Kong was framed by an evil genius who plans to terrorize the world with an army of enormous robotic dinosaurs. As the only beast strong enough to save humanity from the mechanical dinos, Kong must rely on the help of three kids who know the truth about him.",2016,TV-Y7,21,"['animation', 'scifi', 'action', 'comedy', 'family']",US,['US'],2,tt5462936,5.9,325,11.297,6.5
ts35596,Bella and the Bulldogs,SHOW,"A head cheerleader's life takes an unexpected twist when her rifle-like throwing arm takes her from the sidelines to becoming her middle school’s starting quarterback. Bella Dawson is a confident, caring and talented teenager, who suddenly finds herself fulfilling a lifelong dream but also having to navigate the world of her teammates Troy, Sawyer and Newt, without losing her two best friends, Pepper and Sophie from the cheer squad.",2015,TV-G,23,"['comedy', 'family', 'sport']",US,['US'],2,tt3596178,5,2114,11.756,7.9
ts144323,Unnatural Selection,SHOW,Three high school students decide to escape the mundane urban environment and embark on a fishing adventure.,2015,TV-MA,35,"['reality', 'documentation', 'comedy']",US,['US'],1,tt11063952,8.1,12,5.531,7.6
ts38512,Cooked,SHOW,"Explored through the lenses of the four natural elements – fire, water, air and earth – COOKED is an enlightening and compelling look at the evolution of what food means to us through the history of food preparation and its universal ability to connect us. Highlighting our primal human need to cook, the series urges a return to the kitchen to reclaim our lost traditions and to forge a deeper, more meaningful connection to the ingredients and cooking techniques that we use to nourish ourselves.",2016,TV-PG,53,['documentation'],US,['US'],1,tt5347906,7.6,43,4.669,7.5
tm139870,Opening Night,MOVIE,A failed Broadway singer who now works as a production manager must save opening night on his new production by wrangling his eccentric cast and crew.,2016,,90,"['comedy', 'thriller', 'drama', 'action', 'crime']",US,['US'],,tt8215284,6,2610,11.431,5.9
tm266628,LEGO Jurassic World: The Indominus Escape,MOVIE,The scientists of Jurassic World create a captivating and terrifying new creature that loves hot dogs. But what happens when the hot dogs run out?,2016,G,24,"['family', 'animation', 'comedy']",US,['US'],,,,,13.027,5.7
tm267429,"Surviving Compton: Dre, Suge and Michel'le",MOVIE,"Discovered at a young age, the shy, squeaky-voiced Michel'le was plucked straight from South Central, Los Angeles and catapulted into the spotlight while riding N.W.A.'s rocket ride of early success. Surrounded by industry visionaries from Eazy-E to Tupack Skaur, Michel'le quickly climbed the charts, but her musical successes were soon overshadowed by betrayal and corruption. A nearly decade-long romance with the infamous Dr. Dre pushed her into a life tarnished by alcohol, drugs and violence until her savior came in the unlikely form of Suge Knight, co-founder of Death Row Records and Dre's business partner. Friendship would turn into a courtly romance, but the union Michel'le thought they had did not end happily ever after. With children from both men and a career to protect, Michel'le's voice became silenced by Compton's biggest power players. Until now.",2016,,87,"['drama', 'documentation']",US,['US'],,tt8070856,6.6,645,3.512,6.3
ts42628,Netflix Presents: The Characters,SHOW,No rules. No expectations. A half hour to make their mark. Eight different comedians each get an episode to show their skills in comedy.,2016,TV-MA,31,['comedy'],US,['US'],1,tt5228026,5.3,835,3.998,5.1
ts36740,Project Mc²,SHOW,"McKeyla, Adrienne, Bryden, and Camryn are four super smart and science-skilled girls recruited to join the spy organization, NOV8.",2015,TV-G,24,['family'],US,['US'],6,tt4861760,6.1,985,14.028,8
ts53076,El Chema,SHOW,"Inspired by true events, This is the story of the most notorious drug kingpin the world had ever seen. A man known as El Chapo, the biggest international drug lord in history. The most important and influential man, in the history of Narcos. He changed the game with his spectacular escapes and innovative smuggling techniques.",2016,TV-MA,44,"['drama', 'action', 'crime']",US,['US'],1,tt5730624,6.9,303,103.284,
ts53106,Tokyo Trial,SHOW,"In the wake of World War II, 11 Allied judges are tasked with weighing the fates of Japanese war criminals in a tense international trial.",2016,TV-MA,49,"['drama', 'history']",US,"['JP', 'US']",1,tt6422918,7.4,1544,6.903,6.9
tm239947,Mercy,MOVIE,"Brought together at their childhood home over their dying mother, an estranged family is thrust into a deadly fight for their own survival.",2016,,82,"['thriller', 'drama']",US,['US'],,tt5710042,4.1,3402,9.957,4.3
tm218186,Septembers of Shiraz,MOVIE,"In this adaptation of the critically acclaimed debut novel by Iranian American author Dalia Sofer, a secular Jewish family is caught up in the maelstrom of the 1979 Iranian Revolution.",2015,PG-13,110,"['drama', 'thriller', 'western']",US,['US'],,tt3661298,7.9,38,8.075,5.8
tm242755,Ordinary World,MOVIE,"Perry is a happily married father of two living a comfortable but sedate life in the suburbs. On the occasion of his 40th birthday, he seeks to revisit his former life as the lead singer in a popular punk band though his middle-aged reality quickly (and hilariously) clashes with the indulgences of his youth.",2016,,86,"['drama', 'family', 'comedy', 'music']",US,['US'],,tt6102594,5.5,3034,7.766,6
tm242002,Jeff Foxworthy & Larry the Cable Guy: We've Been Thinking,MOVIE,Comedians Jeff Foxworthy and Larry the Cable Guy bring their distinctive brand of humor to a packed crowd in Minneapolis.,2016,,74,['comedy'],US,['US'],,tt5571712,5.6,614,2.907,5.8
ts52988,Captive,SHOW,"Documentary series reconstructing history's most complex, high-stakes hostage negotiations as kidnapping victims recount their terrifying ordeals.",2016,,63,"['documentation', 'drama', 'european']",US,['US'],1,tt6246500,6.8,724,3.779,6.8
tm220317,Demetri Martin: Live (At The Time),MOVIE,"Demetri Martin brings his off-kilter take on acoustic guitar, hairless cats, color schemes, and the word ""nope"" to Washington in his original special.",2015,,61,"['comedy', 'documentation']",US,['US'],,tt4512714,7.4,2163,4.491,6.9
tm244638,Rebirth,MOVIE,A man's life is turned inside out after a visit from his college friend leads him into the unexpected.,2016,,101,['thriller'],US,['US'],,tt4902716,4.9,5156,6.244,4.6
tm232954,Audrie & Daisy,MOVIE,"A documentary film about three cases of rape, that includes the stories of two American high school students, Audrie Pott and Daisy Coleman. At the time of the sexual assaults, Pott was 15 and Coleman was 14 years old. After the assaults, the victims and their families were subjected to abuse and cyberbullying.",2016,,95,"['documentation', 'crime']",US,['US'],,tt5278460,7.2,6586,8.819,7.2
ts56748,T@gged,SHOW,t@gged is a modern day thriller that explores the terrifying risks of social media in a world of anonymity.,2016,TV-14,22,"['drama', 'thriller', 'reality']",US,['US'],3,tt5881326,7.3,2012,12.18,8
tm225275,Riot,MOVIE,"Copper Jack Stone purposefully orchestrates a bank robbery in order to be thrown into prison with the notorious Russian kingpin Balam. Balam is more than just a mob criminal; he's a very cunning and dangerous lord who controls the police force from behind bars. Balam lives in prison as a cover for his real power, which is King of the city. His cell is a lavish private room built specifically for him, inaccessible to most in the depths of the prison structure. Even the warden fears venturing into his area of the prison. However, even surrounded by his loyal henchmen and guards in his sectioned off fortress, Balam doesn't know Jack is coming for him to avenge his family, who Balam murdered in cold blood. Balam is tough... but Jack is tougher.",2015,,87,['action'],US,['US'],,tt4642044,5.1,3332,13.12,5.9
tm227922,Anjelah Johnson: Not Fancy,MOVIE,"Actress and comedian Anjelah Johnson showcases her hilarious impressions to riff on European Gypsies, Vietnamese manicurists, Mexican moms, and more.",2015,,63,"['comedy', 'documentation']",US,['US'],,tt4199110,5.7,686,3.318,4.8
tm272413,Colin Quinn: The New York Story,MOVIE,"The ""SNL"" veteran performs his off-Broadway show about the history of New York and the people who shape its personality.",2016,,62,['comedy'],US,['US'],,tt6257714,6.8,990,3.746,6.3
ts55559,Ask the Storybots,SHOW,"Based on the award-winning educational apps, the StoryBots are curious little creatures who live in the world beneath our screens and go on fun adventures to help answer kids' questions, like how night happens or why we need to brush our teeth.",2016,TV-Y,26,"['animation', 'comedy', 'family']",US,['US'],3,tt5846856,8.4,870,13.727,8.2
tm239762,Tony Robbins: I Am Not Your Guru,MOVIE,"Granted unprecedented access, Berlinger captures renowned life and business strategist Tony Robbins behind the scenes of his mega seminar Date with Destiny, pulling back the curtain on this life-altering and controversial event, the zealous participants and the man himself.",2016,,115,['documentation'],US,['US'],,tt5151716,6.7,4335,9.812,6.6
tm132524,I Am Michael,MOVIE,The controversial true story of a gay activist who rejects his homosexuality and becomes a Christian pastor.,2015,,98,"['drama', 'romance']",US,['US'],,tt5116866,5.6,5495,8.06,5.6
tm245297,Justin Timberlake + The Tennessee Kids,MOVIE,"For Justin Timberlake it's the final two dates of his 20/20 Experience World Tour at the MGM Grand Garden Arena in Las Vegas. Surrounded by the 25 band members of The Tennessee Kids and featuring show-stopping performances from one of the highest-grossing tours of the decade, the film is a culmination of the singer’s 134 shows and 2 years on the road.",2016,,90,"['documentation', 'music']",US,['US'],,tt5001772,7.8,2173,4.71,7.6
ts54100,World of Winx,SHOW,The Winx travel all over the world searching for talent for WOW. and preventing the mysterious talent thief from kidnapping them.,2016,TV-Y7,23,"['action', 'animation', 'comedy', 'family', 'fantasy', 'european']",US,"['US', 'IT']",2,tt5874596,6.6,715,4.724,8.1
ts35463,Richie Rich,SHOW,"Richie Rich is a boy who turned vegetables into a clean energy source. As a result, Rich now has over a trillion dollars. Rich lives with his family in a mansion filled with toys, contraptions, and his best friends Darcy and Murray are always by his side, along with Irona, Richie's robot maid, his dad Cliff, who loves naps and is a bit dense, and his jealous sister Harper. Also, Darcy loves spending money and Murray doesn't want anything out of budget.",2015,TV-PG,22,['comedy'],US,['US'],2,tt4162898,3.1,1041,14.932,6.3
tm281182,Gabriel Iglesias: I'm Sorry for What I Said When I Was Hungry,MOVIE,"Hawaiian-shirt enthusiast Gabriel ""Fluffy"" Iglesias finds the laughs in racist gift baskets, Prius-driving cops and all-female taco trucks.",2016,PG-13,87,"['comedy', 'documentation']",US,['US'],,tt6302122,7.4,2519,4.242,7.2
tm245148,Jim Jefferies: Freedumb,MOVIE,"Returning for a second Netflix comedy special, Jim Jefferies unleashes his famously ferocious black humor to a packed house in Nashville, Tennessee.",2016,R,86,"['comedy', 'documentation']",US,['US'],,tt5849950,7.7,5393,6.07,7.3
tm195764,6 Years,MOVIE,"A young couple bound by a seemingly ideal love, begins to unravel as unexpected opportunities spin them down a volatile and violent path and threaten the future they had always imagined.",2015,,84,"['romance', 'drama']",US,['US'],,tt3984280,5.6,12441,8.384,5.4
tm195870,Manson Family Vacation,MOVIE,"The story of two brothers: one who’s devoted to his family, the other who’s obsessed with the Manson Family.",2015,,85,"['drama', 'comedy', 'thriller']",US,['US'],,tt4154218,5.8,2965,7.823,5.9
tm246056,Garfunkel and Oates: Trying to be Special,MOVIE,"Garkfunkel and Oates: Trying to Be Special is the first special by the musical comedy duo of Kate Micucci and Riki Lindhome. The pair filmed the special at the Neptune Theatre in Seattle, and it features songs, comedy, and a new Garfunkel and Oates music video.",2016,,62,"['comedy', 'music']",US,['US'],,tt5602318,7.3,899,3.59,7.5
ts55966,LEGO Friends: The Power of Friendship,SHOW,"Five best friends face adventures side by side in their hometown. Zany antics, love and missteps are better with friends.",2016,TV-Y,23,['animation'],US,['US'],2,tt6464612,6.5,49,9.137,7.7
tm240895,Strange Weather,MOVIE,"Years after her son's suicide, a woman longs to confront both the past and a friend of his who took his business idea.",2016,R,95,['drama'],US,['US'],,tt5205210,6,1499,12.599,6
tm246579,Rainbow Time,MOVIE,"Todd grew up under the strange shadow of his older mentally challenged brother Shonzi. As kids, Shonzi forced Todd to make action movies. As adults he pressures him to share love life details, even showing Shonzi a sex tape he made with an old girlfriend to help him cope when family tragedy hits. When their dad suffers a heart attack, Shonzi (now 40, and still a virgin) moves in with Todd and his new girlfriend Lindsay. Shonzi wants desperately to be included in their relationship like old times. When Shonzi’s begging become threats to reveal secrets from their past, Todd must find the courage to be honest with Lindsay, even if it means the end of their relationship.",2016,,91,"['drama', 'comedy']",US,['US'],,tt5167174,5.9,710,4.336,5.9
tm243849,Extremis,MOVIE,A purely observational non-fiction film that takes viewers into the ethically murky world of end-of-life decision making in a public hospital.,2016,,24,['documentation'],US,['US'],,,,,5.349,7.1
tm238829,Open Season: Scared Silly,MOVIE,"The humans and animals believe a werewolf is on the loose, and former hunter Shaw uses the opportunity to re-open the season. Boog, Elliot, and Mr. Weenie have to face their fears and find the werewolf to get the season closed permanently.",2015,PG,85,['animation'],US,"['US', 'CA']",,,,,25.774,5.9
tm225675,Jeff Dunham: Unhinged in Hollywood,MOVIE,Previously unseen stand-up comedy by Jeff Dunham. Sketches include popular characters. Brad Paisley performs too! Special appearances by comic Chris Parnell and former UFC champion Chuck Liddell.,2015,PG,60,['comedy'],US,['US'],,tt5038776,6.7,713,3.278,6.2
tm233023,Tom Segura: Mostly Stories,MOVIE,"The bearded, bawdy, and comically bitter Tom Segura gets real about body piercings, the ""Area 51"" of men's bodies, and the lie he told Mike Tyson.",2016,,73,"['comedy', 'documentation']",US,['US'],,tt4970632,7.5,3508,4.573,7
tm220473,Colin Quinn: Unconstitutional,MOVIE,"Colin Quinn returns to the stage in ""Unconstitutional"" where he tackles 226 years of American Constitutional calamities in 70 Minutes.",2015,,55,['comedy'],US,['US'],,tt4392266,7,465,1.542,6.9
tm225693,Keith Richards: Under the Influence,MOVIE,"A portrait of Keith Richards that takes us on a journey to discover the genesis of his sound as a songwriter, guitarist and performer.",2015,PG,82,"['music', 'documentation']",US,['US'],,tt4900018,7.1,3357,5.617,6.8
tm199987,Ralphie May: Unruly,MOVIE,"Very little is off-limits in comedian Ralphie May’s very first Netflix original stand-up comedy special, Unruly. Filmed live in front of a raucous, fist-pumping crowd at Cobb Energy Performing Arts Centre in Atlanta, May unleashes his hilariously raunchy, no-holds-barred perspective on everything from airline travel and the news media, to Chick-fil-A and everybody being a little racist when they drive.",2015,,83,['comedy'],US,['US'],,,,,3.016,4.3
tm421855,4K Fireplace,MOVIE,"Enjoy this crackling fireplace during a holiday party or a cozy night in. Shot in stunning 4K Ultra HD, this music-free fireplace video flickers, crackles and adds warmth to any room. Loop video playback for continuous enjoyment.",2015,G,181,"['family', 'reality']",US,['US'],,tt5275236,7.7,48,1.336,6.8
tm244559,I Called Him Morgan,MOVIE,"Part jazz history, part true-crime tale, Kasper Collin’s new documentary employs extensive archival footage and new interviews to tell the tragic story of the magnificently talented trumpeter Lee Morgan and his common-law wife Helen, who murdered him in a New York bar in 1972.",2016,,91,"['music', 'documentation', 'history', 'drama', 'european']",US,"['SE', 'US']",,tt4170344,7.3,1785,5.671,7.2
tm239774,XOXO,MOVIE,"XOXO follows six strangers whose lives collide in one frenetic, dream-chasing, hopelessly romantic night.",2016,,92,"['music', 'drama']",US,['US'],,tt4855748,5.3,6981,18.472,6
tm245235,Ali Wong: Baby Cobra,MOVIE,"Ali Wong might be seven-months pregnant, but there’s not a fetus in the world that can stop this acerbic and savage train of comedy from delivering a masterful hour of stand-up.",2016,,60,['comedy'],US,['US'],,tt5066574,7.5,6925,6.777,7.4
ts38812,Fearless,SHOW,"On a journey from Brazil to the Las Vegas championships, professional bull riders risk it all to earn money, respect and titles.",2016,,43,"['documentation', 'reality']",US,['US'],2,tt9556710,7.1,299,2.313,8
tm215054,Chris Tucker: Live,MOVIE,Comedian Chris Tucker performs live.,2015,,92,"['comedy', 'documentation']",US,['US'],,tt4835636,6.3,1936,5.081,6
ts38769,Chelsea,SHOW,"It's not her first talk show, but it is a first of its kind. Ideas, people and places that fascinate her, all in her unique style.",2016,TV-MA,57,['comedy'],US,['US'],2,tt5672036,6.1,2051,19.427,5.1
ts42155,Home: Adventures with Tip & Oh,SHOW,"Picking up where the 2015 film left off, this coming-of-age buddy comedy follows fearless Tip and overenthusiastic Oh, as they navigate the crazily combined human and alien culture they live in, finding adventure everywhere they go.",2016,TV-Y7,21,"['comedy', 'family', 'fantasy', 'scifi', 'animation']",US,['US'],4,tt5759196,5.9,603,7.217,7
ts52981,White Rabbit Project,SHOW,"Kari Byron, Tory Belleci and Grant Imahara rank history's greatest inventions, heists and more.",2016,TV-PG,48,['reality'],US,['US'],1,tt6048644,6.9,1665,4.026,7
ts107658,Mind Game,SHOW,"With the help of a cop, a psychiatrist and a woman who can foretell the future, a brilliant paralegal works to solve an array of perplexing mysteries.",2015,TV-14,44,"['drama', 'action', 'crime']",US,"['JP', 'US']",1,tt8879588,7.5,12,,
ts42260,Chelsea Does,SHOW,"Comedienne and writer Chelsea Handler discusses the topics of marriage, racism, Silicon Valley, and drugs. Filmed in four parts.",2016,TV-MA,60,['documentation'],US,['US'],1,tt5275894,7.3,2471,4.073,6.5
ts43119,Real Rob,SHOW,Centers around comedian Rob Schneider's real life while living in Hollywood.,2015,TV-14,31,['comedy'],US,['US'],2,tt3741346,6.4,2801,6.72,6
tm233196,Jessica Darling's It List,MOVIE,"Jessica Darling – a smart, witty, opinionated girl heading into 7th grade – was never too concerned about where she'd fit in the middle school hierarchy. But before her first day of school, her older sister — the super popular Bethany, now in college—decides to help out by giving her the “It List”—a cheat sheet on how to navigate the middle school maze and rise to the top of the popularity chain. The instructions appear simple enough to follow, but, like life, nothing is as easy as it seems.",2016,,79,['family'],US,['US'],,tt5213744,5.5,973,10.978,6
ts127430,StoryBots Super Songs,SHOW,"Based on the award-winning educational apps, ""StoryBots Super Songs"" centers on the StoryBots, the curious little creatures who live in the world beneath our screens and help answer humans' biggest questions.",2016,TV-Y,21,"['animation', 'family']",US,['US'],1,tt6163070,8.8,167,0.878,9
tm376111,Chocolate City: Vegas Strip,MOVIE,"The Chocolate City dancers come together to save their club from foreclosure. They decide to enter a national stripper competition, traveling all the way to Las Vegas to try their luck.",2016,PG-13,89,['drama'],US,['US'],,tt5485482,3.7,297,5.246,6.5
tm270555,The Ivory Game,MOVIE,"Wildlife activists and investigators put their lives on the line to battle the illegal African ivory trade, in this suspenseful on-the-ground documentary.",2016,,112,"['documentation', 'european']",US,"['US', 'AT']",,tt5952534,7.9,3243,7.433,7.6
tm230426,"Liar, Liar, Vampire",MOVIE,"When ordinary boy Davis suddenly becomes famous at school as people start to believe he's actually a vampire, vampire expert Cameron helps him act like a real vampire.",2015,G,66,"['comedy', 'family']",US,['US'],,tt4448304,5.8,940,9.114,7.1
tm239769,I'll Sleep When I'm Dead,MOVIE,An energetic and fast-paced bio-doc that examines the story behind one of the most prolific and well-known DJs working today: Steve Aoki.,2016,,82,['documentation'],US,['US'],,tt4679136,6.6,1358,5.041,6.5
tm245722,Chronically Metropolitan,MOVIE,A case of writer's block inspires a young novelist to return home to New York City and reconnect with his engaged ex and his bohemian parents.,2016,,86,"['drama', 'comedy']",US,['US'],,tt5078796,5,1503,4.043,5.2
tm266629,Russell Peters: Almost Famous,MOVIE,"The comic comes home to Toronto to sound off on cultural quirks, furniture building and bathroom visits, reveling in all things ridiculously human.",2016,,73,['comedy'],US,['US'],,tt5946232,6.5,1882,3.53,6.7
tm257629,#FollowFriday,MOVIE,Students and Faculty on a college campus are targeted by a killer using social media.,2016,,90,['thriller'],US,['US'],,tt5233106,2.7,382,3.26,3.6
ts78442,Coach Snoop,SHOW,"See a different side of Snoop Dogg in this unique documentary, which details the famous rapper's efforts to mentor young athletes and create opportunities for them to compete at the highest level of youth football. We'll meet the kids and coaches that form Snoop's squad -- and witness the important life lessons they learn with every game.",2016,TV-MA,29,['documentation'],US,['US'],2,tt5697642,6.8,583,2.274,7.8
ts42347,Word Party,SHOW,"Meet Bailey, Franny, Kip and Lulu. They're adorable baby animals, and they want you to join the party and help them learn!",2016,TV-Y,20,"['animation', 'family']",US,['US'],5,tt5235950,5.7,349,7.049,8.3
tm211273,Jen Kirkman: I'm Gonna Die Alone (And I Feel Fine),MOVIE,"Jen Kirkman's Netflix produced stand-up special as performed at the North Door in Austin, Texas.",2015,,78,['comedy'],US,['US'],,tt4705606,6.8,1506,5.005,6.9
tm230927,Puerto Ricans in Paris,MOVIE,"NYPD detectives Luis and Eddie visit Paris to help gorgeous French designer Colette catch the black market thief who's ripped off her new handbag design. While Luis' girlfriend Vanessa and Eddie's wife Gloria remain in New York, the hopelessly unhip odd couple stumble through a glamorous high-fashion world brimming with charming cafes, wild nightclubs and corporate treachery.",2015,R,82,['comedy'],US,['US'],,tt3730510,5.3,1824,6.561,5.7
tm273933,Reggie Watts: Spatial,MOVIE,"The comic innovator delivers a surreal set blending experimental songs, jokes about grits, guns and drugs, and other improvised comedy adventures.",2016,,61,"['comedy', 'music']",US,['US'],,tt5861260,6,503,3.124,5.7
tm274053,Asperger's Are Us,MOVIE,"For the members of the comedy troupe Asperger’s Are Us, it’s easier to associate with a faceless audience than with their own families. No matter who the crowd, best friends Noah, New Michael, Jack and Ethan have one simple mantra: “We would much rather the audience appreciate us as comedians than people who have overcome adversity.”  In this coming-of-age heartfelt documentary, this band of brothers finds themselves at a crossroad. With real life pulling them apart, they decide to plan one ambitious farewell show before they all go their separate ways. People with Asperger’s don’t deal well with uncertainty, and this is the most uncertain time in their lives.",2016,,83,"['documentation', 'comedy', 'drama']",US,['US'],,tt4991844,6.6,737,4.968,5.9
tm193378,Iliza Shlesinger: Freezing Hot,MOVIE,"Smart and brazen comedian Iliza Shlesinger shares her unflinchingly honest observations on the differences between men and women. Filled with hashtag-able catch phrases, this is a laugh-out-loud revelation exposing some of women’s best kept - and ugliest - secrets, including truths about first date attire, fantasy break-ups and the tireless pursuit of not being cold while still looking hot.",2015,,71,"['comedy', 'documentation']",US,['US'],,tt4074376,6.8,2572,4.925,6.6
ts75897,Kulipari: An Army of Frogs,SHOW,"In a tale of bravery and heroism, fearless frogs go to war against the sinister scorpions and spiders that have teamed up to conquer the amphibians.",2016,,24,"['action', 'animation', 'fantasy']",US,['US'],2,tt6040768,6.9,254,6.244,7.4
ts91990,The Creative Indians,SHOW,"The Creative Indians is a docu-series showcasing, de-mystifying and de-constructing the lives, journeys and processes of the most impactful creative professionals and projects of India across industries like Cinema, Art, Design, Music, Fashion, Dance, Photography, Advertising and more.",2016,TV-MA,28,['documentation'],US,['US'],4,tt9583184,8.3,45,0.621,
ts38813,Bottersnikes & Gumbles,SHOW,"In a far away forgotten valley heaped with long-abandoned junk, a timeless battle rages between good and evil… and also between squishy and scaly, happy and grumpy, clever and wily… handsome and plain old ugly. This is the land of Bottersnikes and Gumbles.",2016,TV-Y7,13,"['action', 'animation', 'comedy', 'family']",US,"['AU', 'US', 'GB']",4,tt6015820,5.1,47,3.816,7.3
tm267419,Joe Rogan: Triggered,MOVIE,"Unleashing his inquisitive, intense comedic style, Rogan explores everything from raising kids and Santa Claus to pot gummies and talking to dolphins.",2016,,63,"['comedy', 'documentation']",US,['US'],,tt6023444,7.4,4447,4.341,6.7
tm239764,David Cross: Making America Great Again,MOVIE,"With nothing off-limits, David Cross is unapologetic, insightful, and biting in his Netflix original stand-up comedy special, MAKING AMERICA GREAT AGAIN. Filmed live at The Paramount Theatre in Austin, TX, Cross takes aim the current political landscape.",2016,,74,['comedy'],US,['US'],,tt5943936,6.4,1647,4.239,6.7
tm266622,Iliza Shlesinger: Confirmed Kills,MOVIE,"The standup sensation tackle's TV's ""Shark Tank,"" what it means to be a woman and how to deal with the lawless party goblin that lives in us all.",2016,,77,['comedy'],US,['US'],,tt6081882,6.6,2865,4.549,6.4
tm232931,Hannibal Buress: Comedy Camisado,MOVIE,"He's a kamikaze gambler. A one-arm cuddler. And if his fly is down, so be it. A night of sly riffs and slow burns.",2016,R,67,['comedy'],US,['US'],,tt5352432,6.6,1517,4.269,6.4
ts53346,Chasing Cameron,SHOW,"The series stars Dallas and his famous friends embarking on a new tour of Magcon around Europe. Aaron Carpenter, Taylor Caniff, Blake Gray, Trey Schafer and Willie Jones are also starring in the series.",2016,TV-PG,28,['reality'],US,['US'],1,tt6370626,3.8,501,1.968,5.8
tm238486,Theo Von: No Offense,MOVIE,"Known for always saying the unexpected and telling it like it is, even at the expense of offending, Louisiana comedian Theo Von returns home to film his first stand-up comedy special for Netflix at the Civic Theater in New Orleans.",2016,,65,"['comedy', 'documentation']",US,['US'],,tt5066564,5.6,864,2.977,6.4
tm232267,Mike Epps: Don't Take It Personal,MOVIE,Mike Epps wastes no time bringing his unapologetic and raunchy swagger to a howling live audience at the historic Orpheum Theater in Los Angeles.,2015,,60,['comedy'],US,['US'],,tt5339586,4.4,274,3.226,4.6
tm272484,Michael Che Matters,MOVIE,"""SNL"" star Michael Che takes on hot-button topics like inequality, homophobia and gentrification in this stand-up set filmed live in Brooklyn.",2016,,60,['comedy'],US,['US'],,tt6209400,7.2,2586,4.977,6.8
tm198496,Aziz Ansari: Live at Madison Square Garden,MOVIE,"Ansari headlines the iconic Madison Square Garden and delivers his most hilarious and insightful stand-up yet. Filmed in front of a sold-out audience, Ansari's latest special is an uproarious document of the comic in top form -- covering topics ranging from the struggle of American immigrants to the food industry to relationships to gender inequality.",2015,,58,['comedy'],US,['US'],,tt4530184,6.6,3247,6.299,6.7
tm240728,Patton Oswalt: Talking for Clapping,MOVIE,"Patton Oswalt delivers a fresh hour plus of stand-up, covering everything from misery to defeat to hopelessness. It's his most upbeat special to date.",2016,,65,"['comedy', 'documentation']",US,['US'],,tt5457520,6.8,1971,3.899,6.5
tm271839,"Dana Carvey: Straight White Male, 60",MOVIE,Emmy-winning comedian Dana Carvey blends pitch-perfect tales on big personalities with so-true-it-hurts stories from his life as a dad of millennials.,2016,,64,['comedy'],US,['US'],,tt6217368,6.4,1483,5.384,6.3
tm278279,One in a Billion,MOVIE,"In a country of 1.2 billion people and in a sport with billions of fans worldwide, there has yet to be a single Indian-born player drafted in the NBA. One in a Billion follows the global journey of Satnam Singh Bhamara from his home of Ballo Ke, a farming village in rural India, to the bright lights of New York City as he attempts to change history. Building up to a climactic draft night after years of hard work, Satnam hopes to finally create the long-awaited connection between India and the NBA.",2016,,69,['documentation'],US,['US'],,tt6045798,6.7,543,1.67,7
tm212968,Frank and Cindy,MOVIE,"G.J. Echternkamp tells the story of his relationship with his parents, his mother Cindy and his step-father, Frank. Frank used to be a member of OXO, a band from the '80s whose one hit wonder scored with the song ""Whirly Girl"". Cindy was the ultimate groupie who married Frank and thought life would be glamorous and award shows, but it's not how it turned out.",2015,,102,"['comedy', 'drama']",US,['US'],,tt1239242,6.1,855,3.109,5.4
tm230478,Brent Morin: I'm Brent Morin,MOVIE,"In a witty solo show, Brent Morin serves up infectious laughs on the agony of puberty, hot guy problems and the time a girl dumped him for a magician.",2015,,67,['comedy'],US,['US'],,tt5280664,6.5,688,2.743,7.3
tm533845,Sam Kinison: The Scream Continues,MOVIE,"Comedy Dynamics sits down with Sam Kinison's brother, Bill, to set the record straight on the stories surrounding this legendary comedian. Including his classic performances, rare TV appearances and photos, this documentary is not to be missed by any true Sam Kinison fan! Plus, you might be surprised who else you see with Sam. He was one popular guy!",2016,,29,['documentation'],US,['US'],,tt6069058,6.1,39,1.225,7
tm319354,Santa Pac's Merry Berry Day,MOVIE,"﻿As Pacworlders excitedly decorate for Berry Day, Pac is saddened about missing his parents as he receives a picture ornament of them from his Aunt Spheria.  The teens reminisce of their childhood Berry Day as they enjoy Christmas eggnog.  Since Berry Day is one of the happiest days of the year, Betrayus launches a plan to get rid of the day by capturing Santa Pac and his Round Deer and to possess the gifts and Berry Day decorations. All Pac wants for Berry Day is to see his parents Sunny and Zac and is overjoyed when they arrive. But, his parents tell him they want to see the tree of life in the secret location which is forbidden.  Are these Pac’s real parents or are they a trick from Betrayus and Dr. Slimestein?  Let’s hope Berry Day can be merry after all.",2016,,44,"['action', 'animation', 'comedy']",US,"['JP', 'US', 'CA']",,,,,1.328,5.5
tm257141,Cedric the Entertainer: Live from the Ville,MOVIE,"Donning his signature suit and fedora, the dapper comic offers a unique spin on getting old, the presidential election and ""Honky Tonk Badonkadonk.""",2016,,60,['comedy'],US,['US'],,tt5753806,6,681,1.851,5.6
tm286268,#Rucker50,MOVIE,"The celebratory explosion of basketball history makers, legend shakers and lawbreakers; juxtaposed against important events in Civil & Human Rights. The 50 years of The Rucker's ripples reverberate throughout Basketball, Hip-Hop, Harlem, and life.",2016,,56,['documentation'],US,['US'],,tt6475636,5.2,117,2.578,3.7
tm571645,Sommore: The Reign Continues,MOVIE,"Self-proclaimed ""Queen of Comedy"" Sommore storms the stage to deliver a riotous stand-up performance in Charlotte, North Carolina.",2015,R,93,['comedy'],US,['US'],,tt4172758,6.9,76,1.839,7
tm207734,Chris D'Elia: Incorrigible,MOVIE,"Comedian and actor Chris D’Elia, known for his dynamic physical comedy, explains why the NFL would be way more entertaining if it were real lions, bears and Vikings battling each other, that babies are the worst prize ever, and that you should never ask a Cuban directions unless you’re ready for the best time of your life.",2015,R,83,"['comedy', 'documentation']",US,['US'],,tt4624852,6.4,1535,4.419,6.2
tm247396,Virunga: Gorillas in Peril,MOVIE,A behind-the-scenes documentary about the gorillas featured in the film Virunga.,2015,,28,['documentation'],US,['US'],,tt4677816,6.6,32,1.258,7
tm242745,Cristina,MOVIE,"An intimate journey of a 37-year-old Cristina, as fate brings to her life both a new love and an unbeatable challenge.  Determined to pass on a message of hope and a 'live in the now' mentality, Cristina's second cancer takes a toll on her diminishing body, however her love for Bruce only grows. Bruce stands by her side while juggling work and financial strains. The film follows Cristina's journey into her deep AMOUR, one that supports and lifts her up. If she had to choose between finding this deep and pure love and having cancer, or being cancer free but never experiencing true love... what would she choose? Her shocking answers are captured by veteran filmmaker Michèle Ohayon on camera.",2016,,39,"['drama', 'documentation']",US,['US'],,,,,2.358,8.2
tm225416,Janoskians: Untold and Untrue,MOVIE,A history of the Australia comedy troupe The Janoskians leading up to their live performance at Wembley Stadium.,2015,,88,['comedy'],US,['US'],,tt4841640,3.7,160,2.38,5.1
tm860487,Pac’s Scary Halloween,MOVIE,Dr. Pacenstein and Eeghost are plotting to ruin Pac's Halloween dinner plans at Transylpacia Castle and it is up to a scary neighbor to save the night.,2016,,44,"['fantasy', 'horror']",US,['US'],,,,,1.078,7.4
tm232090,Snervous Tyler Oakley,MOVIE,"After eight years of sharing snippets of his life online, see the intimate truth of Tyler Oakley's relationship with family, followers and fame on his sold out international tour.",2015,PG-13,82,['documentation'],US,['US'],,tt5073746,5.4,473,2.688,5.7
ts83535,Popples,SHOW,"The adorable Best Popple Pals love helping their friends and neighbors, but every time they do it seems to backfire in hilarious ways.",2015,,25,['animation'],US,"['FR', 'RU', 'US']",3,tt4210022,6,57,8.408,8
tm239078,Jada,MOVIE,"Jada is 7 years old. Jada lives alone on Venice Beach. By following her through a day in her life, the story of who she is, why she is there, and who the man is that has come looking for her unfolds.",2016,PG-13,16,"['drama', 'sport']",US,['US'],,tt9769714,5.3,157,0.6,4
ts53864,Ozark,SHOW,"A financial adviser drags his family from Chicago to the Missouri Ozarks, where he must launder $500 million in five years to appease a drug boss.",2017,TV-MA,60,"['crime', 'thriller', 'drama']",US,['US'],4,tt5071412,8.5,278223,290.316,8.2
ts56683,The Sinner,SHOW,"In a small New York town, a haunted detective hunts for answers about perplexing crimes while wrestling with his own demons.",2017,TV-MA,45,"['crime', 'thriller', 'drama']",US,['US'],4,tt6048596,7.9,117055,65.193,7.5
tm239091,Blade Runner 2049,MOVIE,"Thirty years after the events of the first film, a new blade runner, LAPD Officer K, unearths a long-buried secret that has the potential to plunge what's left of society into chaos. K's discovery leads him on a quest to find Rick Deckard, a former LAPD blade runner who has been missing for 30 years.",2017,R,164,"['scifi', 'thriller', 'action', 'drama']",US,"['CA', 'HU', 'MX', 'ES', 'GB', 'US']",,tt1856101,8,539864,61.861,7.5
tm310953,Sorry to Bother You,MOVIE,"In an alternate present-day version of Oakland, black telemarketer Cassius Green discovers a magical key to professional success – which propels him into a macabre universe.",2018,R,111,"['fantasy', 'scifi', 'drama', 'comedy']",US,['US'],,tt5688932,6.9,75653,14.691,6.8
tm232797,Dunkirk,MOVIE,"The story of the miraculous evacuation of Allied soldiers from Belgium, Britain, Canada and France, who were cut off and surrounded by the German army from the beaches and harbour of Dunkirk between May 26th and June 4th 1940 during World War II.",2017,PG-13,107,"['drama', 'history', 'thriller', 'war', 'action', 'european']",US,"['US', 'FR', 'NL', 'GB']",,tt5013056,7.8,619645,33.05,7.5
tm244259,Wind River,MOVIE,An FBI agent teams with the town's veteran game tracker to investigate a murder that occurred on a Native American reservation.,2017,R,106,"['thriller', 'crime', 'drama', 'western']",US,"['FR', 'GB', 'US']",,tt6185846,7.7,240408,32.096,7.4
tm315344,Molly's Game,MOVIE,"Molly Bloom, a young skier and former Olympic hopeful becomes a successful entrepreneur (and a target of an FBI investigation) when she establishes a high-stakes, international poker game.",2017,R,140,"['drama', 'crime', 'sport']",US,"['CA', 'US', 'CN']",,tt4209788,7.4,165817,21.304,7.1
ts53023,Riverdale,SHOW,"Set in the present, the series offers a bold, subversive take on Archie, Betty, Veronica and their friends, exploring the surreality of small-town life, the darkness and weirdness bubbling beneath Riverdale’s wholesome facade.",2017,TV-14,42,"['thriller', 'drama', 'romance', 'crime']",US,['US'],6,tt5420376,6.7,139154,369.341,8.5
ts81064,Legacies,SHOW,"In a place where young witches, vampires, and werewolves are nurtured to be their best selves in spite of their worst impulses, Klaus Mikaelson’s daughter, 17-year-old Hope Mikaelson, Alaric Saltzman’s twins, Lizzie and Josie Saltzman, among others, come of age into heroes and villains at The Salvatore School for the Young and Gifted.",2018,TV-14,42,"['scifi', 'drama', 'fantasy', 'horror']",US,['US'],4,tt8103070,7.3,28877,270.461,8.5
ts42405,Mindhunter,SHOW,An agent in the FBI's Elite Serial Crime Unit develops profiling techniques as he pursues notorious serial killers and rapists.,2017,TV-MA,53,"['crime', 'drama', 'thriller']",US,['US'],2,tt5290382,8.6,261429,45.108,8
tm318206,Den of Thieves,MOVIE,A gritty crime saga which follows the lives of an elite unit of the LA County Sheriff's Dept. and the state's most successful bank robbery crew as the outlaws plan a seemingly impossible heist on the Federal Reserve Bank.,2018,R,140,"['thriller', 'action', 'crime', 'drama']",US,['US'],,tt1259528,7,107701,55.531,6.7
ts83970,All American,SHOW,"When a rising high school football player from South Central L.A. is recruited to play for Beverly Hills High, the wins, losses and struggles of two families from vastly different worlds - Compton and Beverly Hills - begin to collide. Inspired by the life of pro football player Spencer Paysinger.",2018,TV-14,42,"['drama', 'sport']",US,['US'],4,tt7414406,7.6,9704,65.499,8.2
tm315174,Phantom Thread,MOVIE,"In 1950s London, renowned British dressmaker Reynolds Woodcock comes across Alma, a young, strong-willed woman, who soon becomes ever present in his life as his muse and lover.",2017,R,130,"['romance', 'drama']",US,"['US', 'GB']",,tt5776858,7.4,128600,18.165,7.3
ts81294,Manifest,SHOW,"After landing from a turbulent but routine flight, the crew and passengers of Montego Air Flight 828 discover five years have passed in what seemed like a few hours. As their new realities become clear, a deeper mystery unfolds and some of the returned passengers soon realize they may be meant for something greater than they ever thought possible.",2018,TV-14,42,"['scifi', 'drama', 'thriller']",US,['US'],3,tt8421350,7.1,50145,87.315,7.7
ts78801,Cobra Kai,SHOW,"This Karate Kid sequel series picks up 30 years after the events of the 1984 All Valley Karate Tournament and finds Johnny Lawrence on the hunt for redemption by reopening the infamous Cobra Kai karate dojo. This reignites his old rivalry with the successful Daniel LaRusso, who has been working to maintain the balance in his life without mentor Mr. Miyagi.",2018,TV-14,31,"['action', 'comedy', 'drama', 'sport']",US,['US'],5,tt7221388,8.6,163858,385.985,8.2
ts79813,You,SHOW,"A dangerously charming, intensely obsessive young man goes to extreme measures to insert himself into the lives of those he is transfixed by.",2018,TV-MA,47,"['thriller', 'crime', 'drama', 'romance']",US,['US'],3,tt7335184,7.7,225949,80.568,8.2
ts77398,Lost in Space,SHOW,"After crash-landing on an alien planet, the Robinson family fights against all odds to survive and escape. But they're surrounded by hidden dangers.",2018,TV-PG,49,"['scifi', 'action', 'drama', 'thriller', 'family']",US,['US'],3,tt5232792,7.3,96868,52.535,7.6
tm344989,Lady Bird,MOVIE,"Lady Bird McPherson, a strong willed, deeply opinionated, artistic 17 year old comes of age in Sacramento. Her relationship with her mother and her upbringing are questioned and tested as she plans to head off to college.",2017,R,94,"['drama', 'comedy']",US,['US'],,tt4925292,7.4,277165,28.718,7.3
ts57120,Good Girls,SHOW,"Three ""good girl"" suburban wives and mothers suddenly find themselves in desperate circumstances and decide to stop playing it safe and risk everything to take their power back.",2018,TV-14,42,"['comedy', 'drama', 'crime']",US,['US'],4,tt6474378,7.7,49867,51.087,8.1
ts75151,Godless,SHOW,"A ruthless outlaw terrorizes the West in search of a former member of his gang, who’s found a new life in a quiet town populated only by women.",2017,TV-MA,65,"['western', 'documentation', 'action', 'drama', 'crime']",US,['US'],1,tt5516154,7.6,27,32.203,7.8
ts54102,Altered Carbon,SHOW,"After 250 years on ice, a prisoner returns to life in a new body with one chance to win his freedom: by solving a mind-bending murder.",2018,TV-MA,52,"['scifi', 'thriller', 'action', 'drama']",US,['US'],2,tt2261227,7.9,162018,59.428,7.8
ts75097,Maniac,SHOW,"Two strangers are drawn to a mysterious pharmaceutical trial that will, they're assured, with no complications or side-effects whatsoever, solve all of their problems, permanently. Things do not go as planned.",2018,TV-MA,39,"['drama', 'scifi', 'comedy']",US,['US'],1,tt5580146,7.7,74877,18.19,7.4
ts84785,Dirty John,SHOW,Anthology series in which each season is based on a true crime story featuring an epic tale of love gone wrong.,2018,TV-MA,44,"['crime', 'drama']",US,['US'],2,tt15438396,7.3,20817,14.581,7.3
ts81208,Charmed,SHOW,"Set in the fictional college town of Hilltowne, Charmed follows the lives of three sisters, Macy, Mel and Maggie Vera who, after the tragic death of their mother, discover they are three of the most powerful witches of all time.",2018,TV-14,42,"['scifi', 'drama', 'fantasy']",US,['US'],4,tt6394324,4.5,16091,126.643,7.4
ts58433,The Haunting of Hill House,SHOW,"The Crains, a fractured family, confront haunting memories of their old home and the terrifying events that drove them from it.",2018,TV-MA,58,"['drama', 'scifi', 'horror', 'thriller']",US,['US'],1,tt6763664,8.6,226817,36.217,8.1
ts57850,HAPPY!,SHOW,"Corrupt ex-cop turned hitman Nick Sax's life is changed forever by a relentlessly positive, imaginary blue winged horse named Happy.",2017,TV-MA,43,"['scifi', 'comedy', 'thriller', 'action', 'crime', 'fantasy']",US,['US'],2,tt2452242,8.1,37747,12.512,7.5
ts79229,Wild Wild Country,SHOW,"When a controversial cult leader builds a utopian city in the Oregon desert, conflict with the locals escalates into a national scandal.",2018,TV-MA,67,"['crime', 'documentation']",US,['US'],1,tt7768848,8.1,29298,13.095,7.9
ts77955,Somebody Feed Phil,SHOW,"""Everybody Loves Raymond"" creator Phil Rosenthal travels the globe to take in the local cuisine and culture of Bangkok, Lisbon, Mexico City and more.",2018,TV-14,52,['documentation'],US,['US'],5,tt7752034,8.2,4420,7.234,7.5
ts75879,Big Mouth,SHOW,Teenage friends find their lives upended by the wonders and horrors of puberty in this edgy comedy from real-life pals Nick Kroll and Andrew Goldberg.,2017,TV-MA,27,"['animation', 'comedy', 'romance']",US,['US'],6,tt6524350,7.9,74660,68.109,7.8
tm420745,How It Ends,MOVIE,A desperate father tries to return home to his pregnant wife after a mysterious apocalyptic event turns everything to chaos.,2018,,113,"['thriller', 'action', 'drama', 'scifi']",US,"['CA', 'US']",,tt5246700,5,51513,28.552,5.3
ts57465,Dynasty,SHOW,"The reboot follows two of America’s wealthiest families, the Carringtons and the Colbys, as they feud for control over their fortune and their children focusing on Fallon Carrington, the daughter of billionaire Blake Carrington, and her soon-to-be stepmother, Cristal, a Hispanic woman marrying into this WASP family and America’s most powerful class.",2017,TV-14,42,['drama'],US,['US'],5,tt6128300,7.2,21136,62.172,8.2
tm232500,The Disaster Artist,MOVIE,"An aspiring actor in Hollywood meets an enigmatic stranger by the name of Tommy Wiseau, the meeting leads the actor down a path nobody could have predicted; creating the worst movie ever made.",2017,R,104,"['comedy', 'drama']",US,['US'],,tt3521126,7.3,149604,13.876,7.1
ts54054,Imposters,SHOW,"Maddie, a persona shifting con-artist who is as beautiful as she is dangerous, leaves her unwitting victims tormented when they realize they have been used and robbed of everything – including their hearts. But things get complicated when her former targets, Ezra, Richard, and Jules team up to track her down.",2017,TV-14,43,"['drama', 'comedy', 'crime']",US,['US'],2,tt5212822,7.8,13238,19.835,7.3
ts58133,Manhunt,SHOW,"Inspired by actual events, this true crime anthology series takes a deep dive into the dark, twisted minds of terrorists and follows the brave souls who hunt them down.",2017,TV-14,43,"['documentation', 'crime', 'thriller', 'drama']",US,['US'],2,tt5618256,8.1,57459,39.681,7.7
tm425889,The Ballad of Buster Scruggs,MOVIE,"Vignettes weaving together the stories of six individuals in the old West at the end of the Civil War. Following the tales of a sharp-shooting songster, a wannabe bank robber, two weary traveling performers, a lone gold prospector, a woman traveling the West to an uncertain future, and a motley crew of strangers undertaking a carriage ride.",2018,R,132,"['western', 'comedy', 'drama', 'romance']",US,['US'],,tt6412452,7.3,141528,35.22,7.1
tm244174,Okja,MOVIE,"A young girl named Mija risks everything to prevent a powerful, multi-national company from kidnapping her best friend - a massive animal named Okja.",2017,PG-13,122,"['drama', 'scifi', 'action']",US,"['KR', 'US']",,tt3967856,7.3,116305,23.865,7.4
ts53545,Santa Clarita Diet,SHOW,They're ordinary husband and wife realtors until she undergoes a dramatic change that sends them down a road of death and destruction. In a good way.,2017,TV-MA,29,"['comedy', 'horror']",US,['US'],3,tt5580540,7.9,64467,26.17,7.5
tm350,The Bad Batch,MOVIE,"In a desert wasteland in Texas, a muscled cannibal breaks one important rule: don’t play with your food.",2017,R,119,"['drama', 'action', 'horror', 'romance', 'scifi']",US,['US'],,tt4334266,5.2,30785,20.735,5.2
ts53198,One Day at a Time,SHOW,"In a reimagining of the TV classic, a newly single Latina mother raises her teen daughter and tween son with the ""help"" of her old-school mom.",2017,TV-PG,29,"['comedy', 'drama']",US,['US'],4,tt5339440,8.2,15669,27.347,8
ts55720,GLOW,SHOW,"In 1980s LA, a crew of misfits reinvent themselves as the Gorgeous Ladies of Wrestling.",2017,TV-MA,34,"['drama', 'comedy', 'sport', 'reality']",US,['US'],4,tt0784878,8,44751,18.959,7.4
ts77852,Trolls: The Beat Goes On!,SHOW,"Queen Poppy tries to keep Troll Village's peace with the Bergens by inviting them to parties, playing their sports and preventing crime.",2018,TV-G,21,"['comedy', 'romance', 'animation', 'family', 'fantasy']",US,['US'],8,tt7539608,5.8,798,14.06,8.6
tm210043,Shot Caller,MOVIE,A newly-released prison gangster is forced by the leaders of his gang to orchestrate a major crime with a brutal rival gang on the streets of Southern California.,2017,R,120,"['thriller', 'crime', 'drama']",US,['US'],,tt4633690,7.3,83961,29.901,6.9
ts56261,Castlevania,SHOW,"A dark medieval fantasy following the last surviving member of the disgraced Belmont clan, trying to save Eastern Europe from extinction at the hand of Vlad Dracula Tepe himself. Inspired by the classic video game series.",2017,TV-MA,26,"['scifi', 'drama', 'fantasy', 'horror', 'animation', 'action']",US,['US'],4,tt6517102,8.3,61114,97.7,8.3
tm226948,The Shack,MOVIE,"After suffering a family tragedy, Mack Phillips spirals into a deep depression causing him to question his innermost beliefs. Facing a crisis of faith, he receives a mysterious letter urging him to an abandoned shack deep in the Oregon wilderness. Despite his doubts, Mack journeys to the shack and encounters an enigmatic trio of strangers led by a woman named Papa. Through this meeting, Mack finds important truths that will transform his understanding of his tragedy and change his life forever.",2017,PG-13,132,"['fantasy', 'drama']",US,['US'],,tt2872518,6.2,35406,129.191,7.4
ts82849,The Kominsky Method,SHOW,"An aging actor, who long ago enjoyed a brush with fame, makes his living as an acting coach.",2018,TV-MA,26,"['drama', 'comedy']",US,['US'],3,tt7255502,8.2,38232,16.555,7.6
ts74809,Knightfall,SHOW,Go deep into the clandestine world of the legendary brotherhood of warrior monks known as The Knights Templar.,2017,TV-14,44,"['action', 'drama', 'history']",US,['US'],2,tt4555364,6.7,19809,30.484,7
ts56969,Atypical,SHOW,"Sam, an 18-year-old on the autism spectrum, takes a funny, yet painful, journey of self-discovery for love and independence and upends his family.",2017,TV-14,31,"['comedy', 'drama']",US,['US'],4,tt6315640,8.3,81643,40.8,8.3
tm288499,Roma,MOVIE,"In 1970s Mexico City, two domestic workers help a mother of four while her husband is away for an extended period of time.",2018,R,135,"['drama', 'european']",US,"['MX', 'US']",,tt6155172,7.7,153508,17.67,7.7
ts39015,A Series of Unfortunate Events,SHOW,"The orphaned Baudelaire children face trials, tribulations and the evil Count Olaf, all in their quest to uncover the secret of their parents' death.",2017,TV-PG,47,"['action', 'family', 'comedy', 'drama']",US,['US'],3,tt4834206,7.8,59239,33.836,7.3
tm244191,The Beguiled,MOVIE,"During the Civil War, at a Southern girls’ boarding school, young women take in an injured enemy soldier. As they provide refuge and tend to his wounds, the house is taken over with sexual tension and dangerous rivalries, and taboos are broken in an unexpected turn of events.",2017,R,93,"['drama', 'documentation', 'war', 'thriller']",US,['US'],,tt5592248,6.8,21,37.717,5.9
ts74816,American Vandal,SHOW,A true-crime satire that explores the aftermath of a costly high school prank that left twenty-seven faculty cars vandalized with phallic images.,2017,TV-MA,33,"['comedy', 'drama', 'crime']",US,['US'],2,tt6877772,8.1,29972,20.845,7.6
ts77563,Mystery Science Theater 3000,SHOW,"The cult hit returns! Captured by mad scientists, new host Jonah survives a blitz of cheesy B movies by riffing on them with his funny robot pals.",2017,TV-14,86,"['scifi', 'comedy', 'thriller', 'drama', 'horror']",US,['US'],2,tt6782014,8.2,3605,4.991,7.9
ts80856,Chilling Adventures of Sabrina,SHOW,"As her 16th birthday nears, Sabrina must choose between the witch world of her family and the human world of her friends. Based on the Archie comic.",2018,TV-14,57,"['scifi', 'thriller', 'drama', 'horror', 'fantasy']",US,['US'],4,tt7569592,7.4,90327,124.52,8.3
tm233482,The Foreigner,MOVIE,Quan is a humble London businessman whose long-buried past erupts in a revenge-fueled vendetta when the only person left for him to love – his teenage daughter – dies in an Irish Republican Army car bombing. His relentless search to find the terrorists leads to a cat-and-mouse conflict with a British government official whose own past may hold the clues to the identities of the elusive killers.,2017,R,113,"['thriller', 'action', 'crime', 'drama', 'european']",US,"['IN', 'CN', 'US', 'GB']",,tt4759848,7,112487,44.823,6.8
tm271951,Apostle,MOVIE,"In 1905, a man travels to a remote island in search of his missing sister who has been kidnapped by a mysterious religious cult.",2018,R,130,"['thriller', 'horror', 'drama', 'fantasy']",US,"['US', 'GB']",,tt6217306,6.3,51038,20.664,6.1
tm311815,Icarus,MOVIE,"While investigating the furtive world of illegal doping in sports, director Bryan Fogel connects with renegade Russian scientist Dr. Grigory Rodchenkov—a pillar of his country’s “anti-doping” program. Over dozens of Skype calls, urine samples, and badly administered hormone injections, Fogel and Rodchenkov grow closer despite shocking allegations that place Rodchenkov at the center of Russia’s state-sponsored Olympic doping program.",2017,,121,"['documentation', 'thriller', 'sport']",US,['US'],,tt6333060,7.9,48672,13.434,7.7
tm371380,The Package,MOVIE,"When a group of teenagers goes on a spring break camping trip, an unfortunate accident sets off a race to save their friend’s most prized possession.",2018,R,94,"['comedy', 'drama', 'thriller']",US,['US'],,tt7525778,5.5,17226,32.016,6
ts82526,Narcos: Mexico,SHOW,See the rise of the Guadalajara Cartel as an American DEA agent learns the danger of targeting narcos in 1980s Mexico.,2018,TV-MA,56,"['drama', 'crime']",US,['US'],3,tt8714904,8.4,80902,58.895,7.9
tm310899,Mary Magdalene,MOVIE,"In the first century, free-spirited Mary Magdalene flees the marriage her family has arranged for her, finding refuge and a sense of purpose in a radical new movement led by the charismatic, rabble-rousing preacher named Jesus.",2018,R,120,['drama'],US,"['GB', 'US', 'AU']",,tt5360996,5.9,10234,103.034,6.3
ts72247,Disenchantment,SHOW,"Set in a ruined medieval city called Dreamland, Disenchantment follows the grubby adventures of a hard-drinking princess, her feisty elf companion and her personal demon.",2018,TV-14,29,"['scifi', 'comedy', 'fantasy', 'animation', 'action']",US,['US'],4,tt5363918,7.2,58639,74.537,7.6
tm266666,Gerald's Game,MOVIE,"When her husband's sex game goes wrong, Jessie (who is handcuffed to a bed in a remote lake house) faces warped visions, dark secrets and a dire choice.",2017,,103,"['horror', 'thriller', 'drama']",US,['US'],,tt3748172,6.5,104894,19.167,6.4
tm239286,The Cloverfield Paradox,MOVIE,"Orbiting above a planet on the brink of war, scientists test a device to solve an energy crisis and end up face-to-face with a dark alternate reality.",2018,PG-13,102,"['thriller', 'horror', 'scifi', 'drama', 'action']",US,['US'],,tt2548396,5.5,102759,26.982,5.6
tm273294,I Don't Feel at Home in This World Anymore,MOVIE,"When a depressed woman is burglarized, she finds a new sense of purpose by tracking down the thieves alongside her obnoxious neighbor. But they soon find themselves dangerously out of their depth against a pack of degenerate criminals.",2017,,93,"['drama', 'thriller', 'comedy', 'crime', 'european']",US,['US'],,tt6149822,6.9,55549,8.397,6.5
ts74823,Wet Hot American Summer: Ten Years Later,SHOW,"A decade after their wild summer as junior counselors, the gang reunites for a weekend of bonding, hanky-panky and hair-raising adventures.",2017,TV-MA,27,['comedy'],US,['US'],1,tt5669272,6.9,8502,17.018,6.6
tm414285,Abducted in Plain Sight,MOVIE,"In 1974, 12-year-old Jan Broberg is abducted from a small church-going community in Idaho by a trusted neighbour and close family friend.",2018,G,91,"['crime', 'documentation', 'thriller', 'drama']",US,['US'],,tt6098534,6.8,18165,10.083,6.4
tm244192,Annabelle: Creation,MOVIE,"Several years after the tragic death of their little girl, a doll maker and his wife welcome a nun and several girls from a shuttered orphanage into their home, soon becoming the target of the doll maker's possessed creation—Annabelle.",2017,R,110,"['horror', 'thriller']",US,['US'],,tt5140878,6.5,129883,53.874,6.6
ts77197,Seven Seconds,SHOW,Tensions run high between African American citizens and Caucasian cops in Jersey City when a teenage African American boy is critically injured by a cop.,2018,TV-MA,62,"['crime', 'drama']",US,['US'],1,tt6297682,7.7,15323,13.897,7.4
tm346943,Kodachrome,MOVIE,"Matt Ryder is convinced to drive his estranged and dying father Benjamin Ryder cross country to deliver four old rolls of Kodachrome film to the last lab in the world that can develop them before it shuts down for good. Along with Ben's nurse Zooey, the three navigate a world changing from analogue to digital while trying to put the past behind them.",2017,,105,"['drama', 'comedy', 'european']",US,['US'],,tt1880399,6.8,16482,7.996,6.8
ts312241,Oats Studios,SHOW,"A compilation of shorts, diverse experimental content and more weird stuff spread directly from the devious mind of the South African film director Neill Blomkamp.",2017,TV-MA,6,"['scifi', 'horror']",US,['US'],1,tt16351432,6.4,870,8.612,8
ts121489,Two Sentence Horror Stories,SHOW,This anthology series of terror features diverse characters facing primal fears in spine-chilling situations that stretch past daily routine.,2017,TV-14,22,"['drama', 'horror', 'thriller']",US,['US'],4,tt6873926,5.5,1841,18.063,5.5
tm270895,I Am Not Your Negro,MOVIE,"Working from the text of James Baldwin’s unfinished final novel, director Raoul Peck creates a meditation on what it means to be Black in the United States.",2017,R,93,"['documentation', 'history', 'european']",US,"['BE', 'FR', 'US']",,tt5804038,7.9,21632,11.41,7.8
tm374132,Bird Box,MOVIE,"Five years after an ominous unseen presence drives most of society to suicide, a survivor and her two children make a desperate bid to reach safety.",2018,R,124,"['thriller', 'drama', 'horror', 'scifi']",US,['US'],,tt2737304,6.6,325194,38.353,6.9
ts78080,Everything Sucks!,SHOW,"It's 1996 in a town called Boring, Oregon, where high school misfits in the AV and drama clubs brave the ups and downs of teenage emotions in the VHS era.",2018,TV-14,24,"['drama', 'comedy']",US,['US'],1,tt7078710,7.5,18023,24.964,7.6
tm244175,The Zookeeper's Wife,MOVIE,"The account of keepers of the Warsaw Zoo, Jan and Antonina Zabinski, who helped save hundreds of people and animals during the Nazi invasion.",2017,PG-13,122,"['drama', 'war', 'history']",US,"['GB', 'US', 'CZ']",,tt1730768,7,42808,19.791,7.4
ts55645,Five Came Back,SHOW,"The extraordinary story of how Hollywood changed World War II – and how World War II changed Hollywood, through the interwoven experiences of five legendary filmmakers who went to war to serve their country and bring the truth to the American people: John Ford, William Wyler, John Huston, Frank Capra, and George Stevens. Based on Mark Harris’ best-selling book, “Five Came Back: A Story of Hollywood and the Second World War.”",2017,TV-MA,65,"['war', 'documentation', 'history']",US,['US'],1,tt6587094,8.3,4600,6.841,7.8
tm319818,Outlaw King,MOVIE,"Forced into exile by the English after being crowned King of Scotland, legendary warrior Robert the Bruce fights to reclaim the throne.",2018,R,121,"['drama', 'action', 'history', 'war']",US,"['GB', 'US']",,tt6679794,6.9,69834,19.359,6.8
ts78558,Queer Eye,SHOW,"An all-new “Fab Five” advise men on fashion, grooming, food, culture and design in this modern reboot of the Emmy Award-winning reality series.",2018,TV-14,47,['reality'],US,['US'],6,tt7259746,8.5,18147,14.475,7.8
ts56648,The Keepers,SHOW,This docuseries examines the decades-old murder of Sister Catherine Cesnik and its suspected link to a priest accused of abuse.,2017,TV-MA,56,"['crime', 'action', 'drama', 'documentation']",US,['US'],1,tt6792200,7.6,14,8.375,7.6
tm244332,Beirut,MOVIE,"In 1980s Beirut, Mason Skiles is a former U.S. diplomat who is called back into service to save a colleague from the group that is possibly responsible for his own family's death. Meanwhile, a CIA field agent who is working under cover at the American embassy is tasked with keeping Mason alive and ensuring that the mission is a success.",2018,R,109,"['thriller', 'action', 'crime', 'drama']",US,['US'],,tt4669264,6.4,21843,12.841,6.3
ts42294,13 Reasons Why,SHOW,"After a teenage girl's perplexing suicide, a classmate receives a series of tapes that unravel the mystery of her tragic choice.",2017,TV-MA,58,"['drama', 'thriller']",US,['US'],4,tt1837492,7.5,282373,100.866,7.8
tm414887,Destination Wedding,MOVIE,"Frank and Lindsay—two emotionally-broken strangers—meet on the way to a destination wedding. Over the course of the weekend and against all odds, they find themselves drawn together even though they are initially repulsed by one another.",2018,R,84,"['romance', 'comedy', 'drama']",US,['US'],,tt6987770,6,28933,11.066,5.7
ts80035,Nightflyers,SHOW,"In the year 2093, a team of scientists aboard the Nightflyer, the most advanced ship ever built, embarks on a journey to find other life forms. Their mission takes them to the edge of the solar system, and to the edge of insanity, as they realize true horror isn't waiting for them in outer space—it's already on their ship.",2018,TV-MA,44,"['scifi', 'thriller', 'drama', 'horror']",US,['US'],1,tt6903284,5.8,13103,17.781,5.6
tm420348,Cam,MOVIE,A young camgirl discovers that she’s inexplicably been replaced on her site with an exact replica of herself.,2018,,95,"['horror', 'thriller', 'drama']",US,['US'],,tt8361028,5.9,31042,16.174,5.8
ts57055,Black Lightning,SHOW,"Jefferson Pierce is a man wrestling with a secret. As the father of two daughters and principal of a charter high school that also serves as a safe haven for young people in a New Orleans neighborhood overrun by gang violence, he is a hero to his community.",2018,TV-14,42,"['scifi', 'action', 'drama']",US,['US'],4,tt6045840,6.1,24646,67.65,7.2
tm244206,The Meyerowitz Stories (New and Selected),MOVIE,An estranged family gathers together in New York for an event celebrating the artistic work of their father.,2017,,112,"['drama', 'comedy']",US,['US'],,tt5536736,6.9,47971,8.222,6.5
tm280828,The Babysitter,MOVIE,"When Cole stays up past his bedtime, he discovers that his hot babysitter is part of a Satanic cult that will stop at nothing to keep him quiet.",2017,R,85,"['horror', 'comedy']",US,['US'],,tt4225622,6.4,86953,33.349,6.1
tm366567,When We First Met,MOVIE,"Noah spends the perfect first night with the girl of his dreams Avery but gets relegated to the friend zone. He spends the next three years wondering what went wrong - until he gets the unexpected chance to travel back in time and alter that night, and his fate, over and over again.",2018,PG-13,97,"['fantasy', 'comedy', 'romance']",US,['US'],,tt5783956,6.4,48215,17.067,6.6
tm310706,Extinction,MOVIE,"A chief mechanic at a factory, haunted by apocalyptic nightmares, becomes a hero when Earth is invaded by a mysterious army bent on destruction.",2018,R,96,"['drama', 'thriller', 'scifi', 'action']",US,['US'],,tt3201640,5.8,51781,32.877,6
tm410435,To All the Boys I've Loved Before,MOVIE,Lara Jean's love life goes from imaginary to out of control when her secret letters to every boy she's ever fallen for are mysteriously mailed out.,2018,PG-13,100,"['romance', 'comedy', 'drama']",US,['US'],,tt3846674,7.1,101175,66.882,7.7
ts82597,The Dragon Prince,SHOW,An extraordinary discovery inspires two human princes and an elven assassin to team up on an epic quest to bring peace to their warring lands.,2018,TV-Y7,27,"['scifi', 'animation', 'action', 'drama', 'family', 'fantasy', 'thriller']",US,['US'],3,tt8688814,8.4,21635,36.019,8.4
ts55962,Dear White People,SHOW,"At a predominantly white Ivy League college, a diverse group of students navigate various forms of racial and other types of discrimination.",2017,TV-MA,29,"['comedy', 'drama']",US,['US'],4,tt5707802,6.1,24863,20.722,6.4
ts75164,VeggieTales in the City,SHOW,"With exciting trips to the big city, the ski slopes and beyond, the Veggie friends expand their horizons and learn valuable faith-based lessons.",2017,TV-Y,23,"['comedy', 'family', 'music', 'animation']",US,['US'],3,tt6562134,5.7,110,4.772,7.6
ts75263,Wormwood,SHOW,"In this genre-bending tale, Errol Morris explores the mysterious death of a U.S. scientist entangled in a secret Cold War program known as MK-Ultra.",2017,TV-14,43,"['crime', 'drama', 'documentation', 'fantasy']",US,['US'],1,tt1149367,7,4181,3.342,6.2
tm357589,The Guernsey Literary & Potato Peel Pie Society,MOVIE,"Free-spirited writer Juliet Ashton forms a life-changing bond with the delightful and eccentric Guernsey Literary and Potato Peel Pie Society, when she decides to write about the book club they formed during the occupation of Guernsey in WWII.",2018,,124,"['romance', 'drama', 'history', 'war']",US,"['GB', 'US', 'FR']",,tt1289403,7.3,44917,11.501,7.5
tm317542,1922,MOVIE,"A simple yet proud rancher conspires to murder his wife for financial gain, convincing his teenage son to participate.",2017,,102,"['horror', 'crime', 'documentation', 'drama', 'thriller']",US,['US'],,tt8312644,6.2,60982,17.567,5.9
ts80705,Evil Genius,SHOW,This baffling true crime story starts with the grisly death of a pizza man who robs a bank with a bomb around his neck - and gets weirder from there.,2018,TV-MA,48,"['crime', 'documentation']",US,['US'],1,tt8342862,7.5,27516,10.581,7.5
tm321703,Home Again,MOVIE,Life for a single mom in Los Angeles takes an unexpected turn when she allows three young guys to move in with her.,2017,PG-13,97,"['drama', 'romance', 'comedy']",US,['US'],,tt5719700,5.8,31620,16.72,6.1
tm300615,Mudbound,MOVIE,"In the post–World War II South, two families are pitted against a barbaric social hierarchy and an unrelenting landscape as they simultaneously fight the battle at home and the battle abroad.",2017,R,120,"['drama', 'war']",US,['US'],,tt2396589,7.4,47676,12.964,7.4
tm244233,The Book of Henry,MOVIE,"Susan, a single mother of two, works as a waitress in a small town. Her son, Henry, is an 11-year-old genius who not only manages the family finances but acts as emotional support for his mother and younger brother. When Henry discovers that the girl next door has a terrible secret, he implores Susan to take matters into her own hands.",2017,PG-13,105,"['thriller', 'crime', 'drama']",US,['US'],,tt4572792,6.5,27052,18.411,7.5
ts81344,Explained,SHOW,"This documentary series, made in partnership with Vox, explain some of the world's current trends, from politics, to science to pop culture.",2018,TV-MA,21,['documentation'],US,['US'],3,tt8005374,8,8831,12.859,7.7
tm349803,"Jim & Andy: The Great Beyond - Featuring a Very Special, Contractually Obligated Mention of Tony Clifton",MOVIE,Offbeat documentarian Chris Smith provides a behind-the-scenes look at how Jim Carrey adopted the persona of idiosyncratic comedian Andy Kaufman on the set of Man on the Moon.,2017,,94,"['comedy', 'documentation']",US,"['US', 'CA']",,tt7214762,7.7,25593,10.938,7.6
ts81331,She-Ra and the Princesses of Power,SHOW,"In this reboot of the '80s series, a magic sword transforms an orphan girl into warrior She-Ra, who unites a rebellion to fight against evil.",2018,TV-Y7,24,"['scifi', 'action', 'family', 'animation', 'fantasy', 'comedy', 'drama']",US,['US'],5,tt7745956,7.8,14935,22.339,8.8
ts86169,The Innocent Man,SHOW,"In a story that gained national attention with John Grisham’s best-selling non-fiction book, The Innocent Man: Murder and Injustice in a Small Town, the six-part documentary series The Innocent Man focuses on two murders that shook the small town of Ada, Oklahoma, in the 1980s — and the controversial chain of events that followed.",2018,TV-MA,47,"['documentation', 'crime']",US,['US'],1,tt0914376,7.3,5883,7.434,7
tm243326,Anon,MOVIE,"Set in a near-future world where there is no privacy, ignorance or anonymity, our private memories are recorded and crime almost ceases to exist. In trying to solve a series of unsolved murders, Sal Frieland stumbles onto a young woman who appears to have subverted the system and disappeared. She has no identity, no history and no record. Sal realizes it may not be the end of crime but the beginning. Known only as 'The Girl', Sal must find her before he becomes the next victim.",2018,R,100,"['scifi', 'drama', 'action', 'crime', 'thriller', 'european']",US,"['US', 'GB']",,tt5419536,6.1,42608,33.558,5.9
tm244197,Replicas,MOVIE,A scientist becomes obsessed with returning his family to normalcy after a terrible accident.,2018,PG-13,107,"['thriller', 'drama', 'scifi']",US,"['PR', 'US', 'GB', 'CN']",,tt4154916,5.5,37340,15.406,6.1
tm368449,Private Life,MOVIE,"Richard and Rachel, a couple in the throes of infertility, try to maintain their marriage as they descend deeper and deeper into the insular world of assisted reproduction and domestic adoption.",2018,R,123,"['drama', 'comedy']",US,['US'],,tt6394284,7.2,19023,7.649,6.9
tm211554,Beyond Skyline,MOVIE,"Detective Mark Corley storms his way onto an alien spaceship to rescue his estranged son. When the ship crashes in Southeast Asia, he forges an alliance with a band of survivors to take back the planet once and for all.",2017,R,105,"['scifi', 'thriller', 'horror', 'action']",US,"['SG', 'US', 'GB', 'ID', 'CA', 'CN']",,tt6856700,5.3,21540,9.565,5.2
tm363248,A Futile and Stupid Gesture,MOVIE,"The National Lampoon name became globally recognized after the monumental success of Animal House—but before the glory days, it was a scrappy yet divinely subversive magazine and radio show that introduced the world to comedic geniuses like Bill Murray, Chevy Chase, John Belushi, and Gilda Radner. The driving force behind National Lampoon was Doug Kenney, and his truly wild and crazy story unfolds in A Futile and Stupid Gesture from Harvard to Hollywood to Caddyshack and beyond.",2018,,101,['comedy'],US,['US'],,tt5566790,6.7,15750,12.272,6.5
tm232673,The Strangers: Prey at Night,MOVIE,"A family’s road trip takes a dangerous turn when they arrive at a secluded mobile home park to stay with some relatives and find it mysteriously deserted. Under the cover of darkness, three masked killers pay them a visit to test the family’s every limit as they struggle to survive.",2018,,85,"['thriller', 'horror']",US,"['US', 'GB']",,tt1285009,5.2,30499,27.064,5.6
ts77957,Dirty Money,SHOW,"From crippling payday loans to cars that cheat emissions tests, this investigative series exposes brazen acts of corporate greed and corruption.",2018,TV-14,63,"['crime', 'documentation']",US,['US'],2,tt7889220,8.1,9099,18.126,7.2
ts57303,Friends from College,SHOW,"Twenty years after graduation, a tight-knit group of college friends reconnects and discovers that love hasn't gotten easier with age.",2017,TV-MA,30,"['comedy', 'drama']",US,['US'],2,tt5565334,6.9,20242,11.935,6.6
tm299677,Hold the Dark,MOVIE,"In the grim Alaskan winter, a naturalist hunts for wolves blamed for killing a local boy, but he soon finds himself swept into a chilling mystery.",2018,,125,"['thriller', 'horror', 'action', 'drama']",US,['US'],,tt5057140,5.6,36500,13.295,5.3
ts58025,My Little Pony: Equestria Girls,SHOW,"Full-time students and part-time magical pony-girls, the Equestria Girls are always ready to save the day with the Magic of Friendship!",2017,TV-Y,24,"['animation', 'comedy', 'family', 'fantasy']",US,['US'],1,tt13160278,6.4,642,18.893,8.1
ts82302,Insatiable,SHOW,"A bullied teenager turns to beauty pageants as a way to exact her revenge, with the help of a disgraced coach who soon realizes he's in over his head.",2018,TV-MA,46,"['drama', 'comedy', 'thriller']",US,['US'],2,tt6487482,6.5,27275,96.678,7.9
tm449070,Black Mirror: Bandersnatch,MOVIE,"In 1984, a young programmer begins to question reality as he adapts a dark fantasy novel into a video game. A mind-bending tale with multiple endings.",2018,R,90,"['scifi', 'thriller', 'fantasy', 'drama']",US,"['GB', 'US']",,tt9495224,7.1,123377,14.353,6.8
tm363488,RBG,MOVIE,"Justice Ruth Bader Ginsburg now 84, and still inspired by the lawyers who defended free speech during the Red Scare, Ginsburg refuses to relinquish her passionate duty, steadily fighting for equal rights for all citizens under the law. Through intimate interviews and unprecedented access to Ginsburg’s life outside the court, RBG tells the electric story of Ginsburg’s consuming love affairs with both the Constitution and her beloved husband Marty—and of a life’s work that led her to become an icon of justice in the highest court in the land.",2018,PG,98,['documentation'],US,['US'],,tt7689964,7.6,14037,8.04,7.6
tm435916,The Perfection,MOVIE,"When troubled musical prodigy Charlotte seeks out Elizabeth, the new star pupil of her former school, the encounter sends both musicians down a sinister path with shocking consequences.",2018,,90,"['thriller', 'drama', 'horror', 'music']",US,['US'],,tt7772580,6.1,41508,13.548,6.5
tm233362,The Discovery,MOVIE,"In the near future, due to a breakthrough scientific discovery by Dr. Thomas Harbor, there is now definitive proof of an afterlife. While countless people have chosen suicide to reset their existence, others try to decide what it all means. Among them is Dr. Harbor's son Will, who has arrived at his father's isolated compound with a mysterious young woman named Isla. There, they discover the strange acolytes who help Dr. Harbor with his experiments.",2017,,102,"['thriller', 'drama', 'romance', 'scifi']",US,['US'],,tt5155780,6.2,33579,15.446,6.3
tm362098,The Kindergarten Teacher,MOVIE,"Lisa Spinelli is a Staten Island teacher who is unusually devoted to her students. When she discovers one of her five-year-olds is a prodigy, she becomes fascinated with the boy, ultimately risking her family and freedom to nurture his talent.",2018,R,96,"['drama', 'thriller', 'european']",US,['US'],,tt6952960,6.7,15683,9.481,6.6
tm346467,Wheelman,MOVIE,A getaway driver for a bank robbery realizes he has been double crossed and races to find out who betrayed him.,2017,R,82,"['thriller', 'crime', 'action']",US,['US'],,tt5723286,6.4,19951,12.176,6.1
tm412550,Set It Up,MOVIE,Two overworked and underpaid assistants come up with a plan to get their bosses off their backs by setting them up with each other.,2018,PG-13,105,"['comedy', 'romance']",US,['US'],,tt5304992,6.5,49880,14.994,7
tm315424,An Evening with Beverly Luff Linn,MOVIE,"Lulu Danger's unsatisfying marriage takes a turn for the worse when a mysterious man from her past comes to town to perform an event called ""An Evening with Beverly Luff Linn: For One Magical Night Only.""",2018,R,108,"['crime', 'comedy']",US,"['GB', 'US']",,tt6520524,5.8,5457,6.295,5.8
ts84533,Transformers: Cyberverse,SHOW,"When Bumblebee begins to suffer amnesia, his partner, Windblade, comes to the rescue, and repairs his memory chips, enabling him to rediscover his past adventures on Cybertron. Once his memories are repaired, Bumblebee gets a clue that will lead both him and Windblade to complete their current mission and save their friends, unaware that Megatron sent his Decepticon assassins to hunt them down.",2018,TV-Y7,11,"['action', 'animation', 'scifi']",US,['US'],3,tt8891990,6.5,350,10.637,7.4
tm414220,Little Italy,MOVIE,Former childhood pals Leo and Nikki are attracted to each other as adults—but will their feuding parents' rival pizzerias put a chill on their sizzling romance?,2018,R,102,"['romance', 'comedy']",US,"['US', 'CA']",,tt6957966,5.7,14492,16.841,6.8
ts79234,The Boss Baby: Back in Business,SHOW,"With a little help from his brother and accomplice, Tim, Boss Baby tries to balance family life with his job at Baby Corp headquarters.",2018,TV-G,23,"['action', 'comedy', 'animation', 'family', 'fantasy']",US,['US'],4,tt7741824,6.4,3595,47.064,7
tm139545,The Outsider,MOVIE,A former American G.I. joins a yakuza family after his release from prison in post-World War II Osaka.,2018,R,120,"['crime', 'thriller', 'action', 'drama']",US,['US'],,tt2011311,6.2,25223,12.155,6.2
ts77824,My Next Guest Needs No Introduction With David Letterman,SHOW,TV legend David Letterman teams up with fascinating global figures for in-depth interviews and curiosity-fueled excursions in this monthly talk show.,2018,TV-MA,55,[],US,['US'],4,tt7829834,7.9,5194,10.016,7.5
tm434008,Banana Split,MOVIE,"Over the course of a summer, two teenage girls develop the perfect kindred spirit friendship, with one big problem: one of them is dating the other's ex.",2018,R,88,['comedy'],US,['US'],,tt7755856,6.2,3190,8.441,6.8
ts57439,Damnation,SHOW,"Seth Davenport is masquerading as a small town Iowa preacher in the hopes of starting a full-blown insurrection against the status quo, unaware that an industrialist tycoon has hired a professional strikebreaker to stop the uprising by any means necessary. An epic saga of the secret history of the 1930’s American heartland, chronicling the mythic conflict and bloody struggle between big money and the downtrodden, God and greed, charlatans, and prophets.",2017,TV-MA,43,"['western', 'drama', 'crime']",US,['US'],1,tt6106704,7.6,8111,10.571,7
tm317566,Creep 2,MOVIE,"After finding an ad online for “video work,” Sara, a video artist whose primary focus is creating intimacy with lonely men, thinks she may have found the subject of her dreams. She drives to a remote house in the forest and meets a man claiming to be a serial killer. Unable to resist the chance to create a truly shocking piece of art, she agrees to spend the day with him. However, as the day goes on, she discovers she may have dug herself into a hole from which she can’t escape.",2017,R,80,"['horror', 'thriller', 'crime', 'drama']",US,['US'],,tt3654796,6.4,24468,13.772,6.3
tm417496,Dumplin',MOVIE,"To prove a point about measuring up and fitting in, Texas teen Willowdean “Dumplin’” Dickson enters a local pageant run by her ex-beauty queen mom.",2018,PG-13,110,"['comedy', 'drama']",US,['US'],,tt4878482,6.5,33206,11.126,6.8
tm367065,Shirkers,MOVIE,"In 1992, teenager Sandi Tan shot Singapore's first indie road movie with her enigmatic American mentor Georges – who then vanished with all the footage. Twenty years later, the 16mm film is recovered, sending Tan, now a novelist in Los Angeles, on a personal odyssey in search of Georges' vanishing footprints.",2018,,96,['documentation'],US,"['GB', 'US', 'SG']",,tt7472352,7.4,5020,9.789,7.6
tm426274,The After Party,MOVIE,"When an aspiring rapper goes viral for the wrong reasons, he thinks his career is sunk. But a wild party gives him one more chance to make it right.",2018,,89,"['comedy', 'horror', 'music']",US,['US'],,tt3960240,5.7,4348,11.314,6.2
ts75157,The Magic School Bus Rides Again,SHOW,Ms. Frizzle's sister takes her class on a slew of wild science adventures in this update of the beloved animated show.,2017,TV-Y,25,"['animation', 'family', 'fantasy']",US,['US'],3,tt3869122,6.2,812,17.774,6.3
tm316414,Hell Fest,MOVIE,"On Halloween night at a horror theme park, a costumed killer begins slaying innocent patrons who believe that it's all part of the festivities.",2018,R,89,"['horror', 'thriller']",US,['US'],,tt1999890,5.5,16610,19.161,5.6
tm311921,Small Town Crime,MOVIE,"Mike Kendall, a disgraced ex-cop, is fighting a losing battle with the bottle. When he finds a woman left for dead at the side of a road, Kendall turns private eye to track down her killers, taking one last shot at redemption.",2018,R,91,"['thriller', 'crime']",US,['US'],,tt5751998,6.6,11167,8.056,6.4
tm370212,Adrift,MOVIE,"A true story of survival, as a young couple's chance encounter leads them first to love, and then on the adventure of a lifetime as they face one of the most catastrophic hurricanes in recorded history.",2018,PG-13,96,"['thriller', 'drama', 'romance', 'action', 'european']",US,"['HK', 'IS', 'US']",,tt6306064,6.6,54750,25.491,6.9
ts84779,Haunted,SHOW,"Real people sit down with friends and family to share terrifying true stories from their past, re-created through chilling re-enactments.",2018,TV-MA,25,"['documentation', 'horror', 'reality']",US,['US'],3,tt9077192,4.6,3150,14.069,7
tm281935,A Bad Moms Christmas,MOVIE,"Amy, Kiki and Carla – three under-appreciated and over-burdened women – rebel against the challenges and expectations of the Super Bowl for mothers: Christmas. And if creating a more perfect holiday for their families wasn’t hard enough, they have to do all of that while hosting and entertaining their own mothers.",2017,R,104,['comedy'],US,['US'],,tt6365402,5.6,49478,17.717,6.3
tm323634,A-X-L,MOVIE,The life of a teenage boy is forever altered by a chance encounter with cutting edge military technology.,2018,PG-13,98,"['scifi', 'family', 'thriller', 'action', 'drama']",US,['US'],,tt5709188,5.3,11785,38.144,6.3
tm139885,The Other Side of the Wind,MOVIE,"Surrounded by fans and skeptics, grizzled director J.J. ""Jake"" Hannaford returns from years abroad in Europe to a changed Hollywood, where he attempts to make his innovative comeback film.  This film was started in 1970 but never completed during Welles lifetime.",2018,R,122,"['drama', 'european']",US,"['US', 'FR', 'IR']",,tt0069049,6.7,7104,8.717,6.7
ts56038,Dave Chappelle,SHOW,"Comedy icon Dave Chappelle makes his triumphant return to the screen with a pair of blistering, fresh stand-up specials.",2017,,60,"['comedy', 'documentation']",US,['US'],1,tt6963504,8.7,2753,2.962,7.6
ts84574,Salt Fat Acid Heat,SHOW,"Chef and food writer Samin Nosrat travels the world to explore four basic keys to wonderful cooking, serving up feasts and helpful tips along the way.",2018,,40,['documentation'],US,['US'],1,tt8772088,7.7,2419,2.923,8.4
ts56481,Great News,SHOW,A New Jersey mom puts her relationship with her daughter to the test when she lands an internship at the same TV station where her daughter works.,2017,TV-PG,21,['comedy'],US,['US'],2,tt4955480,7,6810,8.409,6.5
tm348993,22-Jul,MOVIE,"In Norway on 22 July 2011, neo-Nazi terrorist Anders Behring Breivik murdered 77 young people attending a Labour Party Youth Camp on Utöya Island outside of Oslo. This three-part story will focus on the survivors of the attacks, the political leadership of Norway, and the lawyers involved.",2018,R,143,"['thriller', 'history', 'crime', 'drama', 'european']",US,"['NO', 'US', 'IS']",,tt7280898,6.8,33246,19.825,7.2
ts55231,Abstract: The Art of Design,SHOW,Step inside the minds of the most innovative designers in a variety of disciplines and learn how design impacts every aspect of life.,2017,TV-14,45,['documentation'],US,['US'],2,tt6333098,8.4,5306,14.406,8
tm285107,Victoria & Abdul,MOVIE,Queen Victoria strikes up an unlikely friendship with a young Indian clerk named Abdul Karim.,2017,PG-13,112,"['drama', 'history']",US,"['GB', 'US']",,tt5816682,6.8,35458,12.817,7
ts85138,Dogs,SHOW,"These six intimate stories explore the abiding emotional bonds that form between dogs and their caregivers, no matter the circumstances.",2018,TV-PG,50,['documentation'],US,['US'],2,tt0262158,8,1269,2.44,8.3
tm240076,Buster's Mal Heart,MOVIE,An eccentric mountain man on the run from the local sheriff recalls the mysterious events that brought him to his present fugitive state.,2017,,96,"['thriller', 'drama', 'crime']",US,['US'],,tt5833778,6.2,10490,10.799,6.2
tm217228,Death Note,MOVIE,"A young man comes to possess a supernatural notebook, the Death Note, that grants him the power to kill any person simply by writing down their name on the pages. He then decides to use the notebook to kill criminals and change the world, but an enigmatic detective attempts to track him down and end his reign of terror.",2017,NC-17,101,"['fantasy', 'horror', 'thriller', 'action', 'crime', 'drama']",US,['US'],,tt1241317,4.5,83519,43.924,4.2
tm244307,Bright,MOVIE,"In an alternate present-day where magical creatures live among us, two L.A. cops become embroiled in a prophesied turf battle.",2017,R,117,"['thriller', 'fantasy', 'action', 'crime', 'scifi']",US,['US'],,tt5519340,6.3,183841,25.593,6.2
tm298846,The Incredible Jessica James,MOVIE,"Burned by a bad breakup, a struggling New York City playwright makes an unlikely connection with a divorced app designer she meets on a blind date.",2017,,83,['comedy'],US,['US'],,tt5990342,6.5,7496,8.304,6.2
ts57964,Hotel Transylvania: The Series,SHOW,"Mavis navigates life without her dad, Dracula, around and discovers one of the few common human and monster truths: being a teenager bites.",2017,TV-Y7,16,"['comedy', 'family', 'fantasy', 'horror', 'animation']",US,['US'],2,tt4858114,5.5,694,24.098,7.4
ts83251,Magic for Humans,SHOW,"From baffling people on the street to orchestrating elaborate tricks, Justin Willman blends good-natured magic with grown-up laughs.",2018,TV-14,24,"['comedy', 'reality']",US,['US'],3,tt8425308,7.1,3316,11.61,6.8
ts55194,Bill Nye Saves the World,SHOW,"Bill Nye explores science and its impact on politics, society and pop culture. Each episode tackles a topic from a scientific point of view, dispelling myths, and refuting anti-scientific claims that may be espoused by politicians, religious leaders or titans of industry.",2017,TV-14,30,['comedy'],US,['US'],3,tt6026278,3.5,7233,9.87,3.6
tm321224,"Game Over, Man!",MOVIE,Three friends are on the verge of getting their video game financed when their benefactor is taken hostage by terrorists.,2018,R,100,"['comedy', 'action']",US,['US'],,tt3317234,5.4,29773,14,5.5
tm306301,Piercing,MOVIE,"After kissing his wife and baby goodbye for a seemingly normal business trip, Reed checks himself into a hotel room to accomplish something he’s always dreamed of: the perfect murder. As his sinister plans unfold, he soon realizes he might be in over his head with a mysteriously unhinged call girl named Jackie.",2018,R,82,"['thriller', 'horror']",US,"['FR', 'US']",,tt6516314,5.5,7534,9.613,5.8
tm244148,Mowgli: Legend of the Jungle,MOVIE,"A human child raised by wolves, must face off against a menacing tiger named Shere Khan, as well as his own origins.",2018,PG-13,105,"['drama', 'fantasy']",US,"['GB', 'US']",,tt2388771,6.5,60870,25.389,6.5
tm436470,No Escape Room,MOVIE,A father and daughter check out a small town escape room and discover there is something sinister about the place.,2018,,85,"['thriller', 'horror']",US,['US'],,tt9099102,5,4277,12.13,6.3
ts79422,Nailed It!,SHOW,"Home bakers with a terrible track record take a crack at re-creating edible masterpieces for a $10,000 prize. It's part reality contest, part hot mess.",2018,TV-PG,33,"['reality', 'comedy']",US,['US'],6,tt6987788,7.4,4682,9.333,7.5
tm244317,To the Bone,MOVIE,A young woman dealing with anorexia meets an unconventional doctor who challenges her to face her condition and embrace life.,2017,,107,['drama'],US,['US'],,tt6143418,6.8,47025,29.932,7.2
ts78382,On My Block,SHOW,A coming of age comedy following a diverse group of teenage friends as they confront the challenges of growing up in gritty inner-city Los Angeles.,2018,TV-14,29,"['comedy', 'drama']",US,['US'],4,tt7879820,7.9,15642,45.081,8.5
ts41527,Gypsy,SHOW,The journey of Jean Holloway – a therapist who begins to develop dangerous and intimate relationships with the people in her patients' lives.,2017,TV-MA,59,"['drama', 'thriller']",US,['US'],1,tt5503718,6.8,16133,13.117,6.3
tm414709,Siberia,MOVIE,"Lucas, a diamond trader who travels to Saint Petersburg to arrange a sale, discovers that his Russian business partner has left his hotel and gone to a small Siberian village, so Lucas also heads there to try find him.",2018,R,105,"['thriller', 'european', 'crime', 'romance']",US,"['DE', 'CA', 'US']",,tt6494688,4.3,15038,30.834,4.7
ts78507,Alexa & Katie,SHOW,Lifelong best friends Alexa and Katie are eagerly anticipating the start of their freshman year of high school. The pals confront a crisis that leaves them feeling like outsiders at a time when what seems to matter most is fitting in.,2018,TV-Y7,25,"['comedy', 'drama']",US,['US'],4,tt6916746,7.4,4687,42.726,8.6
tm321295,Woodshock,MOVIE,"Theresa, a haunted young woman spiraling in the wake of profound loss, is torn between her fractured emotional state and the reality-altering effects of a potent cannabinoid drug.",2017,R,100,"['thriller', 'horror', 'drama', 'fantasy']",US,['US'],,tt4677924,4.2,1933,7.203,4.6
tm233294,War Machine,MOVIE,A rock star general bent on winning the “impossible” war in Afghanistan takes us inside the complex machinery of modern war. Inspired by the true story of General Stanley McChrystal.,2017,R,122,"['drama', 'comedy', 'war']",US,['US'],,tt4758646,6,45972,14.317,5.5
tm324155,Security,MOVIE,"An ex-special services veteran, down on his luck and desperate for work, takes a job as a security guard at a run-down mall in a rough area of town. On his first night on the job, he opens the door to a distraught and desperate young girl who has fled the hijacking of a Police motorcade that was transporting her to testify as a witness in a trial. Hot on her heels is the psychopathic hijacker and his team of henchmen, who will stop at nothing to extract and eliminate the witness.",2017,R,87,"['crime', 'thriller', 'action', 'european']",US,['US'],,tt3501112,5.7,18618,26.587,6.1
tm289181,Newness,MOVIE,"In contemporary Los Angeles, two millennials navigating a social media–driven hookup culture begin a relationship that pushes both emotional and physical boundaries.",2017,,112,"['drama', 'romance']",US,['US'],,tt6408226,6.3,16459,32.566,6.1
tm351216,Joan Didion: The Center Will Not Hold,MOVIE,"Griffin Dunne’s years-in-the-making documentary portrait of his aunt Joan Didion moves with the spirit of her uncannily lucid writing: the film simultaneously expands and zeroes in, covering a vast stretch of turbulent cultural history with elegance and candor.",2017,,92,['documentation'],US,['US'],,tt7253506,7.4,2596,8.004,7
tm318200,Clive Davis: The Soundtrack of Our Lives,MOVIE,"The life and successes of iconic music executive Clive Davis, from his miraculous start at Columbia Records through his trailblazing work at Arista Records and J Records, with a heavy dose of outstanding music sprinkled in between.",2017,PG-13,123,"['music', 'documentation']",US,['US'],,tt6494358,7.5,950,7.169,6.3
ts57464,Life Sentence,SHOW,"When Stella finds out her terminal cancer is cured, she's going to have to learn to live with all the choices she's made when she decided to ""live like she was dying"".",2018,TV-14,42,"['drama', 'comedy']",US,['US'],1,tt6088922,6.4,3855,8.064,6.5
ts58175,She's Gotta Have It,SHOW,"Nola Darling struggles to define herself and divide her time among her friends, job and three lovers. A new take on Spike Lee's film, in 10 episodes.",2017,TV-MA,32,['comedy'],US,['US'],2,tt0196291,6.8,4624,7.916,6.5
ts77525,The Toys That Made Us,SHOW,The minds behind history's most iconic toy franchises discuss the rise -- and sometimes fall -- of their billion-dollar creations.,2017,TV-14,45,"['documentation', 'comedy', 'history']",US,['US'],3,tt7053920,8,5545,8.534,7.6
ts58225,The Standups,SHOW,"Comedy's freshest voices take the stage in LA for six half-hour specials packed with sly jokes, hilarious anecdotes and awkward confessions.",2017,TV-MA,30,['comedy'],US,['US'],3,tt15250768,6.6,1225,5.457,5.8
ts78231,Unsolved: The Murders of Tupac and The Notorious B.I.G.,SHOW,A chronicle of the two major police investigations by LAPD Detective Greg Kading into the deaths of Tupac and The Notorious B.I.G.,2018,TV-MA,45,['crime'],US,['US'],1,tt6233618,7.8,7651,17.234,7.1
ts56594,Disjointed,SHOW,Pot activist Ruth Whitefeather Feldman runs a medical marijuana dispensary while encouraging her loyal patients to chill out and enjoy the high life.,2017,TV-MA,27,['comedy'],US,['US'],2,tt5884792,6.8,9980,11.209,5.8
tm370232,We the Animals,MOVIE,"Manny, Joel and Jonah tear their way through childhood and push against the volatile love of their parents. As Manny and Joel grow into versions of their father and Ma dreams of escape, Jonah, the youngest, embraces an imagined world all his own.",2018,R,94,['drama'],US,['US'],,tt7681824,6.9,4181,7.888,6.5
ts57080,Spirit: Riding Free,SHOW,"In a small Western town, spunky ex-city girl Lucky forms a tight bond with wild horse Spirit while having adventures with best pals Pru and Abigail.",2017,TV-Y7,23,"['action', 'animation', 'comedy', 'drama', 'family', 'western', 'documentation']",US,['US'],11,tt11942070,6.6,993,10.563,8.2
tm439484,Welcome Home,MOVIE,A couple try to repair their damaged union in an Italian vacation paradise. Then they discover the owner's intentions.,2018,R,97,"['thriller', 'horror', 'drama']",US,['US'],,tt6829180,5.2,7387,38.136,5.2
tm271960,Midnight Sun,MOVIE,"MIDNIGHT SUN is a romantic tearjerker about 17-year-old Katie Price (Bella Thorne), sheltered at home since childhood with a rare genetic condition, a life-threatening sensitivity to sunlight. Having only her father Jack (Rob Riggle) for company, Katie's world opens up after dark when she ventures outside to play her guitar. One night, her dreams come true when she’s noticed and asked out by her longtime crush Charlie (Patrick Schwarzenegger), whom she’s secretly watched from her bedroom window for years. As they embark on nightly summer excursions, Katie’s risk to sunlight grows and she’s presented with the gut-wrenching dilemma of whether she can live a normal life with her newfound soul mate.",2018,PG-13,91,"['drama', 'romance', 'european']",US,['US'],,tt4799078,6.6,29565,39.39,7.8
tm349800,Unicorn Store,MOVIE,"A woman named Kit moves back to her parent's house, where she receives a mysterious invitation that would fulfill her childhood dreams.",2017,,92,"['fantasy', 'comedy', 'drama']",US,['US'],,tt2340044,5.5,19140,12.426,6
tm352588,Tau,MOVIE,"Held captive in a futuristic smart house, a woman hopes to escape by befriending the A.I. program that controls the house.",2018,R,97,"['thriller', 'scifi']",US,['US'],,tt4357394,5.8,30611,12.489,6.2
ts81885,The Good Cop,SHOW,"Honest cop Tony Jr. gets advice from his unscrupulous father, retired NYPD officer Tony Sr., about everything from his job to his love life.",2018,TV-PG,49,"['comedy', 'drama', 'crime', 'documentation']",US,['US'],1,tt7183074,6.9,5620,6.913,6.4
tm411415,If I Leave Here Tomorrow: A Film About Lynyrd Skynyrd,MOVIE,"The story of Lynyrd Skynyrd; The Greatest American Rock Band Ever. We fly beyond Free Bird to celebrate the life & times of leader Ronnie Van Zant, from boogie-woogie beginnings in Jacksonville’s Shantytown to a tragic end in a Mississippi swamp.",2018,,94,"['documentation', 'music']",US,['US'],,tt6216786,7.9,1285,4.268,7.7
tm406881,Bathtubs Over Broadway,MOVIE,"When he started as a comedy writer for the Late Show with David Letterman, Steve Young had few interests and not many friends outside of his day job. But while gathering material for a segment on the show, Steve stumbled onto a few vintage record albums that would change his life forever.",2018,PG-13,87,"['comedy', 'music', 'documentation']",US,['US'],,tt6029778,7.6,1065,4.324,8
tm307910,What the Health,MOVIE,"Filmmaker Kip Andersen uncovers the secret to preventing and even reversing chronic diseases, and he investigates why the nation's leading health organizations doesn't want people to know about it.",2017,,97,['documentation'],US,['US'],,tt5541848,7.4,28911,11.913,7
ts77799,Rotten,SHOW,This docuseries travels deep into the heart of the food supply chain to reveal unsavory truths and expose hidden forces that shape what we eat.,2018,TV-MA,56,['documentation'],US,['US'],2,tt7763662,7.2,3675,7.357,7.4
tm368241,Duck Butter,MOVIE,"Dissatisfied with the dishonesty they see in dating, strangers Naima and Sergio make a pact to spend 24 straight hours together in an attempt to fast forward their relationship.",2018,,94,"['drama', 'comedy', 'romance']",US,['US'],,tt6958014,5.3,3909,16.727,5.5
tm321596,The Long Dumb Road,MOVIE,Two guys serendipitously meet at a time when they both find themselves at personal crossroads and decide to embark on an unplanned road trip across the American Southwest.,2018,R,90,['comedy'],US,['US'],,tt4712076,6.1,3172,4.554,5.6
ts86945,Abby Hatcher,SHOW,"Abby Hatcher is part girl, part superhero; living in a world full of fuzzlies. When a fuzzly friend needs help, Abby takes action – going on a mission to make things right.",2018,TV-Y,20,"['fantasy', 'animation', 'comedy', 'family']",US,['US'],3,tt9433014,6.1,163,7.629,5.5
ts89069,LEGO Friends: Girls on a Mission,SHOW,"Meet Andrea, Mia, Emma, Olivia and Stephanie. They're five best friends. And they're on a heroic mission: to save Heartlake City from wily swindlers.",2018,TV-Y,11,['animation'],US,"['DK', 'US']",4,tt9327146,7.7,106,13.724,7.6
ts86814,Murder Mountain,SHOW,"In Humboldt County, California, the big business of legal marijuana brings in visitors from around the world. Some are never seen again.",2018,TV-MA,49,"['crime', 'documentation']",US,['US'],1,tt9078908,6.8,3045,2.988,7
tm308090,Bill Nye: Science Guy,MOVIE,"Bill Nye is retiring his kid show act in a bid to become more like his late professor, astronomer Carl Sagan. Sagan dreamed of launching a spacecraft that could revolutionize interplanetary exploration. Bill sets out to accomplish Sagan's mission, but he is pulled away when he is challenged by evolution and climate change contrarians to defend the scientific consensus. Can Bill show the world why science matters in a culture increasingly indifferent to evidence?",2017,,95,['documentation'],US,['US'],,tt4853154,6.5,1208,5.059,6.2
tm271959,Mr. Roosevelt,MOVIE,A young woman returns home and must confront her ex-boyfriend when an unexpected tragedy occurs.,2017,,90,['comedy'],US,['US'],,tt6212496,6.2,3320,5.449,6.1
tm411507,John Mulaney: Kid Gorgeous at Radio City,MOVIE,"John Mulaney relays stories from his childhood and ""SNL,"" eviscerates the value of college and laments getting older in this electric comedy special.",2018,R,65,['comedy'],US,['US'],,tt8271714,7.9,7696,7.358,8
tm245937,Win It All,MOVIE,A gambling addict faces a conflict when entrusted with keeping a bunch of money that isn't his.,2017,,88,['comedy'],US,['US'],,tt3155328,6.2,9108,8.219,5.7
ts83745,Norm Macdonald Has a Show,SHOW,Comedian Norm Macdonald hosts his celebrity friends for casual conversations.,2018,,35,['comedy'],US,['US'],1,tt8139862,8.6,3473,4.609,8.2
ts82372,The Epic Tales of Captain Underpants,SHOW,Fourth-grade friends George and Harold have a shared love of pranks and comic books -- and turning their principal into an undies-wearing superhero.,2018,TV-Y7,24,"['animation', 'comedy', 'family', 'action']",US,['US'],4,tt7741830,6.7,879,11.325,8.8
ts79045,Ugly Delicious,SHOW,"Star chef David Chang leads friends on a mouthwatering, cross-cultural hunt for the world's most satisfying grub. All the flavor. None of the BS.",2018,TV-MA,51,['documentation'],US,['US'],2,tt7907916,7.8,3505,7.038,7.4
tm409766,In Darkness,MOVIE,A blind musician hears a murder committed in the apartment upstairs from hers that sends her down a dark path into London's gritty criminal underworld.,2018,,110,['thriller'],US,"['GB', 'US']",,tt5164184,5.7,13098,14.629,6
tm322243,Shimmer Lake,MOVIE,Shot in reverse day-by-day through a week—a local sheriff embarks on a quest to unlock the mystery of three small-town criminals and a bank heist gone wrong.,2017,,83,"['thriller', 'crime', 'drama']",US,"['CA', 'US']",,tt1386691,6.3,14098,14.776,5.9
ts55491,Somewhere Between,SHOW,"Laura Price, a local news producer in San Francisco, is helping the police to hunt down a serial killer. After the killer strikes close to home, a twist of fate allows a “Groundhog Day”-type reset, and Laura relives the week prior to the string of murders. Can she change fate and stop the killer?",2017,TV-14,42,"['crime', 'drama', 'scifi', 'thriller']",US,['US'],1,tt6467294,6.2,5746,15.625,6.6
ts77600,Hot Date,SHOW,"A sketch-comedy series that chronicles the social waters of dating, sex, marriage and diving into the ritual of romance. Based on the CollegeHumor webseries of the same name.",2017,TV-MA,19,['comedy'],US,['US'],2,tt7603386,7.1,616,1.662,6.6
tm406111,The Debt Collector,MOVIE,"A classically-trained martial artist goes to work as a debt collector for the mob. The job seems easy enough, until one “client” pulls him into a situation deeper than could ever be expected.",2018,,96,"['action', 'comedy']",US,"['GB', 'US']",,tt7448180,5.8,7344,37.827,5.9
tm357479,Day of the Dead: Bloodline,MOVIE,"In a world overrun by zombies, military personnel and survivalists live in an underground bunker while they seek a cure.",2017,R,90,"['horror', 'drama', 'scifi', 'thriller', 'action', 'european']",US,"['BG', 'US']",,tt3053228,3.4,11841,26.557,4.6
tm232965,Lovesong,MOVIE,"Neglected by her husband, Sarah embarks on an impromptu road trip with her young daughter and her best friend, Mindy. Along the way, the dynamic between the two friends intensifies before circumstances force them apart. Years later, Sarah attempts to rebuild their intimate connection in the days before Mindy’s wedding.",2017,,85,"['romance', 'drama']",US,['US'],,tt4305148,6.3,4908,8.31,5.7
tm431347,Reversing Roe,MOVIE,"Documentary that delves deep into the history of abortion law, revealing the contradictory ways in which women's bodies have been used to further political and ideological agendas.",2018,,99,['documentation'],US,['US'],,tt8948614,7.5,1281,7.687,7.5
tm285356,First They Killed My Father,MOVIE,A 5-year-old girl embarks on a harrowing quest for survival amid the sudden rise and terrifying reign of the Khmer Rouge in Cambodia.,2017,R,136,"['drama', 'history', 'war']",US,"['KH', 'US']",,tt4882376,7.2,17871,15.383,7.4
tm368040,The Titan,MOVIE,"On a bleak future Earth, a soldier endures a radical genetic transformation to save humanity. But his wife fears he's becoming more creature than man.",2018,R,97,"['thriller', 'fantasy', 'scifi', 'drama', 'romance']",US,"['US', 'GB', 'ES']",,tt6973848,4.8,30698,17.421,5.4
ts78299,Llama Llama,SHOW,"Llama, his family and his good friends have heart-warming adventures in a safe, friendly town. An animated show based on the award-winning books.",2018,TV-Y,15,"['animation', 'family']",US,['US'],2,tt4781350,6.5,270,3.459,7.8
tm285340,Girlfriend's Day,MOVIE,"When he's caught up in a deadly conspiracy, an unemployed greeting card writer must create the perfect card for a new holiday to save his skin.",2017,,70,"['drama', 'comedy']",US,['US'],,tt2962984,5.2,4197,8.334,4.9
tm1883,Animal Crackers,MOVIE,A family must use a magical box of Animal Crackers to save a rundown circus from being taken over by their evil uncle Horatio P. Huntington.,2017,PG,105,"['comedy', 'animation', 'family', 'fantasy']",US,"['CN', 'US', 'ES']",,tt4155534,5.8,3352,30.595,6.3
tm324870,Dude,MOVIE,Four best friends negotiate loss and major life changes during the last two weeks of high school.,2018,,90,"['comedy', 'drama']",US,['US'],,tt6151516,5.2,6873,10.632,5.5
tm326624,Unrest,MOVIE,"When Harvard PhD student Jennifer Brea is struck down at 28 by a fever that leaves her bedridden, doctors tell her it’s ""all in her head."" Determined to live, she sets out on a virtual journey to document her story—and four other families' stories—fighting a disease medicine forgot.",2017,,97,"['documentation', 'drama', 'history', 'romance', 'european']",US,"['GB', 'US', 'DK']",,tt6510268,7.6,2904,7.2,7.2
tm411958,Ibiza,MOVIE,She could do the responsible thing. Or she could go to Ibiza with her best friends to chase down a hot DJ. Easy choice.,2018,,94,"['comedy', 'romance']",US,['US'],,tt3685236,5.2,17194,11.273,5.8
tm270999,The Resurrection of Gavin Stone,MOVIE,"Gavin Stone, a washed-up former child star, is forced to do community service at a local megachurch and pretends to be Christian so he can land the part of Jesus in their annual Passion Play, only to discover that the most important role of his life is far from Hollywood.",2017,PG,91,"['drama', 'family', 'romance', 'comedy']",US,['US'],,tt4902904,6.2,2233,6.538,6.5
ts77755,Power Rangers Ninja Steel,SHOW,A new team of superhuman power rangers must work together and use their new ninja powers to prevent evil from dominating the human race and from destroying the planet earth and the universe,2017,TV-Y7,24,"['action', 'scifi', 'thriller', 'drama']",US,['US'],2,tt5335606,6.1,862,3.907,7.3
tm307612,Strong Island,MOVIE,"Examining the violent death of the filmmaker’s brother and the judicial system that allowed his killer to go free, this documentary interrogates murderous fear and racialized perception, and re-imagines the wreckage in catastrophe’s wake, challenging us to change.",2017,,107,"['documentation', 'crime']",US,['US'],,tt5873150,6.4,3849,5.146,6.3
tm353742,Bullet Head,MOVIE,A group of career criminals finds itself trapped in a warehouse with the law – and an Attack Dog named DeNiro closing in.,2017,R,93,"['thriller', 'crime', 'drama', 'european']",US,"['BG', 'US']",,tt6204340,5.4,9954,15.152,4.9
tm311789,The Most Hated Woman in America,MOVIE,"The true story of Madalyn Murray O'Hair -- iconoclast, opportunist, and outspoken atheist -- from her controversial rise to her untimely demise.",2017,,91,"['drama', 'history']",US,['US'],,tt4842646,6.1,6540,9.912,6.1
ts9075,The Fix,SHOW,"Comedians Jimmy Carr, D.L. Hughley and Katherine Ryan tackle the world's woes with help from a rotating crew of funny guests and an actual expert.",2018,TV-MA,29,['comedy'],US,['US'],1,tt5960546,7,1895,2.243,6.4
tm348003,Acts of Vengeance,MOVIE,"A fast-talking lawyer transforms his body and takes a vow of silence, not to be broken until he finds out who killed his wife and daughter and has his revenge.",2017,R,87,"['thriller', 'action', 'drama', 'crime', 'european']",US,"['BG', 'US']",,tt6288694,5.7,11971,26.746,5.9
ts95569,Rainbow Rangers,SHOW,"Inspired by the colors of the rainbow, seven magical girls from Kaleidoscopia are guardians of both nature and the Earth.",2018,TV-Y,22,"['family', 'fantasy', 'animation']",US,['US'],2,tt7967882,5.8,187,5.692,10
tm285295,Our Souls at Night,MOVIE,"Addie Moore and Louis Waters, a widow and widower, have lived next to each other for years. The pair have almost no relationship, but that all changes when Addie tries to make a connection with her neighbour.",2017,,101,"['drama', 'romance']",US,['US'],,tt5034266,6.9,13360,10.017,6.6
tm324124,"Oh, Hello on Broadway",MOVIE,"Two delusional geriatrics reveal curious pasts, share a love of tuna and welcome a surprise guest in this filming of the popular Broadway comedy show.",2017,,102,['comedy'],US,['US'],,tt6987652,7.7,3106,5.419,6.9
tm244519,Birth of the Dragon,MOVIE,"Set against the backdrop of San Francisco’s Chinatown, this cross-cultural biopic chronicles Bruce Lee’s emergence as a martial-arts superstar after his legendary secret showdown with fellow martial artist Wong Jack Man.",2017,PG-13,120,"['drama', 'action']",US,"['CN', 'US', 'CA']",,tt2720826,5.6,8112,21.99,5.8
tm260272,Little Evil,MOVIE,"Gary, who has just married Samantha, the woman of his dreams, discovers that her six-year-old son may be the Antichrist.",2017,,94,"['comedy', 'fantasy', 'horror']",US,['US'],,tt2937366,5.7,21009,11.404,5.6
tm347530,Gaga: Five Foot Two,MOVIE,Go behind the scenes with pop provocateur Lady Gaga as she releases a bold new album and prepares for her Super Bowl halftime show.,2017,,100,"['music', 'documentation']",US,['US'],,tt7291268,7,12825,11.642,7.5
ts90594,Barbie: Dreamhouse Adventures,SHOW,"Barbie, her sisters, friends and neighbour Ken share vlogs filmed in her Dreamhouse.",2018,TV-Y,22,"['comedy', 'family', 'animation']",US,['US'],5,tt7661472,6.7,525,34.003,8.1
tm344886,The Angel,MOVIE,"True story of Ashraf Marwan, who was President Nasser's son-in-law and special adviser and confidant to his successor Anwar Sadat - while simultaneously Israeli Intelligence's most precious asset of the 20th century. Based on NYT bestselling book 'The Angel: The Egyptian Spy Who Saved Israel' by Uri Bar-Joseph.",2018,,114,"['thriller', 'action', 'drama']",US,"['IL', 'MA', 'US', 'BG', 'GB']",,tt5968274,6.6,14013,9.704,6.7
ts85034,Patriot Act with Hasan Minhaj,SHOW,"Every Sunday, Hasan Minhaj brings an incisive and nuanced perspective to global news, politics and culture in his unique comedy series.",2018,TV-MA,25,['comedy'],US,['US'],6,tt8080054,8.2,7222,9.602,7.3
tm365122,Benji,MOVIE,"Two school kids strike up a friendship with an orphaned puppy named Benji. When danger befalls them and they end up kidnapped by robbers who are in over their heads, Benji and his scruffy sidekick come to the rescue.",2018,PG,87,"['crime', 'drama', 'family']",US,"['US', 'AE']",,tt1799516,6.3,4544,12.438,7
tm320670,White Fang,MOVIE,A loyal wolfdog’s curiosity leads him on the adventure of a lifetime while serving a series of three distinctly different masters.,2018,PG,87,"['animation', 'drama', 'western', 'european']",US,"['FR', 'LU', 'US']",,tt7016508,6.9,3634,15.195,7.3
ts81918,Sugar Rush,SHOW,"A relentlessly fast-paced baking competition that challenges brilliant bakers to create sweet treats that look and taste amazing – all against the clock. Who will race to the finish and win $10,000?",2018,TV-PG,51,['reality'],US,['US'],3,tt8680560,7,1508,13.058,7
ts56718,El Chapo,SHOW,"A look at the life of notorious drug kingpin, El Chapo, from his early days in the 1980s working for the Guadalajara Cartel, to his rise to power of during the '90s and his ultimate downfall in 2016.",2017,TV-MA,44,"['drama', 'action', 'history', 'crime']",US,['US'],3,tt6692188,7.8,17992,121.756,7.5
ts75477,The Confession Tapes,SHOW,"This true crime documentary series investigates cases where people convicted of murder claim their confessions were coerced, involuntary or false.",2017,TV-MA,43,"['documentation', 'crime']",US,['US'],2,tt7349602,7.5,5340,8.084,7.4
tm425732,The Land of Steady Habits,MOVIE,"After leaving his wife and his job to find happiness, Anders begins a clumsy, heartbreaking quest to reassemble the pieces of his fractured life.",2018,,98,"['drama', 'comedy']",US,['US'],,tt6485928,6.2,7566,9.06,5.4
ts77545,Dope,SHOW,"Filmed from the perspectives of dealers, users and the police, this vivid series offers a bracing look at the war on drugs.",2017,TV-MA,48,"['war', 'crime', 'documentation', 'thriller', 'comedy', 'drama']",US,['US'],3,tt7782022,7.3,1643,17.665,7.2
ts83540,Paradise PD,SHOW,"An eager young rookie joins the ragtag small-town police force led by his dad as they bumble, squabble and snort their way through a big drug case.",2018,TV-MA,27,"['comedy', 'crime', 'animation', 'action']",US,['US'],3,tt8235236,6.8,17779,39.351,7.6
tm416105,Steve Martin and Martin Short: An Evening You Will Forget for the Rest of Your Life,MOVIE,"Comedians and writers Steve Martin and Martin Short perform a live comedy set with music by The Steep Canyon Rangers and jazz pianist, Jeff Babko, at the Peace Center in Greenville, South Carolina.",2018,,74,"['comedy', 'music', 'documentation']",US,['US'],,tt8075256,7.1,2556,4.985,6.6
tm285171,Clinical,MOVIE,"A psychiatrist tries to put her life back together after a violent attack by seeking to repair the life of a new patient, but he has his own terrifying history.",2017,,104,"['thriller', 'horror']",US,['US'],,tt5577742,5.1,7904,14.594,5.3
tm420656,Reprisal,MOVIE,"Jacob, a bank manager haunted by a violent heist that took the life of a coworker, teams up with his ex-cop neighbor, James, to bring down the assailant. While the two men work together to figure out the thief’s next move, Gabriel, the highly-trained criminal, is one step ahead. When Gabriel kidnaps Jacob’s wife and daughter, Jacob barrels down a path of bloodshed that initiates an explosive counterattack and brings all three men to the breaking point.",2018,R,89,"['action', 'thriller', 'crime', 'drama']",US,"['GB', 'US']",,tt6547170,4.2,7248,19.743,5.3
tm420334,Like Father,MOVIE,"When a workaholic young executive, is left at the altar, she ends up on her Caribbean honeymoon cruise with the last person she ever expected: her estranged and equally workaholic father. The two depart as strangers, but over the course of a few hilarious adventures, a couple of umbrella-clad cocktails and a whole lot of soul-searching, they return with a renewed appreciation for family and life.",2018,R,103,"['comedy', 'drama']",US,['US'],,tt7170950,6.1,21202,9.294,6.3
tm357820,The Open House,MOVIE,A teenager and his mother find themselves besieged by threatening forces when they move into a new house.,2018,,94,"['horror', 'thriller']",US,['US'],,tt7608028,3.2,33769,10.26,3.7
tm244521,Catfight,MOVIE,The rivalry between two former college friends comes to a head when they both attend the same glamorous event.,2017,,96,"['comedy', 'drama', 'action']",US,['US'],,tt5294198,5.9,6251,8.919,5.5
ts84645,Medal of Honor,SHOW,"Honoring service members whose courage merited the awarding of a Medal of Honor, this docudrama series re-creates their inspiring true stories.",2018,TV-MA,55,"['documentation', 'war']",US,['US'],1,tt7440274,8.2,1687,8.526,8.7
tm419733,"My Teacher, My Obsession",MOVIE,"Riley is struggling to make friends after transferring to a new high school where her father, Chris, is an English teacher. When she meets Kyla, they quickly becomes close friends. However, the friendship takes a strange turn when Riley learns that Kyla is obsessed with her dad. Will Kyla successfully seduce Chris and start a twisted new life with him by removing everyone in her path, or will Riley be able to save her father from Kyla’s treacherous plot before it’s too late?",2018,,105,"['thriller', 'drama']",US,['US'],,tt6997574,4.4,2289,20.215,4.9
tm315850,Take Me,MOVIE,Ray is a fledgling entrepreneur who specializes in high-end simulated abductions. He jumps at the chance when a mysterious client contracts him for a weekend kidnapping with a handsome payday at the end. But the job isn't all that it seems.,2017,,83,"['comedy', 'crime', 'thriller']",US,['US'],,tt6598734,6.1,5566,8.559,5.7
tm436844,The Christmas Chronicles,MOVIE,"Siblings Kate and Teddy try to prove Santa Claus is real, but when they accidentally cause his sleigh to crash, they have to save Christmas.",2018,PG,104,"['fantasy', 'family', 'comedy']",US,['US'],,tt2990140,7,71182,24.184,7.1
tm285649,The Ottoman Lieutenant,MOVIE,"Lillie, a determined American woman, ventures overseas to join Dr. Jude at a remote medical mission in the Ottoman Empire (now Turkey). However, Lillie soon finds herself at odds with Jude and the mission’s founder, Woodruff, when she falls for the titular military man, Ismail, just as the war is about to erupt.",2017,R,111,"['drama', 'war']",US,"['TR', 'US']",,tt4943322,6.4,25582,16.645,6.1
tm306811,Casting JonBenet,MOVIE,"Twenty years after the modern world's most notorious child murder, the legacy of the crime and its impact are explored.",2017,,81,"['crime', 'documentation', 'drama']",US,"['US', 'AU']",,tt6333052,6.1,5384,10.671,5.7
tm351214,Long Shot,MOVIE,"When Juan Catalan is arrested for a murder he insists he didn't commit, he builds his case for innocence around unexpected raw footage.",2017,,40,"['documentation', 'crime', 'sport']",US,['US'],,tt7344360,7.4,7734,8.496,7.2
tm347821,Outside In,MOVIE,An ex-con struggling to readjust to life in his small town forms an intense bond with his former high-school teacher.,2018,,109,['drama'],US,['US'],,tt7260048,6.7,4611,5.153,6.2
tm327199,The Saint,MOVIE,"International master thief, Simon Templar, also known as The Saint, is asked by a desperate rich man to find his kidnapped daughter. However, in addition to evading the authorities, Simon must face a dangerous adversary from his past.",2017,PG-13,92,"['crime', 'action']",US,['US'],,tt2569088,4.9,6555,20.193,5.3
tm352774,Voyeur,MOVIE,"Journalism icon Gay Talese reports on Gerald Foos, the Colorado motel owner who allegedly secretly watched his guests with the aid of specially designed ceiling vents, peering down from an ""observation platform"" he built in the motel's attic.",2017,R,95,"['documentation', 'crime', 'drama']",US,['US'],,tt3465276,6.2,5922,8.997,6
ts321277,Daniel Sloss: Live Shows,SHOW,"Comedian Daniel Sloss is ready to find the funny in some very dark topics, from the deeply personal to the truly irreverent.",2018,TV-MA,60,['comedy'],US,['US'],1,tt8858472,8.5,3387,3.355,8.4
tm313974,Get Me Roger Stone,MOVIE,"From his days of testifying at the Watergate hearings to advising recent presidential candidate Donald Trump, Roger Stone has long offended people on both sides of the political fence as a force in conservative America. Outspoken author, pundit, ahead of his time election strategist, this is his story.",2017,,100,"['history', 'documentation']",US,['US'],,tt6714534,7.4,7333,7.365,7
tm305437,Hey Arnold! The Jungle Movie,MOVIE,"When their trip to San Lorenzo takes a turn for the worst, Arnold and his classmate’s only hope of getting home is retracing the dangerous path that led to Arnold's parents' disappearance.",2017,,81,"['comedy', 'animation', 'action', 'family', 'fantasy']",US,['US'],,tt5257726,7.5,3139,20.281,7.7
tm369179,Irreplaceable You,MOVIE,A couple who have known each other since 8 are destined to be together until death do them apart.,2018,,96,"['drama', 'comedy', 'romance']",US,['US'],,tt6119856,6.4,9442,18.453,7
ts57985,Free Rein,SHOW,"A 15-year-old from LA spends the summer at her mom's childhood home on an island off the coast of England, where she bonds with a mysterious horse.",2017,TV-G,28,"['comedy', 'drama', 'family', 'action', 'documentation']",US,['US'],3,tt6928052,7,2062,48.156,7.8
tm307515,Amar,MOVIE,"Laura and Carlos love each other as if every day was the last, and perhaps that first love intensity is what will tear them apart a year later.",2017,,105,"['romance', 'drama', 'european']",US,"['ES', 'US']",,tt5479616,5.1,4397,5.262,5
tm219252,Carrie Pilby,MOVIE,"Awkward, isolated and disapproving of most of the people around her, a precocious 19-year-old genius is challenged to put her convictions to the test by venturing out on to the NYC dating scene.",2017,,98,"['comedy', 'drama']",US,['US'],,tt6189446,6.7,11311,12.509,7
tm290831,Fun Mom Dinner,MOVIE,"Four women, whose kids attend the same preschool class, get together for a ""fun mom dinner"". When the night takes an unexpected turn, these unlikely new friends realize they have more in common than just marriage and motherhood.",2017,R,81,['comedy'],US,['US'],,tt6174314,5.3,5509,14.054,5.7
ts85967,Bumping Mics with Jeff Ross & Dave Attell,SHOW,"When Jeff Ross and Dave Attell take the stage, no one is safe. With the help of special guests, they're packing a lot of laughs into one epic weekend.",2018,TV-MA,34,['comedy'],US,['US'],1,tt9203078,7.7,1145,1.542,7.8
tm445735,Springsteen On Broadway,MOVIE,"Springsteen on Broadway is a solo acoustic performance written and performed by Tony Award, Academy Award, and 20-time Grammy Award winner Bruce Springsteen. Based on his worldwide best-selling autobiography 'Born to Run,' Springsteen on Broadway is a unique evening with Bruce, his guitar, a piano, and his very personal stories. In addition, it features a special appearance by Patti Scialfa. Netflix will allow global audiences to see the show critics have been raving about from anywhere they are.",2018,,153,"['documentation', 'music']",US,['US'],,tt8716334,8.5,2178,5.263,8
ts56670,Hot Girls Wanted: Turned On,SHOW,"Porn has gone mainstream; the question is, can we handle it? This exploration of the intersection of sex and technology is told through the stories of the people whose lives are defined by the current explosion of internet porn-whether they're creating it, consuming it, or both.",2017,TV-MA,47,['documentation'],US,['US'],1,tt6333104,6.6,2168,11.357,7.3
ts86682,7 Days Out,SHOW,"Witness the excitement and drama behind the scenes in the seven days leading up to major live events in the worlds of sports, fashion, space and food.",2018,TV-PG,50,['documentation'],US,['US'],1,tt9315990,6.8,531,2.621,9
ts75286,Greenhouse Academy,SHOW,"When teen siblings Hayley and Alex enter an elite boarding school, they find rivalry, romance and a mystery related to the recent loss of their mom.",2017,TV-PG,23,['drama'],US,['US'],4,tt6076336,6.6,5967,21,8.1
tm245383,Te Ata,MOVIE,"The extraordinary life of Chickasaw Nation citizen Mary Thompson Fisher is given a heartfelt tribute in this moving look at a culture in transition, and the way one woman used her voice to keep Native traditions and stories alive. Raised in Indian Territory, Fisher left home to pursue her dream of becoming an actress, only to find that her true calling was at home all along. From Chautauquas to Broadway and even the White House, Fisher traveled the world performing Native American songs and stories for heads of state, American presidents, and European royalty. Featuring Chickasaw citizens both in front of and be-hind the camera, this touching portrait starring Q’orianka Kilcher (“The New World”) and Graham Greene honors a woman whose own story was the most inspiring one she never told. -TCFF database",2017,PG,105,"['drama', 'history']",US,['US'],,tt5225360,7.4,736,6.381,7.2
tm349529,Cuba and the Cameraman,MOVIE,This revealing portrait of Cuba follows the lives of Fidel Castro and three Cuban families affected by his policies over the last four decades.,2017,,113,['documentation'],US,"['CU', 'US']",,tt7320560,8.3,4715,8.738,7.7
ts83906,Car Masters: Rust to Riches,SHOW,"The colorful crew at Gotham Garage overhauls an eclectic collection of cars and trucks, trading up to a showstopper they can sell for big bucks.",2018,TV-PG,39,['reality'],US,['US'],3,tt8893550,8.4,10024,8.898,7.8
tm244368,You Get Me,MOVIE,"After arguing with his girlfriend, Ali, Tyler lands in the arms of sexy new girl, Holly. The next morning, he finds that not only does Ali agree to take him back, but Holly is a new student at their school and is dead set on her new man.",2017,,89,"['thriller', 'crime', 'drama', 'romance']",US,['US'],,tt5539054,4.7,12740,24.968,5.6
tm323195,Sarah Silverman: A Speck of Dust,MOVIE,"In her first comedy special post-health scare, Sarah Silverman shares a mix of fun facts, sad truths and yeah-she-just-went-there moments.",2017,,71,"['comedy', 'documentation']",US,['US'],,tt6948354,6.9,3711,4.857,6.9
ts92825,Lego Jurassic World: The Secret Exhibit,SHOW,How the characters from Lego Jurassic World: The Indominus Escape (2016) and Jurassic World (2015) got involved with the Park.,2018,TV-Y,22,"['scifi', 'animation', 'action', 'comedy', 'family']",US,['US'],1,tt9322614,6.2,244,5.651,7.3
tm322569,Hasan Minhaj: Homecoming King,MOVIE,"Comic Hasan Minhaj of ""The Daily Show"" shares personal stories about racism, immigrant parents, prom night horrors and more in this stand-up special.",2017,,72,"['comedy', 'documentation']",US,['US'],,tt6900940,8.2,7120,5.727,7.8
ts39016,Girlboss,SHOW,"Sophia is a rebellious, broke anarchist who refuses to grow up. She stumbles upon her passion of selling vintage clothes online and becomes an unlikely businesswoman. As she builds her retail fashion empire, she realizes the value and the difficulty of being the boss of her own life.",2017,TV-MA,27,['comedy'],US,['US'],1,tt5706996,7,17525,10.68,6.7
ts80519,Spy Kids: Mission Critical,SHOW,"In this animated spinoff series, Juni and Carmen Cortez must battle the evil organization S.W.A.M.P. -- without the help of their super-spy parents.",2018,TV-Y7,25,"['action', 'romance', 'thriller', 'scifi', 'family', 'comedy', 'drama', 'animation']",US,['US'],3,tt6714408,5.2,372,11.907,8.6
ts79219,Flint Town,SHOW,"Over a two-year period, filmmakers embedded with cops in Flint, Michigan, reveal a department grappling with volatile issues in untenable conditions.",2018,TV-MA,45,"['crime', 'action', 'documentation']",US,['US'],1,tt8004578,7.9,3633,2.712,7.6
tm427465,Quincy,MOVIE,"An intimate look into the life of icon Quincy Jones. A unique force in music and popular culture for 70 years, Jones has transcended racial and cultural boundaries; his story is inextricably woven into the fabric of America.",2018,,124,"['music', 'documentation']",US,['US'],,tt7440432,7.6,4488,7.629,7.4
tm445899,Struggle: The Life and Lost Art of Szukalski,MOVIE,"The remarkable life story of the pre-war Polish artist Stanislav Szukalski, documented by the American friends he made late in life.",2018,,104,"['documentation', 'european']",US,"['US', 'PL']",,tt9316022,7.9,4082,6.423,7.6
tm139564,The Outcasts,MOVIE,"After falling victim to a humiliating prank by the high school Queen Bee, best friends and world-class geeks, Mindy and Jodi, decide to get their revenge by uniting the outcasts of the school against her and her circle of friends.",2017,PG-13,95,['comedy'],US,['US'],,tt2597760,5.4,4426,12.942,6.2
tm313487,Bending the Arc,MOVIE,"About the extraordinary doctors and activists—including Paul Farmer, Jim Yong Kim, and Ophelia Dahl—whose work 30 years ago to save lives in a rural Haitian village grew into a global battle in the halls of power for the right to health for all.",2017,,102,['documentation'],US,['US'],,tt6370266,8,314,4.813,8
ts90596,Polly Pocket,SHOW,"The series, based on the doll of the same name, will feature a young girl called Polly who has a magical locket that allows her and her friends to shrink down to a tiny size.",2018,,13,"['animation', 'comedy', 'family', 'fantasy']",US,"['CA', 'US', 'IE']",3,tt8673042,5.9,119,6.073,6.7
tm437608,Adam Sandler: 100% Fresh,MOVIE,"Adam Sandler takes his comical musical musings back out on the road, from comedy clubs to concert halls to one very unsuspecting subway station.",2018,R,73,"['comedy', 'music']",US,['US'],,tt9036126,7.5,5096,10.176,7.3
tm336712,An Imperfect Murder,MOVIE,"Successful actress Vera Lockman thrashes during a nightmare in which she struggles with, shoots and kills her drug-dealer ex-boyfriend. Jolted awake, she reveals in her journal that the killing actually occurred the day before and that Sal, dead, lies in a trunk in her living room.",2017,R,71,"['crime', 'drama', 'thriller']",US,['US'],,tt6469960,3.1,1594,7.251,4.4
tm307950,Mike Birbiglia: Thank God for Jokes,MOVIE,"Mike Birbiglia declares that a joke should never end with ""I’m joking."" In his all-new comedy, Birbiglia tiptoes hilariously through the minefield that is modern-day joke-telling. Join Mike as he learns that the same jokes that elicit laughter have the power to produce tears, rage, and a whole lot of getting yelled at. Ultimately it's a show that asks, “How far should we go for the laugh?”",2017,,71,['comedy'],US,['US'],,tt6608034,7.4,2465,4.404,7.4
tm236659,Sky Ladder: The Art of Cai Guo-Qiang,MOVIE,"Known for his spectacular pyrotechnic displays, Chinese artist Cai Guo-Qiang creates his most ambitious project yet: Sky Ladder, a visionary, explosive event that he pulls off in his hometown in China after 20 years of failed attempts.",2017,,80,['documentation'],US,['US'],,tt5278930,7.3,1436,5.166,7
tm327540,Gnome Alone,MOVIE,"When Chloe discovers that her new home's garden gnomes are not what they seem, she must decide between the pursuit of a desired high school life and taking up the fight against the Troggs.",2017,PG,85,"['fantasy', 'family', 'drama', 'comedy', 'thriller', 'music', 'animation']",US,"['US', 'CA', 'GB']",,tt5851786,5.6,3410,19.913,6.2
ts103638,Standup and Away! with Brian Regan,SHOW,Bryan Regan blends his trademark observational stand-up with short sketches and a bit of audience interaction in this hybrid comedy series.,2018,TV-PG,25,['comedy'],US,['US'],1,tt9384194,5.7,390,1.872,7.7
tm293867,Neal Brennan: 3 Mics,MOVIE,"Wicked one-liners and soul-baring confessions converge in this uniquely intimate stand-up special from ""Chappelle's Show"" co-creator Neal Brennan.",2017,,65,"['comedy', 'documentation']",US,['US'],,tt6438918,7.8,3228,3.807,7.3
tm266685,Sandy Wexler,MOVIE,"When a hapless but dedicated talent manager signs his first client who actually has talent, his career finally starts to take off.",2017,,130,['comedy'],US,['US'],,tt5893332,5.2,16603,14.548,5.5
tm839847,WHAT DID JACK DO?,MOVIE,"In a locked down train station, a homicide detective conducts an interview with a tormented monkey  who is suspected of murder.",2017,,17,['comedy'],US,['US'],,,,,6.823,6.4
tm370392,The Week Of,MOVIE,The parents of a soon-to-be married couple make the final preparations for the wedding ceremony.,2018,PG-13,116,['comedy'],US,['US'],,tt6821012,5.2,21481,15.364,5.4
tm285298,Naked,MOVIE,"Following a wild night out with his Best Man, Rob Anderson wakes up to find himself naked in an elevator on the morning of his wedding day and is forced to relive the morning over and over again.",2017,,96,"['comedy', 'fantasy', 'romance']",US,['US'],,tt6048930,5.4,19366,24.805,5.7
tm404475,The Bleeding Edge,MOVIE,"Each year in the United States, unparalleled innovations in medical diagnostics, treatment, and technology hit the market. But when the same devices designed to save patients end up harming them, who is accountable?",2018,,100,['documentation'],US,['US'],,tt8106576,7.6,2671,11.687,6.7
ts55348,QB1: Beyond the Lights,SHOW,"A 10-part docuseries following high-school quarterbacks, on and off the field, throughout their unforgettable senior seasons.",2017,TV-14,32,"['reality', 'documentation', 'sport']",US,['US'],3,tt5771332,7.7,895,3.441,7
tm448122,Taylor Swift: Reputation Stadium Tour,MOVIE,"Taylor Swift takes the stage in Dallas for the Reputation Stadium Tour and celebrates a monumental night of music, memories and visual magic.",2018,PG-13,125,"['documentation', 'music']",US,['US'],,tt9426852,8.3,5293,11.864,8.2
tm440415,John Leguizamo's Latin History for Morons,MOVIE,"In this one-man Broadway show, John Leguizamo finds humor and heartbreak as he traces 3,000 years of Latin history in an effort to help his bullied son.",2018,PG,89,"['comedy', 'documentation']",US,['US'],,tt9777830,7.4,738,5.255,7.4
ts82559,Amazing Interiors,SHOW,"Meet eccentric homeowners whose seemingly ordinary spaces are full of surprises, from a backyard roller coaster to an indoor aquarium.",2018,TV-PG,26,['documentation'],US,"['US', 'GB']",1,tt8747342,6.6,797,3.17,6.4
tm233485,Charming,MOVIE,"Charming Cursed to be TOO charming, Prince Charming, the most famous prince the world has ever known, has found himself engaged to three iconic princesses (Snow White, Cinderella and Sleeping Beauty)… all at the same time! In order to break his curse and free his kingdom from its ravages, Prince Charming must embark on an epic quest and wind his way through a series of seemingly impossible tasks to learn which of these three (3) princesses is his true love. Determined to make things right, the Prince is accompanied on this madcap journey by a clever and cunning hooligan named Lenore (who becomes his teacher and confidant). Along the way, the Prince realizes that Lenore is both his best friend and his true love and that life’s journey is not defined by whom you run the gauntlet for, but rather whom you run it with.",2018,,90,"['fantasy', 'animation', 'comedy', 'family']",US,['US'],,tt4086018,5.6,3467,13.039,6.5
ts80313,Bobby Kennedy for President,SHOW,"Historic footage and leading voices of the era examine the ""Bobby Phenomenon"" of the 1960s and the legacy of the man who helped redefine the country.",2018,TV-MA,61,"['documentation', 'drama']",US,['US'],1,tt8200004,8.1,1759,4.283,8.3
ts90994,Chip and Potato,SHOW,"Lovable pug Chip starts kindergarten, makes new friends and tries new things -- with a little help from Potato, her secret mouse pal.",2018,TV-Y,15,['animation'],US,['US'],3,tt9897038,6.4,155,12.51,9.8
tm326723,The Polka King,MOVIE,Local Pennsylvania polka legend Jan Lewan develops a plan to get rich that shocks his fans and lands him in jail.,2017,,95,"['comedy', 'drama', 'music']",US,['US'],,tt5539052,5.9,10428,11.394,5.5
ts84346,Falsa identidad,SHOW,"Isabel and Diego, two complete strangers, must assume the identity of a married couple in order to flee the state of Sonora.",2018,TV-14,43,"['action', 'thriller', 'crime', 'drama']",US,"['US', 'MX']",2,tt8598690,7,351,172.609,7.5
tm238377,The Legacy of a Whitetail Deer Hunter,MOVIE,A star of hunting videos strives to bond with his 12-year-old son on a wilderness trip but learns familial connections can't be forced.,2018,,83,"['comedy', 'drama']",US,['US'],,tt4762824,5.5,3909,7.024,5
tm366820,Come Sunday,MOVIE,Evangelist Carlton Pearson is ostracized by his church for preaching that there is no Hell.,2018,,106,['drama'],US,['US'],,tt1690967,6,2287,8.424,5.8
tm313988,The Death and Life of Marsha P. Johnson,MOVIE,"Describing herself as a 'street queen,' Johnson was a legendary fixture in New York City’s gay ghetto and a tireless voice for LGBT pride since the days of Stonewall, who along with fellow trans icon Sylvia Rivera, founded Street Transvestites Action Revolutionaries (S.T.A.R.), a trans activist group based in the heart of NYC’s Greenwich Village. Her death in 1992 was declared a suicide by the NYPD, but friends never accepted that version of events. Structured as a whodunit, with activist Victoria Cruz cast as detective and audience surrogate, The Death and Life of Marsha P. Johnson celebrates the lasting political legacy of Johnson, while seeking to finally solve the mystery of her unexplained death.",2017,,105,['documentation'],US,['US'],,tt5233558,7.2,2881,7.371,7.3
tm312767,Monster High: Electrified,MOVIE,"When Clawdeen dreams of opening a salon made for monsters and normies, Frankie has the perfect place - an abandoned power station outside town. But the idea sparks negative voltage when Moanica plots to ruin the whole thing, and replace the celebration with something a little more... shocking! Luckily the ghouls have a secret weapon on their side...Twyla, the daughter of the Boogey Man, and the perfect ghoul to unearth any mystery. Along with the most voltageous salon ever! So catch every twist, turn, zap and blast...because the Monster High ghouls are about to get ELECTRIC!",2017,PG,72,"['animation', 'fantasy']",US,['US'],,tt9408950,5.5,300,18.103,7.2
tm370628,Fred Armisen: Standup for Drummers,MOVIE,"For an audience of drummers, comedian Fred Armisen shares and demonstrates his thoughts on musical genres, drummer quirks, regional accents and more.",2018,,65,"['music', 'comedy']",US,['US'],,tt7924798,5.8,1276,4.789,6.2
tm327622,S.W.A.T.: Under Siege,MOVIE,"When a D.E.A. and S.W.A.T. cartel takedown ends in a shootout, S.W.A.T. Agent Travis Hall seizes a mysterious prisoner taking him into custody. Before long, the S.W.A.T. compound is under siege by wave-after-wave of assault teams attempting to recover the prisoner known as “The Scorpion” for the tattoo blazed across his back. When Travis discovers that his prisoner is a Secret Ops double agent planted within the cartel, it’s up to him and his expert S.W.A.T. team to keep “The Scorpion” and his billion dollar secrets safe.",2017,R,89,"['thriller', 'crime', 'action']",US,['US'],,tt6014472,4.5,3524,36.599,5.8
tm443186,Generation Iron 3,MOVIE,"Traveling across the world including India, Brazil, Europe, Africa, Canada, and the USA - Generation Iron 3 will interview and follow bodybuilders, trainers, experts, and fans to determine what the universal ideal physique should look like. With so many divisions appearing within the bodybuilding leagues - what body type should be championed as the absolute best in the world?",2018,,75,['documentation'],US,['US'],,tt8178958,6.2,3333,5.547,6.7
tm313293,Whose Streets?,MOVIE,"A nonfiction account of the Ferguson uprising told by the people who lived it, this is an unflinching look at how the killing of 18-year-old Michael Brown inspired a community to fight back—and sparked a global movement.",2017,R,90,['documentation'],US,['US'],,tt6185288,5.5,1337,3.573,5.8
tm349138,One of Us,MOVIE,"Penetrating the insular world of New York's Hasidic community, focusing on three individuals driven to break away despite threats of retaliation.",2017,,95,['documentation'],US,['US'],,tt7214842,7,6482,9.06,7
tm376801,The Rachel Divide,MOVIE,Rachel Dolezal became infamous when she was unmasked as a white woman passing for black so thoroughly that she had become the head of her local N.A.A.C.P. chapter. This portrait cuts through the very public controversy to reveal Dolezal’s motivations.,2018,,104,['documentation'],US,['US'],,tt8106570,6.3,2512,5.704,6.2
tm358242,Brian Regan: Nunchucks and Flamethrowers,MOVIE,"Brian Regan takes relatable family humor to new heights as he talks board games, underwear elastic and looking for hot dogs in all the wrong places.",2017,,61,"['comedy', 'documentation']",US,['US'],,tt7679532,6.3,679,4.316,6
tm409618,Alex Strangelove,MOVIE,"Alex Truelove is on a quest to lose his virginity, an event eagerly awaited by his patient girlfriend and cheered on with welcome advice by his rowdy friends. But Alex, a super gregarious dude, is oddly unmotivated. A magical house party throws Alex into the presence of Elliot, a hunky college guy, who pegs Alex as gay and flirts hard. Alex is taken aback but after a series of setbacks on the girlfriend front he takes the plunge and learns some interesting new facts about himself.",2018,R,99,"['drama', 'comedy', 'romance']",US,['US'],,tt5688996,6.3,17305,13.149,6.6
tm244274,Lowriders,MOVIE,"A young street artist in East Los Angeles is caught between his father's obsession with lowrider car culture, his ex-felon brother and his need for self-expression.",2017,PG-13,99,"['drama', 'crime']",US,['US'],,tt1366338,5.6,2519,11.461,6.7
ts85659,3Below: Tales of Arcadia,SHOW,"After crash-landing on Earth, two royal teen aliens on the run struggle to blend in with humans as they evade intergalactic bounty hunters.",2018,TV-Y7,22,"['comedy', 'scifi', 'action', 'animation', 'family', 'fantasy']",US,['US'],2,tt7736544,7.7,5927,17.34,7.7
tm376840,End Game,MOVIE,"Filmed and edited in intimate vérité style, this movie follows visionary medical practitioners who are working on the cutting edge of life and death and are dedicated to changing our thinking about both.",2018,,40,['documentation'],US,['US'],,,,,6.215,7.2
tm372891,Chris Rock: Tamborine,MOVIE,"Chris Rock takes the stage for his first comedy special in 10 years, filled with searing observations on fatherhood, infidelity and American politics.",2018,,64,"['comedy', 'documentation']",US,['US'],,tt8005338,6.6,6816,7.142,6.5
ts54050,Ultimate Beastmaster,SHOW,"In this intense obstacle course series, elite athletes from the U.S. and other countries compete for cash prizes, individual glory and national pride.",2017,TV-PG,59,"['reality', 'action']",US,['US'],3,tt5706758,7.3,2359,3.181,6
tm318641,Justice,MOVIE,A U.S. Marshal seeking justice for his brother's murder defends a small town from a corrupt Mayor and his henchmen with intents to revive the civil war.,2017,R,92,"['western', 'drama', 'action', 'european']",US,['US'],,tt5143890,4,1208,5.465,5.8
tm314829,NY Prison Break: The Seduction of Joyce Mitchell,MOVIE,"Convicted killers David Sweat and Richard Matt seduce bored, restless, small town mom Joyce Mitchell who aids and abets their audacious jailbreak.",2017,,84,"['crime', 'drama']",US,['US'],,tt6710568,5.6,322,3.785,5.8
tm366973,Tom Segura: Disgraceful,MOVIE,"Tom Segura gives voice to the sordid thoughts you'd never say out loud, with blunt musings on porn, parking lot power struggles, parenthood and more.",2018,PG-13,74,"['comedy', 'documentation']",US,['US'],,tt7379330,7.5,3695,2.908,7
tm420797,Sierra Burgess Is a Loser,MOVIE,A case of mistaken identity results in unexpected romance when the most popular girl in high school and the biggest loser must come together to win over their crushes.,2018,PG-13,105,"['drama', 'romance', 'comedy']",US,['US'],,tt3120280,5.8,38319,10.057,6.4
tm359714,Christmas Inheritance,MOVIE,"To inherit her father's company, socialite Ellen must first visit his small hometown, where she learns the value of hard work and helping others.",2017,,105,"['romance', 'comedy', 'drama']",US,['US'],,tt7608534,5.7,11693,18.065,6.4
tm314705,Jo Koy: Live from Seattle,MOVIE,"Between raising a teenage boy and growing up with a Filipino mother, stand-up comic Jo Koy has been through a lot. He's here to tell you all about it.",2017,,63,['comedy'],US,['US'],,tt6720442,7.1,1322,3.559,7
tm325102,Puss in Book: Trapped in an Epic Tale,MOVIE,"After tumbling into a magic storybook, Puss in Boots must fight, dance and romance his way through wild adventures as he searches for an escape.",2017,G,23,['fantasy'],US,['US'],,,,,20.552,6.5
tm363787,Christmas in the Heartland,MOVIE,"Kara and Jessie are two teenage girls from very different worlds, but with a little Christmas magic, they find they have much more in common than they ever imagined.",2017,,90,['family'],US,['US'],,tt3396114,5.9,1414,5.892,6.3
ts84597,FIGHTWORLD,SHOW,"Actor and fight enthusiast Frank Grillo travels the world, immersing himself in different fight cultures to understand their traditions and motivations.",2018,TV-MA,42,['documentation'],US,['US'],1,tt9047526,7.6,806,5.053,6.9
tm355724,A Christmas Prince,MOVIE,"When a reporter goes undercover as a nanny to get the inside scoop on a playboy prince, she gets tangled in some royal intrigue and ends up finding love - but will she be able to keep up her lie?",2017,PG,92,"['romance', 'comedy', 'family']",US,['US'],,tt7608418,5.7,19456,11.202,6.6
tm420989,Father of the Year,MOVIE,"Two college grads return to their hometown, where a hypothetical question -- whose dad would win in a fight? -- leads to mass mayhem.",2018,,94,['comedy'],US,['US'],,tt7256866,5.2,11281,11.325,5.4
ts85732,The Final Table,SHOW,Team of chefs vie to impress some of the world's toughest palates as they whip up iconic dishes from different nations in this fast-paced competition.,2018,TV-PG,43,['reality'],US,['US'],1,tt5545584,7.6,3989,4.386,6.8
tm348010,Killing Hasselhoff,MOVIE,"A man in a high stakes celebrity death pool quickly loses everything - his business, his bank account, his home, his fiancé. He snaps, then realizes the only way to get his life back on track. He'll have to murder his own celebrity. He'll have to kill Hasselhoff.",2017,R,79,['comedy'],US,['US'],,tt2967226,4.4,2655,6.236,4.6
tm357552,Pottersville,MOVIE,"Maynard, a beloved local businessman is mistaken for the legendary Bigfoot during an inebriated romp through town in a makeshift gorilla costume. The sightings set off an international Bigfoot media spectacle and a windfall of tourism dollars for a simple American town hit by hard times. When Brock Masterson, reality TV’s “Monster Hunter,” arrives to hunt the beast, Maynard agonizes over whether to come clean, destroying the rebirth of his beloved town, or perpetuate the inadvertent hoax.",2017,,85,['comedy'],US,['US'],,tt3672120,5.4,4674,8.332,5
tm437631,Derren Brown: Sacrifice,MOVIE,Illusionist Derren Brown concocts a psychological experiment in which he tries to manipulate an ordinary person into taking a bullet for a stranger.,2018,,49,"['documentation', 'reality']",US,['US'],,tt9077188,7.1,1786,7.887,7.4
tm404690,Happy Anniversary,MOVIE,A quirky couple spends their three-year dating anniversary looking back at their relationship and contemplating whether they should break up.,2018,,78,['comedy'],US,['US'],,tt6423886,5.7,4219,13.649,5.8
tm320249,Maria Bamford: Old Baby,MOVIE,She's savagely upbeat. Lovably awkward. And full of surprises. A wildly funny trip through a one-of-a-kind comic mind.,2017,,64,"['comedy', 'documentation']",US,['US'],,tt6264596,6.1,945,3.717,5.4
ts57300,Marlon,SHOW,"A loving (but immature) father is committed to co-parenting his two kids with his very-together ex-wife. While his misguided fatherly advice, unstoppable larger-than-life personality and unpredictable Internet superstardom might get in the way sometimes, for Marlon, family really always does come first - even if he's the biggest kid of all.",2017,TV-PG,21,['comedy'],US,['US'],2,tt5722376,7,4056,17.101,6.6
ts57148,Champions,SHOW,"Vince, a charismatic gym owner with no ambition lives with his younger brother Michael, a gorgeous idiot. Their simple life of women and working out is put on hold when the teenage son of Vince is dropped off on their doorstep by Priya, one of his old high school flings.",2018,TV-PG,21,['comedy'],US,['US'],1,tt6470396,6.1,3736,8.869,5.5
tm270490,The B-Side: Elsa Dorfman's Portrait Photography,MOVIE,"Portrait photographer Elsa Dorfman found her medium in 1980: the larger-than-life Polaroid Land 20x24 camera. For the next thirty-five years, she captured the “surfaces” of those who visited her studio: families, Beat poets, rock stars, and Harvard notables. As pictures begin to fade and her retirement looms, Dorfman gives Errol Morris an inside tour of her backyard archive.",2017,R,76,['documentation'],US,['US'],,tt5952468,6.7,743,4.303,6.8
tm358949,A Very Country Christmas,MOVIE,"Jeanette Williams is a busy single parent, trying to make the best life for her and her daughter. With no time to follow current celebrity gossip, Jeanette is unaware of when a Country superstar returns to their small town to escape the intrusive paparazzi and the chaos of fame. A chance meeting between the two have them both letting their guards down and opening their hearts to the possibility of romance.",2017,G,83,"['romance', 'drama', 'family', 'comedy']",US,"['CA', 'US']",,tt7001906,6,1622,5.089,6.5
ts85202,Brainchild,SHOW,"From germs and emotions to social media and more, it's the science of your world explained in a way that's refreshingly relatable.",2018,TV-Y7,25,"['documentation', 'family']",US,['US'],1,tt9203042,8.1,415,3.041,8.3
tm429377,Bert Kreischer: Secret Time,MOVIE,"Comedian Bert Kreischer is ready to take his shirt off and ""party hardy"" with his debut Netflix Original stand-up special, Bert Kreischer: Secret Time. Considered one of the best storytellers of his generation, Bert regales the audience at the Trocadero Theatre in Philadelphia with stories about zip-lining with his family, his daughter practicing softball with an imaginary ball, and upstaging ex-NBA player Ralph Sampson at a childhood basketball camp.",2018,,57,"['comedy', 'documentation']",US,['US'],,tt8786466,7.3,2307,3.406,7.3
tm330869,Show Dogs,MOVIE,"Starring Will Arnett, Chris ""Ludacris"" Bridges, Natasha Lyonne, Jordin Sparks, Gabriel Iglesias, Shaquille O'Neal, Alan Cumming, and Stanley Tucci, SHOW DOGS is a family comedy about the unlikely pairing of a human detective (Arnett) and his canine partner (voice of Chris ""Ludacris"" Bridges), who has to go undercover at the world's most exclusive dog show to solve his biggest case yet.",2018,PG,90,"['comedy', 'crime', 'family']",US,"['GB', 'US']",,tt5691024,3.9,4653,9.606,6
tm350607,Escape from Mr. Lemoncello's Library,MOVIE,Can twelve 12-year-olds escape from the most ridiculously brilliant library ever created? Escape from Mr. Lemoncello's Library plunks a dozen sixth-graders into the middle of a futuristic library for a night of nonstop fun and adventure.,2017,G,69,"['fantasy', 'family']",US,"['CA', 'US']",,tt5878476,5.4,440,13.259,5.9
ts83457,Cleo & Cuquin,SHOW,Sister and brother Cleo and Cuquin carry out different job roles to help their friends.,2018,TV-Y,7,"['animation', 'family']",US,"['ES', 'US']",2,tt7956374,8,98,4.49,8.3
tm407295,Amateur,MOVIE,14-year-old basketball phenom Terron Forte has to navigate the under-the-table world of amateur athletics when he is recruited to an elite NCAA prep school.,2018,R,96,"['drama', 'sport']",US,['US'],,tt5580392,5.9,4303,11.572,6.5
ts53516,Edgar Rice Burroughs' Tarzan and Jane,SHOW,"Saved from a plane crash and given supernatural powers, teen Tarzan joins forces with brave city girl Jane to protect his jungle home from threats.",2017,TV-Y7,21,"['action', 'scifi', 'animation', 'comedy', 'drama', 'family']",US,['US'],2,tt6216718,4.8,270,6.957,8.1
tm344173,All I Wish,MOVIE,"A woman struggles to escape the clutches of her overbearing, co-dependent mother, while gradually falling for a sexy, sophisticated attorney.",2018,G,94,"['comedy', 'drama', 'romance']",US,['US'],,tt1492705,5.2,1564,7.403,5.8
tm362180,"Ram Dass, Going Home",MOVIE,"Ram Dass is one of the most important cultural figures from the 1960s and 70s. A pyschedelic pioneer, author of Be Here Now, beloved spiritual teacher, and outspoken advocate for death-and-dying awareness, Ram Dass is now himself approaching the end of life.  Since suffering a life-changing stroke twenty years ago, he has been living at his home on Maui and deepening his spiritual practice — which is centered on love and his idea of merging with his surroundings and all living things.  Shot in a nuanced cinematic style, the film is an intimate summary of his life learning and awareness, and is ultimately a poetic meditation on life, death, and the soul’s journey home.",2017,PG-13,31,['documentation'],US,['US'],,,,,4.965,5.5
tm294581,The Clapper,MOVIE,15 minutes of fame destroys the life of a man who works as a clapper in television.,2018,R,89,"['comedy', 'drama']",US,['US'],,tt5461956,5.1,7425,8.617,4.9
tm313120,Chasing Coral,MOVIE,"Coral reefs are the nursery for all life in the oceans, a remarkable ecosystem that sustains us. Yet with carbon emissions warming the seas, a phenomenon called “coral bleaching”—a sign of mass coral death—has been accelerating around the world, and the public has no idea of the scale or implication of the catastrophe silently raging underwater.",2017,,93,['documentation'],US,['US'],,tt6333054,8.1,5143,10.875,7.9
ts82398,My Dead Ex,SHOW,"A classic, will-they-won't they romance story. Charley is living your typical teenage girl’s life. Ben, Charley’s not so secret admirer, isn’t living at all. But a little thing like death can’t stop these two teens from falling in love. Or maybe it can.",2018,,25,"['drama', 'scifi', 'comedy']",US,['US'],1,tt7428106,7.4,478,5.383,6.8
ts82867,Becoming Champions,SHOW,This series looks at the stories behind the athletes and countries that have achieved World Cup champion status.,2018,TV-G,45,"['documentation', 'sport']",US,['US'],1,tt8796068,6.7,389,0.992,6
ts83554,Inside the Criminal Mind,SHOW,Explore the psychological machinations and immoral behavior that define the most nefarious types of criminals.,2018,TV-MA,48,"['crime', 'documentation']",US,['US'],1,tt6775794,5.4,986,1.185,6.7
tm374216,Take Your Pills,MOVIE,"In a hypercompetitive world, drugs like Adderall offer students, athletes, coders and others a way to do more -- faster and better. But at what cost?",2018,,87,['documentation'],US,['US'],,tt7983844,6.3,5048,13.958,6.6
ts80030,Fastest Car,SHOW,The drivers of exotic supercars put their street cred on the line against deceptively fast sleeper cars built and modified by true gearheads.,2018,TV-MA,45,"['reality', 'documentation']",US,['US'],2,tt8295694,7.1,1324,12.572,7.2
ts84977,Terrorism Close Calls,SHOW,"The war on terror is everywhere and anywhere. In this series, we learn about the deadly terrorist attacks that almost happened or were not as deadly as planned. Each episodes explores a recently declassified terrorist scheme intended to cause mass casualties.",2018,,51,['documentation'],US,['US'],1,tt6775816,5.1,688,2.754,7.2
tm371959,6 Balloons,MOVIE,"Over the course of one night, a woman drives across LA with her heroin addict brother in search of a detox center, with his two-year-old daughter in tow.",2018,,75,['drama'],US,['US'],,tt6142496,5.9,4087,10.88,6.1
tm320206,#realityhigh,MOVIE,"When nerdy high schooler Dani finally attracts the interest of her longtime crush, she lands in the cross hairs of his ex, a social media celebrity.",2017,,99,"['comedy', 'drama', 'romance']",US,['US'],,tt6119504,5.2,6283,17.721,6.4
ts82424,13 Reasons Why: Beyond the Reasons,SHOW,"Cast members, writers, producers and mental health professionals discuss some of the difficult issues and themes explored in ""13 Reasons Why.""",2017,TV-MA,42,['documentation'],US,['US'],3,tt8615966,6.2,322,7.62,6.5
ts83247,Stay Here,SHOW,Designer Genevieve Gorder and real estate expert Peter Lorimer show property owners how to turn their short-term rentals into moneymaking showstoppers.,2018,TV-PG,32,['reality'],US,['US'],1,tt8773338,7.4,1095,2.789,7
ts76509,Beyond Stranger Things,SHOW,"Secrets from the ""Stranger Things 2"" universe are revealed as cast and guests discuss the latest episodes with host Jim Rash. Caution: spoilers ahead!",2017,TV-14,21,['documentation'],US,['US'],1,tt7570990,7.4,1883,29.563,7.3
tm425884,They'll Love Me When I'm Dead,MOVIE,"As his life comes to its end, famous Hollywood director Orson Welles puts it all on the line at the chance for renewed success with the film The Other Side of the Wind.",2018,,98,['documentation'],US,['US'],,tt6893836,7.4,4953,7.99,7.3
tm429382,Nappily Ever After,MOVIE,"After an accident at the hair salon, Violet realizes she's not living life to the fullest. A soulful barber helps her put the pieces back together.",2018,NC-17,100,"['comedy', 'drama', 'romance']",US,['US'],,tt0365545,6.4,9139,15.079,7.2
tm313748,Handsome: A Netflix Mystery Movie,MOVIE,LA homicide detective Gene Handsome's knack for solving mysteries is matched only by his inability to make sense of his own problems.,2017,,81,"['comedy', 'documentation']",US,['US'],,tt8836958,5.2,4465,9.533,5.3
ts86279,Nailed It! Holiday!,SHOW,"It's the ""Nailed It!"" holiday special you've been waiting for, with missing ingredients, impossible asks and desserts that look delightfully sad.",2018,TV-PG,36,['reality'],US,['US'],2,tt8760264,7.7,1086,8.263,8
tm463806,The Legend of Cocaine Island,MOVIE,A family man with no drug running experience searches the Caribbean for a lost stash of cocaine said to be worth at least $2 million.,2018,,87,['documentation'],US,['US'],,tt8106596,6.3,3287,11.611,6.5
ts75718,Neo Yokio,SHOW,"Joined by his faithful mecha-butler, Kaz Kaan pursues love, fashion and supernatural forces amid Neo Yokio's sinister high society.",2017,TV-MA,23,"['scifi', 'action', 'animation', 'comedy', 'fantasy']",US,['US'],2,tt7343832,5.9,3359,6.887,5.4
tm238587,Shepherds and Butchers,MOVIE,A lawyer takes on a case of a prison guard in South Africa who is traumatized by the executions he's witnessed.,2017,R,106,"['drama', 'crime']",US,"['US', 'DE', 'ZA']",,tt4627352,6.8,3460,8.502,6.4
tm410748,The Most Unknown,MOVIE,"An epic documentary film that sends nine scientists to extraordinary parts of the world to uncover unexpected answers to some of humanity’s biggest questions. How did life begin? What is time? What is consciousness? How much do we really know?  By introducing researchers from diverse backgrounds for the first time, then dropping them into new, immersive field work they previously hadn’t tackled, the film pushes the boundaries of how science storytelling is approached. What emerges is a deeply human trip to the foundations of discovery and a powerful reminder that the unanswered questions are the most crucial ones to pose.  Directed by Emmy-nominated and Peabody Award-winning filmmaker Ian Cheney and advised by world-renowned filmmaker Werner Herzog, The Most Unknown is an ambitious look at a side of science never before shown on screen.",2018,,92,['documentation'],US,['US'],,tt8126390,6.6,2067,5.378,6.5
tm376015,LEGO Marvel Super Heroes: Guardians of the Galaxy - The Thanos Threat,MOVIE,"The Guardians are on a mission to deliver the Build Stone to the Avengers before the Ravagers, Thanos and his underlings steal it from them.",2017,,21,"['animation', 'fantasy', 'scifi', 'action', 'comedy']",US,['US'],,tt7387224,5.9,444,12.929,7.1
tm434727,"Ron White: If You Quit Listening, I'll Shut Up",MOVIE,"Ron ""Tater Salad"" White dishes out his signature brand of cynicism, riffing on sex, celebrity and the sinister habits of wild geese.",2018,,63,['comedy'],US,['US'],,tt9060534,6.5,827,2.626,6.3
tm426202,Demetri Martin: The Overthinker,MOVIE,"With his signature one-liners and drawings, Demetri Martin muses on doughnut holes, dogs, sports bars, the alphabet's most aggressive letters and more.",2018,,56,['comedy'],US,['US'],,tt7725144,7.2,1697,4.156,7
tm367008,Katt Williams: Great America,MOVIE,The king of underground comedy takes the stage in Jacksonville with unflinching riffs on American politics and the raunchy perils of getting old.,2018,,60,['comedy'],US,['US'],,tt8536972,6.2,940,3.422,5.4
tm359713,El Camino Christmas,MOVIE,"A young man seeking a father he has never met, through no fault of his own, ends up barricaded in a liquor store with five other people on Christmas Eve in the fictitious town of El Camino, NV.",2017,,97,"['crime', 'comedy', 'western']",US,['US'],,tt3255590,5.7,8519,7.955,5.6
tm353046,Patton Oswalt: Annihilation,MOVIE,"Patton Oswalt, despite a personal tragedy, produces his best standup yet. Focusing on the tribulations of the Trump era and life after the loss of a loved one, Oswalt continues his journey to contribute joy to the world.",2017,,66,"['comedy', 'documentation']",US,['US'],,tt7026230,7.2,2367,4.233,7.1
tm311283,Amy Schumer: The Leather Special,MOVIE,"Comic sensation Amy Schumer riffs on sex, dating and the absurdities of fame in a bold and uncensored stand-up set at Denver's Bellco Theater.",2017,,57,['comedy'],US,['US'],,tt6616074,3,9753,7.927,4.1
ts76793,Shot in the Dark,SHOW,"Three rival freelance stringers scour the streets at night to film crime scenes, fires, accidents -- and anything else they can sell to news outlets.",2017,TV-MA,35,"['reality', 'documentation', 'thriller']",US,['US'],1,tt10478382,8,1770,2.605,7.9
tm411358,The American Meme,MOVIE,"Paris Hilton, the Fat Jew, and Brittany Furlan have all used social media to achieve massive internet fame. But, American Meme explores, is it worth it?",2018,,95,['documentation'],US,['US'],,tt8106558,6.8,17034,6.288,5.9
tm405901,Family Blood,MOVIE,"Ellie, a recovering drug addict, has just moved to a new city with her two teenage children. She has struggled to stay sober in the past and is determined to make it work this time, finding a stable job and regularly attending her meetings. Unfortunately, new friends, a new job, and the chance of a new life, can’t keep Ellie from slipping once again. Her life changes when she meets Christopher – a different kind of addict – which forces her daughter and son to accept a new version of Ellie.",2018,,92,"['horror', 'thriller', 'drama']",US,['US'],,tt7895904,4.2,2934,11.041,4.6
ts55627,Time: The Kalief Browder Story,SHOW,"The story of a teenager wrongfully charged with theft and jailed at Riker's Island prison for over 1,000 days.",2017,TV-MA,22,['documentation'],US,['US'],1,tt6133034,8.5,2641,3.258,7.9
ts78145,Drug Lords,SHOW,"Witness the stories of history's most notorious kingpins, their terrifying enforcers, and the men and women who've sworn to bring them down.",2018,TV-MA,45,['documentation'],US,['US'],2,tt7935522,6.8,1305,11.678,7.7
ts83407,Follow This,SHOW,Follow the reporters at BuzzFeed as they probe topics ranging from quirky internet crazes to safe injection spaces for opioid users.,2018,TV-MA,18,['documentation'],US,['US'],3,tt8560884,4.9,710,1.855,6
ts85953,Paprika,SHOW,Stan and Olivia - the amazingly different Paprika twins - use their boundless enthusiasm to turn everyday life into an extraordinary adventure.,2018,TV-Y,13,"['animation', 'family']",US,['US'],1,tt12740488,7.5,26,0.893,5
tm372305,First Match,MOVIE,"Hardened by years in foster care, a teenage girl from Brooklyn’s Brownsville neighborhood decides that wrestling boys is the only way back to her estranged father.",2018,,102,"['drama', 'sport']",US,['US'],,tt6061074,6.4,2242,12.663,6.6
tm515157,Point Blank,MOVIE,A top spy must clear his name when he faces military sanctions.,2017,NC-17,86,"['action', 'thriller', 'crime', 'drama']",US,['US'],,tt2499472,5.7,14184,16.224,6.1
tm441198,The Princess Switch,MOVIE,"When a down-to-earth Chicago baker and a soon-to-be princess discover they look like twins, they hatch a Christmastime plan to trade places.",2018,PG,101,"['romance', 'comedy', 'drama', 'family']",US,['US'],,tt8954732,6,27650,14.783,7
tm366590,Sanju,MOVIE,Sanju explores some of the most crucial chapters from movie star Sanjay Dutt’s dramatic and controversial real life. It gives a lowdown on his tryst with drugs and his trials and tribulations in the Arms Acts case and the 1993 Mumbai blasts.,2018,,161,"['drama', 'comedy']",US,"['IN', 'US']",,tt6452574,7.7,52227,8.906,7.4
tm418039,LEGO Marvel Super Heroes: Black Panther - Trouble in Wakanda,MOVIE,"After speaking at the Wakanda Embassy, Black Panther fights Thanos and fends him off with the help of fellow Avengers Captain America, Thor, Iron Man, Hulk, and Black Widow. After regaining conscious, Thanos is approached by Erik Killmonger and Ulysses Klaue in a plot where they will obtain the Vibranium in Wakanda to empower Thanos. When Black Panther discovers this plot, he must work with Shuri, Okoye, and the Avengers to defeat them.",2018,,22,"['fantasy', 'action', 'comedy', 'scifi', 'animation']",US,['US'],,tt8205250,5.6,551,8.657,6.7
tm411288,Nigerian Prince,MOVIE,"After being sent to Nigeria against his will, a stubborn Nigerian-American teenager joins forces with an internet scammer in order to return to the United States.",2018,,104,"['thriller', 'crime', 'drama']",US,"['US', 'NG']",,tt6851966,5.8,383,5.059,5.4
tm244321,Sun Dogs,MOVIE,A man eager to serve his country but rejected by the Marines pairs up with a young runaway to form an unlikely team on a misguided adventure.,2017,,93,"['drama', 'fantasy', 'comedy']",US,"['MX', 'US']",,tt5665452,6.2,2284,5.027,6.8
ts85126,The Degenerates,SHOW,Six stand-ups explore the coarse and salacious side of comedy in this series of half-hour specials. For mature audiences.,2018,,28,['comedy'],US,['US'],2,tt9077196,6.2,666,2.72,4.4
ts85217,Motown Magic,SHOW,"Imaginative boy Ben transforms his city by bringing colorful street art to life, armed with a magic paintbrush -- and the classic sounds of Motown.",2018,TV-Y,17,"['animation', 'comedy', 'family', 'fantasy', 'music']",US,['US'],2,tt8959860,7.9,292,3.073,9
tm421776,Ronnie Coleman: The King,MOVIE,"Ronnie Coleman is known as ""The King"" and for good reason. He is the 8x Mr. Olympia champion in the world of bodybuilding - sharing the world record for most Olympia wins. Now retired, he has undergone over 6 surgeries leaving him unable to walk without crutches but his desire to train like a pro bodybuilder has not dissipated. Exploring the history of his career as a bodybuilding legend and following his journey to recovery; for the first time ever discover the true man behind The King.",2018,,93,['documentation'],US,['US'],,tt7217214,7,3730,8.205,6.8
tm314295,Nobody Speak: Trials of the Free Press,MOVIE,The courtroom and publicity battles between the superstar wrestler and the notorious website explode in a sensational trial all about the limits of the First Amendment and the new no holds barred nature of celebrity life in an internet dominated society.,2017,,95,"['documentation', 'european']",US,"['NL', 'US']",,tt6333064,6.5,4092,7.95,6.1
ts78692,Rapture,SHOW,Groundbreaking artists share their life stories in this vibrant documentary series that captures hip-hop's impact on global culture.,2018,TV-MA,60,"['documentation', 'scifi', 'thriller', 'horror', 'music']",US,['US'],1,tt7981052,5.4,11,2.141,6.8
ts84782,Larva Island,SHOW,"Stranded on a tropical island, two silly larva buddies find slapstick fun in everything from discovering food to meeting new animal friends.",2018,TV-Y7,8,"['comedy', 'animation']",US,"['KR', 'US']",2,tt9077194,6.6,416,10.943,6.5
tm242108,Little Boxes,MOVIE,"It's the summer before 6th grade, and Clark is the new-in-town biracial kid in a sea of white. Discovering that to be cool he needs to act 'more black,' he fumbles to meet expectations, while his urban intellectual parents Mack and Gina also strive to adjust to small-town living. Equipped for the many inherent challenges of New York, the tight-knit family are ill prepared for the drastically different set of obstacles that their new community presents, and soon find themselves struggling to understand themselves and each other in this new suburban context.",2017,,84,"['drama', 'comedy']",US,['US'],,tt5030402,5.9,1971,7.118,6.3
ts82419,Zac & Mia,SHOW,"""Zac and Mia"", based on the novel by A.J. Betts, about 2 teens battling cancer in the same hospital. In the real world, Zac and Mia would have pretty much nothing in common, but in the hospital, where they're the only 2 teens on the ward, they develop an unbreakable bond. If cancer is the variable that changed everything, the only constant is their ever-deepening need for one another.",2017,TV-14,20,['drama'],US,['US'],2,tt7487358,7.8,622,5.313,8
ts95011,Move,SHOW,"The series is called MOVE and each episode brings us inside the life of a Canadian living with mental illness who has found a positive way to ""self-medicate"" through the discovery of exercise and human movement.",2018,TV-MA,25,['documentation'],US,['US'],1,tt9165300,7.5,112,4.55,7
tm348568,Jerry Before Seinfeld,MOVIE,"Jerry Seinfeld returns to the club that gave him his start in the 1970s, mixing iconic jokes with stories from his childhood and early days in comedy.",2017,,62,"['comedy', 'documentation']",US,['US'],,tt7310906,7,5643,7.723,7
tm320727,"Norm Macdonald: Hitler's Dog, Gossip & Trickery",MOVIE,"In this new stand-up special, Norm Macdonald delivers sly, deadpan observations from an older -- and perhaps even wiser -- point of view.",2017,,60,"['comedy', 'documentation']",US,['US'],,tt6887486,7.4,2868,4.028,6.9
tm365961,Mustang Island,MOVIE,"After his girlfriend dumps him at a New Year's Eve party, Bill and his friends drive to an off-season beach town to win her back.",2017,,86,"['comedy', 'drama']",US,['US'],,tt6589292,6.2,522,3.289,6.2
tm427143,Edge of Fear,MOVIE,"After being stabbed in the heart by ruthless home invaders, a man is left for dead. Now weak, outnumbered, and knife sticking from his chest, he attempts to do the impossible: save his wife from these murderers before he bleeds to death.",2018,R,91,"['thriller', 'crime', 'action']",US,['US'],,tt7149916,4.5,3124,14.161,4.7
ts90869,Love Daily,SHOW,Romantic anthology web series revolving around 12 stories of 12 months of young people on their paths to love.,2018,,18,"['drama', 'romance']",US,['US'],1,tt7975182,6.2,153,5.714,7.9
ts58480,Ari Shaffir: Double Negative,SHOW,"Wry yet thoughtful, comedian Ari Shaffir brings his edgy humor to two fast-paced stand-up specials about children and adulthood.",2017,,45,['comedy'],US,['US'],1,,,,2.288,6.4
tm280060,Step Sisters,MOVIE,"Jamilah has her whole life figured out. She's the president of her black sorority, captain of their champion step dance crew, is student liaison to the college dean, and her next move is on to Harvard Law School. She's got it all, right? But when the hard-partying white girls from Sigma Beta Beta embarrass the school, Jamilah is ordered to come to the rescue. Her mission is to not only teach the rhythmically-challenged girls how to step dance, but to win the Steptacular, the most competitive of dance competitions. With the SBBs reputations and charter on the line, and Jamilah's dream of attending Harvard in jeopardy, these outcast screw-ups and their unlikely teacher stumble through one hilarious misstep after another. Cultures clash, romance blossoms, and sisterhood prevails as everyone steps out of their comfort zones.",2018,PG-13,104,['comedy'],US,['US'],,tt5267472,5.4,4460,12.158,6.5
tm347850,SPF-18,MOVIE,"18-year-old Penny Cooper spent years pining for Johnny Sanders Jr., but when a mysterious musician shows up on the beach, Penny is torn.",2017,PG-13,75,"['romance', 'drama', 'sport']",US,['US'],,tt7296862,3.2,5122,17.736,4.4
tm441060,ReMastered: Tricky Dick & The Man in Black,MOVIE,"This documentary chronicles Johnny Cash's 1970 visit to the White House, where Cash's emerging liberal ideals clashed with Richard Nixon's policies.",2018,,58,"['documentation', 'music']",US,['US'],,tt9244438,7.1,1463,3.029,6.8
tm434676,Joe Rogan: Strange Times,MOVIE,"Outspoken as ever, comedian Joe Rogan takes on politics, pro wrestling, pot laws, cats, vegans and much more in a stand-up special shot in Boston.",2018,,63,['comedy'],US,['US'],,tt9017614,7.3,4300,4.202,7.2
tm346939,Alaska Is a Drag,MOVIE,"Tough, but diva fabulous, Leo, an aspiring drag superstar, is stuck working in a fish cannery in Alaska. He and his twin sister are trapped in the monotony of fist fights and fish guts. Out of necessity, Leo learned to fight back, which catches the attention of the local boxing coach. When a new boy moves to town and wants to be his sparring partner, Leo has to face the real reason he's stuck in Alaska.",2017,,83,['drama'],US,['US'],,tt4341390,6.5,386,2.535,7
tm438995,A Christmas Prince: The Royal Wedding,MOVIE,"A year after Amber helped Richard secure the crown. The two are set to tie the knot in a royal Christmas wedding — but their plans are jeopardized when Amber finds herself second-guessing whether or not she's cut out to be queen, and Richard is faced with a political crisis that threatens to tarnish not only the holiday season but the future of the kingdom.",2018,PG,101,"['romance', 'drama']",US,['US'],,tt8709036,5.3,10658,8.776,6.4
ts83070,72 Dangerous Animals: Asia,SHOW,"From fangs to claws to venomous stings, they all wield deadly weapons. But which creature will be crowned the fiercest of all?",2018,TV-14,47,['documentation'],US,['US'],1,tt8728268,6.6,517,11.615,6.2
ts85618,Prince of Peoria,SHOW,A prankster prince who wants to experience life as an ordinary teen leaves his kingdom to live incognito with a single mom and her studious son.,2018,TV-Y7,26,"['comedy', 'family']",US,['US'],2,tt8001718,5.7,471,14.711,7
tm440996,Trevor Noah: Son of Patricia,MOVIE,"Trevor Noah gets out from behind the ""Daily Show"" desk and takes the stage for a stand-up special that touches on racism, immigration, camping and more.",2018,R,63,['comedy'],US,['US'],,tt9170648,7.3,3970,4.752,7.1
tm348073,Pup Star: Better 2Gether,MOVIE,"Pup Star is back for an all-new adventure! After winning the canine competition show Pup Star and becoming an international pup sensation, Tiny, the adorable Yorkie, has her world turned upside down when an evil rival switches her out in competition with a street pup named Scrappy. The two pups find themselves living the others' very different life and an incredible journey through iconic cities ensues in this fun and hilarious dog-out-of-water adventure! As they prepare for the Pup Star competition to reach its finale, each experiences life through a very different collar and discover the importance of family and being true to yourself. At the finale, both Yorkies claim to be Tiny leaving everyone, including the judges, wondering – who is the real Pup Star? A huge, fun musical adventure, ‘Pup Star: Better 2gether’ is filled with incredible singing pups, fantastic new paw-tapping songs, and an action packed heart-warming story that will have audiences of all ages howling for more!",2017,G,90,['family'],US,['US'],,tt6357074,4.4,234,3.719,6
tm355666,Saving Capitalism,MOVIE,Former Secretary of Labor Robert Reich meets with Americans from all walks of life as he chronicles a seismic shift in the nation's economy.,2017,,73,['documentation'],US,['US'],,tt6185286,6.8,3157,6.514,6.6
tm409494,Ali Wong: Hard Knock Wife,MOVIE,"Pregnant again, Ali Wong returns to Netflix in her second original stand-up comedy special and gets real on why having kids is not all it's cracked up to be.",2018,,64,['comedy'],US,['US'],,tt7410684,7.3,4874,6.463,7
tm348392,The Last Shaman,MOVIE,"James, giving himself 12 months before he has ""a license to kill himself,"" sets off to the Amazon rainforest with hopes of finding a shaman who can save his life.",2017,,83,"['documentation', 'drama', 'family', 'european']",US,"['GB', 'US', 'IL', 'IT', 'PE']",,tt6080156,6.6,1865,5.506,6.9
tm375007,Feminists: What Were They Thinking?,MOVIE,"In 1977, a book of photographs captured an awakening - women shedding the cultural restrictions of their childhoods and embracing their full humanity. This documentary revisits those photos, those women and those times and takes aim at our culture today that alarmingly shows the need for continued change.",2018,,86,['documentation'],US,['US'],,tt5419676,6.9,2196,11.455,7.9
ts81485,Ponysitters Club,SHOW,A young horse enthusiast teams up with her best friends to rescue and rehabilitate animals on her family's beloved ranch.,2018,TV-Y,23,['family'],US,['US'],2,tt7692572,6,116,2.161,8
tm357272,Barbra: The Music ... The Mem'ries ... The Magic!,MOVIE,"Iconic songstress Barbra Streisand culminates her 13-city tour in Miami with dazzling ballads, Broadway standards and stories from behind the scenes.",2017,,108,"['documentation', 'music']",US,['US'],,tt7588584,7.5,448,7.098,7.4
ts78099,72 Dangerous Animals: Latin America,SHOW,"Powerful cats, indestructible arachnids and flesh-melting pit vipers are just the beginning in this series about Latin America's deadliest creatures.",2017,,43,['documentation'],US,"['AU', 'US']",1,tt7909708,6.5,559,12.934,6.6
tm349752,Heroin(e),MOVIE,"This documentary follows three women -- a fire chief, a judge and a street missionary -- as they battle West Virginia's devastating opioid epidemic.",2017,,39,['documentation'],US,['US'],,,,,7.442,7.1
ts84484,Dancing Queen,SHOW,Snatching trophies. Getting gorgeous. Turning it up. Alyssa Edwards rules the dance studio by day -- and the drag world by night.,2018,,41,"['reality', 'music']",US,['US'],1,tt8882486,6.9,1590,6.673,6.5
tm311898,Small Crimes,MOVIE,"A disgraced former cop, fresh off a six-year prison sentence for attempted murder, returns home looking for redemption but winds up trapped in the mess he left behind.",2017,,95,"['crime', 'drama', 'thriller']",US,"['CA', 'US']",,tt6158968,5.8,7948,11.022,5.4
tm361770,Craig Ferguson: Tickle Fight,MOVIE,"Cheeky comic Craig Ferguson keeps it casual as he discusses '70s porn, Japanese toilets and his mildly crime-filled days as a talk show host.",2017,,66,['comedy'],US,['US'],,tt7193448,6.6,995,3.054,6.2
ts78707,The Joel McHale Show with Joel McHale,SHOW,"Trending news, pop culture, social media, original videos and more come together in host Joel McHale's weekly comedy commentary show.",2018,TV-MA,29,['comedy'],US,['US'],2,tt7895706,7.1,2378,5.655,6.4
tm279585,Deidra & Laney Rob a Train,MOVIE,"After their mother ends up in jail, two sisters turn to train robbery in order to support their family.",2017,,92,"['drama', 'comedy', 'crime']",US,['US'],,tt4144332,6,1887,8.911,5.6
tm411503,Candy Jar,MOVIE,Dueling high school debate champs who are at odds on just about everything forge ahead with ambitious plans to get into the colleges of their dreams.,2018,PG-13,92,['comedy'],US,['US'],,tt6744044,5.8,4950,12.039,6.2
tm327652,"Roxanne, Roxanne",MOVIE,"The most feared battle emcee in early-'80s NYC was a fierce teenager from the Queensbridge projects with the weight of the world on her shoulders. At age 14, hustling the streets to provide for her family, Roxanne Shanté was well on her way to becoming a hip-hop legend.",2017,,98,"['drama', 'music']",US,['US'],,tt5796838,6.2,3173,9.326,6.1
ts79086,Mariposa de barrio,SHOW,"This drama reveals the difficult rise to fame of the Mexican-American singer Jenni Rivera, from her past of abuse to success as a band leader.",2017,TV-MA,46,['drama'],US,['US'],1,tt6834120,7.6,238,1.4,8
tm437159,ReMastered: Who Shot the Sheriff,MOVIE,"In 1976, reggae icon Bob Marley survived an assassination attempt as rival political groups battled in Jamaica. But who exactly was responsible?",2018,,57,"['documentation', 'crime', 'history', 'music']",US,['US'],,tt9118620,6.9,1381,3.395,6.9
tm324278,What We Started,MOVIE,"Bert Marcus and Cyrus Saidi present an informed and absorbing exploration of the history of EDM, boosted by an energetic soundtrack and anchored by the personal stories of legendary DJ Carl Cox and superstar newcomer Martin Garrix. Insights from numerous other DJs and musical talents like Moby, David Guetta, Paul Oakenfold and Usher help tell the often oppositional tales of old school vs. new school and mainstream vs. underground.",2018,,70,"['documentation', 'music']",US,['US'],,tt6191876,7.1,2126,4.392,7.2
tm348845,Marc Maron: Too Real,MOVIE,"Battle-scarred stand-up comedian Marc Maron unleashes a storm of ideas about meditation, mortality, documentary films and our weird modern world.",2017,,70,['comedy'],US,['US'],,tt7335938,7.2,1916,4.172,6.8
tm353627,Christina P: Mother Inferior,MOVIE,"Christina Pazsitzky hits Seattle with a biting dose of reality, telling truths about her childhood, getting older and the horrors of giving birth.",2017,,59,['comedy'],US,['US'],,tt7057376,6.4,941,4.556,6.1
ts84200,Best.Worst.Weekend.Ever.,SHOW,"Teenage friends plan an epic trip to Comic-Con to meet their idol, only to get caught in one hilariously awkward predicament after another.",2018,TV-PG,25,"['comedy', 'family']",US,['US'],1,tt7768010,6.4,297,5.331,8
tm300447,Bill Burr: Walk Your Way Out,MOVIE,"No-nonsense comic Bill Burr takes the stage in Nashville and riffs on fast food, overpopulation, dictators and gorilla sign language.",2017,,77,"['comedy', 'documentation']",US,['US'],,tt6184894,7.2,7123,5.351,6.7
tm306631,Trevor Noah: Afraid of the Dark,MOVIE,Trevor Noah stars in his first Netflix special.,2017,PG-13,68,['comedy'],US,['US'],,tt6562866,7.2,5121,5.055,7.1
tm414595,Period. End of Sentence.,MOVIE,"In an effort to improve feminine hygiene, a machine that creates low-cost biodegradable sanitary pads is installed in a rural village in Northern India. Using the machine, a group of local women is employed to produce and sell pads, offering them newfound independence and helping to destigmatize menstruation for all.",2018,,26,['documentation'],US,['US'],,,,,6.085,8
ts82843,The Curious Creations of Christine McConnell,SHOW,"Wickedly talented baker and artist Christine McConnell fills her home with haunting confections, creepy crafts -- and wildly inappropriate creatures.",2018,TV-PG,27,"['reality', 'comedy', 'horror']",US,['US'],1,tt8773080,7.7,2391,2.45,7.3
tm447328,ReMastered: Who Killed Jam Master Jay?,MOVIE,Run-D.M.C. DJ Jam Master Jay made a huge impact in music and his community. But friends and family still seek closure years after his unsolved murder.,2018,,58,"['music', 'documentation']",US,['US'],,tt9399094,6.5,768,2.67,6.5
tm233345,Love Beats Rhymes,MOVIE,"A young woman dreams of making it big in the world of hip hop, but her parents demand that she finish her university degree. She dutifully agrees to complete her education, but her spoken word proves to have a powerful impact in the classroom.",2017,R,105,['drama'],US,['US'],,tt4721022,5.4,1057,9.665,5.7
tm283322,Burning Sands,MOVIE,"Deep into Hell Week, a favored pledgee is torn between honoring his code of silence or standing up against the intensifying violence of underground hazing.",2017,,105,"['drama', 'thriller', 'action']",US,['US'],,tt6148014,6,2828,11.741,5.8
tm358813,Judd Apatow: The Return,MOVIE,"Renowned producer, director and writer Judd Apatow makes his long-awaited return to stand-up comedy with this new special shot in Montreal.",2017,,69,['comedy'],US,['US'],,tt7741238,6.2,1321,5.146,6.2
tm423761,Iliza Shlesinger: Elder Millennial,MOVIE,"Filmed February 23, 2018, aboard the USS Hornet, comedian Iliza Shlesinger brings an ‘elder millennial’ perspective to her audience. Recently engaged, she dives into undeniable truths about life at age 35. Looking back at the insanity of the road traveled and what’s to come, Iliza talks first apartments, a woman's inner she dragon, peacock mating calls, and her newfound urge to squeeze a chubby baby leg.",2018,,72,['comedy'],US,['US'],,tt8697266,7.2,4033,5.896,7.2
tm428597,Being Napoleon,MOVIE,"As over 6,000 immaculately dressed military re-enactors, men and women, gather for the 200th anniversary of the epic Battle of Waterloo, some of them representing real individuals from the time, whether ‘humble foot-soldiers’, ‘officers’ or the great ‘Marshal Ney.’ who is unfortunately less adapt at horsemanship than the original, the real battle is taking place elsewhere: American Mark Schneider, considered the best Napoleon in the business, vs. Frenchman Frank Samson, uniform-maker extraordinaire, as to who will be Emperor on the day. There was only one Napoleon, there can be only one Napoleon, but the Belgians are in charge, unrest is growing in the ranks, there is an outstanding prison sentence to be served, an unpaid bill for parking to which the ‘Empress Josephine’ also has something to say, and as to who meets their Waterloo first, you’ll just have to watch.",2018,,88,['documentation'],US,['US'],,tt8841814,5.5,124,2.389,6
tm370440,Paradox,MOVIE,A loud poem. A whimsical western tale of music and love.,2018,,73,"['western', 'fantasy', 'music']",US,['US'],,tt7949046,3.9,711,4.603,3.3
tm324806,Counterpunch,MOVIE,"As boxing's popularity wanes, three fighters at different stages of their career make sacrifices to pursue their dreams of becoming champions.",2017,,91,['documentation'],US,['US'],,tt7022034,6.7,903,15.712,6.7
tm373873,Weed the People,MOVIE,"The uplifting and heart-wrenching struggles of families who treat their cancer-stricken children with marijuana, some with astonishing results.",2018,,98,['documentation'],US,['US'],,tt7968976,7.3,332,3.849,8
tm324588,Rory Scovel Tries Stand-Up for the First Time,MOVIE,"Comedian Rory Scovel storms the stage in Atlanta, where he shares unfocused thoughts about things that mystify him, relationships and the ""Thong Song.""",2017,,66,"['comedy', 'documentation']",US,['US'],,tt7044010,6.7,821,1.917,7.4
tm367264,Milada,MOVIE,"The story of communist show-trial victim Milada Horáková. Horáková was one of the first victims of the communist regime in Czechoslovakia. She opposed the communist coup in 1948 but did not leave the country. She was arrested and tried for treason on fabricated charges in a show trial that was broadcast on the radio and shown in film clips. The film focuses on the time from 1945 to 1950 when the communists took over, but also goes back a little further in Horáková's life into the late 1930s",2017,,130,"['drama', 'history', 'european']",US,"['CZ', 'US']",,tt4554212,6.3,1302,8.714,6.9
tm351720,The Most Assassinated Woman in the World,MOVIE,"Set against the backdrop of the infamous Theatre Grand Guignol the story revolves around iconic actress Paula Maxa - the most famous of the Grand Guignol's leading ladies and the titular Most Assassinated Woman, who was graphically slain on stage multiple times a day.",2018,,102,"['thriller', 'drama', 'european']",US,"['BE', 'GB', 'US']",,tt6186696,5.3,1076,6.741,5.3
tm324042,Jackie: A Tale of Two Sisters,MOVIE,"Rachael Stirling narrates this multifaceted portrait of former First Lady Jacqueline Kennedy Onassis and her younger sister, Lee Radziwill.",2017,,44,['documentation'],US,"['GB', 'US']",,,,,1.896,4.3
tm279017,"Michael Bolton's Big, Sexy Valentine's Day Special",MOVIE,"After Santa tells Michael Bolton that he needs 75,000 new babies by Christmas to meet toy supply, Michael Bolton hosts a sexy telethon to get the world to start making love.",2017,,54,"['comedy', 'music', 'romance']",US,['US'],,tt6343706,6.7,2102,6.613,6.6
tm558730,A Champion Heart,MOVIE,"A troubled girl finds faith, hope, and healing through a relationship with a wounded horse.",2018,G,90,['family'],US,['US'],,tt4738912,5.9,395,5.224,8.2
ts84644,Westside,SHOW,Nine struggling musicians share the spotlight in this deeply personal reality series about the challenges and thrills of staging a Hollywood showcase.,2018,TV-MA,47,['reality'],US,['US'],1,tt8693758,6,168,0.957,4
ts76771,Stretch Armstrong & the Flex Fighters,SHOW,"When overscheduled teenager Jake Armstrong and his two best friends are accidentally exposed to an experimental chemical, they become Stretch Armstrong and the Flex Fighters, a team of unlikely superheroes who expand beyond the confines of their lives and embark on a series of adventures.",2017,TV-G,23,"['action', 'comedy', 'scifi', 'animation']",US,['US'],2,tt1379164,6.2,307,5.244,7.6
ts84179,Made in Mexico,SHOW,"These Mexico City socialites may lead opulent lives, but a peek behind the curtain reveals a tangled web of intrigue, envy and personal struggles.",2018,,50,['reality'],US,['US'],1,tt8871764,3.9,760,4.893,7.5
ts79585,Dinotrux: Supercharged,SHOW,"Amped up with powers that make them faster, stronger and more agile than ever, the Dinotrux are back to face new challenges and meet new friends.",2017,TV-Y7,23,"['family', 'animation', 'action', 'comedy']",US,['US'],3,tt7620702,7.5,94,9.489,9.4
tm413082,Recovery Boys,MOVIE,"In the heart of America's opioid epidemic, four men try to reinvent their lives and mend their broken relationships after years of drug abuse.",2018,,90,['documentation'],US,['US'],,tt8167872,6.7,714,6.523,6.6
tm327219,Buddy Thunderstruck: The Maybe Pile,MOVIE,"Champion truck-racing dog Buddy and his best friend, ferret mechanic Darnell, paw through the ""maybe pile"" and test out a bunch of crazy stunts.",2017,,13,['comedy'],US,['US'],,,,,2.676,7.5
tm316658,Frat Star,MOVIE,"""Frat Star"" explores the alluring, superficial, manipulative, and dark world of Ivy League fraternity culture. An insecure, poor, and broken-hearted Nick enters freshman year with no interest in fraternities. This all changes when his old money roommate Billy convinces him to pledge.",2017,,85,"['drama', 'comedy']",US,['US'],,tt5117484,3.6,659,4.985,4.9
ts86067,Death by Magic,SHOW,"Magician Drummond Money-Coutts travels the globe, sharing his infectious love of his craft and attempting feats that proved fatal to other magicians.",2018,TV-14,33,['reality'],US,['US'],1,tt8887956,6.1,629,2.757,6.9
tm438994,The Holiday Calendar,MOVIE,A talented photographer stuck in a dead-end job inherits an antique Advent calendar that may be predicting the future -- and pointing her toward love.,2018,,95,"['romance', 'comedy', 'drama', 'fantasy']",US,['US'],,tt8262802,5.7,9985,9.382,6.7
tm428453,Cities of Last Things,MOVIE,"This is a story about a common man who has extraordinary events in his mundane life. The film depicts the protagonist's turns of events in three eras, three seasons, three nights, in the same city, as told with reverse chronology.",2018,,106,"['crime', 'drama', 'scifi']",US,"['TW', 'US', 'CN', 'FR']",,tt4397342,6.2,1615,5.868,6.4
tm363003,Seeing Allred,MOVIE,"Gloria Allred overcame trauma and personal setbacks to become one of the nation’s most famous women’s rights attorneys. Now the feminist firebrand takes on two of the biggest adversaries of her career, Bill Cosby and Donald Trump, as sexual violence allegations grip the nation and keep her in the spotlight.",2018,,96,['documentation'],US,['US'],,tt7689924,7.2,1338,6.668,6.9
ts75491,Fire Chasers,SHOW,"As California's 2016 fire season rages, brave backcountry firefighters race to put out the flames, protect homes and save lives in this docuseries.",2017,,58,['documentation'],US,['US'],1,tt7293754,6.6,368,3.458,6.3
tm275437,Coin Heist,MOVIE,"When a crisis threatens to destroy their high school, four teens hatch a daring plan to raise $10 million. Step one? Breaking into the U.S. Mint.",2017,PG,97,"['crime', 'thriller', 'drama', 'romance']",US,['US'],,tt5740806,4.8,2638,12.576,5.4
ts75357,LEGO Elves: Secrets of Elvendale,SHOW,"Armed with a powerful amulet, a teenage guardian is tasked with protecting her little sister -- and all of Elvendale. Based on the popular web series.",2017,TV-Y7,24,"['scifi', 'animation', 'fantasy']",US,['US'],1,tt7322926,6.9,163,1.4,7.7
tm320785,The Mars Generation,MOVIE,Aspiring teenage astronauts reveal that a journey to Mars is closer than you think.,2017,,97,['documentation'],US,['US'],,tt6333096,6.5,989,5.021,6.6
tm374226,Gad Elmaleh: American Dream,MOVIE,"In his first English-language special, comedian Gad Elmaleh gleefully digs into America's food obsessions, dating culture, slang, and more.",2018,,57,['comedy'],US,['US'],,tt8110630,7.2,1028,5.417,6.8
tm337040,Maz Jobrani: Immigrant,MOVIE,"Iranian American comic Maz Jobrani lights up the Kennedy Center with riffs on immigrant life in the Trump era, modern parenting pitfalls and more.",2017,,67,"['comedy', 'documentation']",US,['US'],,tt7164714,6.7,840,3.08,6.2
tm446574,Love Jacked,MOVIE,"Maya, a headstrong 28-year-old with artistic ambitions – a strong contrast to what her father Ed wants: a dutiful daughter to run the family store. Ed is shocked when Maya takes her assertions of independence a step further and decides to travel to Africa for inspiration and returns with a fiancé who is not quite what he seems.",2018,PG-13,100,"['comedy', 'romance']",US,"['CA', 'ZA', 'US']",,tt4329242,5.9,2142,8.818,6.1
tm323907,Michael Lost and Found,MOVIE,"When a feature film is made about them seven years after their break-up, Benjie Nycum visits his ex-boyfriend Michael Glatze and finally tries to get answers about his bewildering shift from gay activist to ex-gay evangelical.",2017,,19,['documentation'],US,"['CA', 'US']",,,,,1.991,5.8
tm348386,Resurface,MOVIE,A suicidal war veteran finds like-minded souls in a surf therapy program that helps traumatized soldiers heal while riding the waves.,2017,,27,"['documentation', 'sport', 'war']",US,['US'],,tt6081408,7.1,286,1.642,7.1
ts81827,True: Magical Friends,SHOW,The power of friendship can solve any problem -- and the Rainbow Kingdom's got plenty to go around. Cue Bartleby and True for the rescue!,2018,TV-Y,24,['animation'],US,['US'],1,,,,1.87,10
tm285329,Take the 10,MOVIE,"A day in the life of two best friends, a drug dealer, and a store manager collide at a hip-hop concert in the Inland Empire.",2017,,80,['comedy'],US,['US'],,tt5792472,4.7,3130,9.312,5.2
tm370430,Liberated: The New Sexual Revolution,MOVIE,A documentary about today's young adult hookup culture and the stories in pop-culture that influence it.,2017,,84,['documentation'],US,"['MX', 'US']",,tt6768350,6,1502,5.251,6.6
tm411257,Kevin James: Never Don't Give Up,MOVIE,"Kevin James makes his long-awaited return to stand-up in this family-friendly special, dishing on fatherhood, fans, his disdain for allergies and more.",2018,PG,62,['comedy'],US,['US'],,tt8324578,6.1,1448,4.617,6.3
ts81886,All About the Washingtons,SHOW,"The wife of a legendary rapper launches her own career, which puts his life into a tailspin.",2018,TV-G,23,"['comedy', 'music']",US,['US'],1,tt7661368,4.8,708,1.987,4.6
tm430057,Weapon of Choice,MOVIE,"""They never fail."" The Glock pistol has been fetishised in films and the arts, and is a regular topseller in the international arms market. For the first time, the filmmaking duo Fritz Ofner and Eva Hausberger tell the story of the rise of the Glock: An Austrian design that became the most sought-after service and murder weapon worldwide. Tracing the web of power, money, violence and politics, the film masterfully portrays the dark sides of globalisation and not least an Austrian tale of willful ignorance.",2018,,90,"['documentation', 'european']",US,"['AT', 'IQ', 'US']",,tt7683350,4.8,162,2.08,5.3
tm430496,D.L. Hughley: Contrarian,MOVIE,"Comedian D.L. Hughley riffs on politics, ""Black Panther,"" his upbringing and more in a rapid-fire stand-up show at Philadelphia's Merriam Theater.",2018,,58,['comedy'],US,['US'],,tt8426270,6.6,606,2.164,5.2
tm374656,Zion,MOVIE,"A portrait of Zion Clark, a young wrestler who was born without legs and grew up in foster care.",2018,,10,"['documentation', 'drama']",US,['US'],,tt4315044,,,6.258,6.5
tm326270,Tiffany Haddish: She Ready! From the Hood to Hollywood!,MOVIE,"In her first stand-up special filmed at the Nate Holden Performing Arts Center, Los Angeles native and rising star Tiffany Haddish tackles subjects ranging from her early days in foster care and being bullied on the playground to getting revenge on ex-boyfriends and introducing Will and Jada Pinkett Smith to Groupon.",2017,,65,"['comedy', 'documentation']",US,['US'],,tt9238720,6.6,526,3.661,7.4
tm429567,Party Monster: Scratching the Surface,MOVIE,"In the probing documentary ""Party Monster,"" DJ Fingablast investigates what became of his childhood hero, DJ Slizzard.",2018,PG-13,33,['comedy'],US,['US'],,,,,1.35,6.9
tm285712,Jen Kirkman: Just Keep Livin'?,MOVIE,"Incisive comic Jen Kirkman gets real about women's bodies, the value of alone time and an Italian private tour guide who may have been a ghost.",2017,,69,['comedy'],US,['US'],,tt6386352,6.7,1281,3.985,6.6
tm299790,Cristela Alonzo: Lower Classy,MOVIE,"The irrepressible Alonzo skewers Latino stereotypes, pricey luxuries and her mother's tough-love parenting in a night of sly and infectious comedy.",2017,,66,['comedy'],US,['US'],,tt6555236,6.4,845,4.083,6.2
tm316744,Lucas Brothers: On Drugs,MOVIE,"Deadpan twin comics Keith and Kenny Lucas take the stage in Brooklyn with a set that touches on drugs, race, Deion Sanders, teachers and O.J. Simpson.",2017,,49,['comedy'],US,['US'],,tt6218048,5.5,830,2.609,5.1
tm443283,Loudon Wainwright III: Surviving Twin,MOVIE,Grammy-winning singer Loudon Wainwright III reflects upon his unique relationship with his father in an evening of original songs and heartfelt stories.,2018,,91,"['music', 'documentation']",US,['US'],,tt9203030,7.1,94,1.272,8
tm351688,Def Comedy Jam 25,MOVIE,"In this special live event, giants of stand-up come together to commemorate the 25th anniversary of Russell Simmons's groundbreaking ""Def Comedy Jam.""",2017,,81,"['comedy', 'documentation']",US,['US'],,tt7427130,6.6,1096,3.101,6.1
tm421335,Jim Jefferies: This Is Me Now,MOVIE,"The gleefully irreverent Jefferies skewers “grabby” celebrities, political hypocrisy and his own ill-advised career moves in a brash stand-up special.",2018,,70,['comedy'],US,['US'],,tt8617844,7.3,3984,5.57,6.8
tm461349,Stars in the Sky: A Hunting Story,MOVIE,"This documentary focuses on the lives of American hunters, presented as an honest exploration of the controversies, emotions, and traditions inherent to this most primal human activity.",2018,,69,['documentation'],US,['US'],,tt10078502,7.3,333,2.044,5.5
tm435144,Notes from Dunblane: Lessons from a School Shooting,MOVIE,"In the wake of the 2012 Sandy Hook Elementary School massacre that took the lives of 20 first graders and their teachers, local clergymen Father Bob Weiss receives a letter from a fellow priest in Dunblane, Scotland, whose community suffered an eerily similar fate in 1996. From across the Atlantic, the two priests forge a poignant bond through the shared experience of trauma and healing.",2018,,23,['documentation'],US,['US'],,,,,3.85,6.1
tm443073,"Out of Many, One",MOVIE,"The U.S. has long offered a promise of opportunity to immigrants, but currently immigration has become a divisive issue. This documentary illustrates how an understanding of our history and democracy is essential to constructive debate, informed civic participation and shaping a new class of citizens.",2018,,35,['documentation'],US,['US'],,,,,1.32,5.8
ts83710,First and Last,SHOW,Take an intimate look at the emotionally charged first and last days of new and soon-to-be released inmates at Georgia's Gwinnett County Jail.,2018,TV-MA,44,['documentation'],US,['US'],1,tt8893502,6.7,421,8.639,7.7
tm356666,Judah Friedlander: America Is the Greatest Country in the United States,MOVIE,"Deadpan comic and self-proclaimed world champion Judah Friedlander performs over several nights in New York, explaining why America is No. 1.",2017,R,84,"['comedy', 'documentation']",US,['US'],,tt7582890,7.8,1436,4.414,7.4
ts78757,Dave Chappelle: Equanimity & The Bird Revelation,SHOW,"Comedy titan Dave Chappelle caps a wild year with two stand-up specials packed with scorching new material, self-reflection and tough love.",2017,TV-MA,57,['comedy'],US,['US'],1,,,,0.6,8.5
tm362047,Todd Barry: Spicy Honey,MOVIE,"With bone-dry wit, stand-up comic Todd Barry dissects texting emergencies, Hitler's taste in wine, pricey soap, cheap pizza and much more.",2017,,60,['comedy'],US,['US'],,tt6856186,6.8,840,3.711,7.3
tm323300,Joshua: Teenager vs. Superpower,MOVIE,"When the Chinese Communist Party backtracks on its promise of autonomy to Hong Kong, teenager Joshua Wong decides to save his city. Rallying thousands of kids to skip school and occupy the streets, Joshua becomes an unlikely leader in Hong Kong and one of China’s most notorious dissidents.",2017,,78,['documentation'],US,['US'],,tt6333072,7.2,1531,6.826,7.3
tm408257,Todo lo que sería Lucas Lauriente,MOVIE,"In his stand-up set, Argentine comic Lucas Lauriente animatedly rattles off reflections on different generations and begs kids to stop saying ""goals.""",2018,,78,['comedy'],US,"['AR', 'US']",,tt7607452,6.9,108,1.366,7.5
ts53166,Julie's Greenroom,SHOW,Ms. Julie teaches performing arts workshops with the help of her assistant Gus at their Wellspring Center for the Performing Arts.,2017,,26,"['comedy', 'family']",US,['US'],1,tt5779222,8.2,328,3.104,8.5
tm411856,Hari Kondabolu: Warn Your Relatives,MOVIE,"Hari Kondabolu breaks down identity politics, celebrity encounters, his mango obsession and more in an unpredictable stand-up comedy special.",2018,,67,['comedy'],US,['US'],,tt8342748,6.5,837,2.215,5.9
ts57281,All Hail King Julien: Exiled,SHOW,"Julien's been dethroned, but loyal friends and some very unlikely allies will propel the lovable lemur on a colorful journey to take back his kingdom.",2017,TV-Y7,23,"['animation', 'comedy', 'family', 'fantasy']",US,['US'],1,tt6865906,7.5,559,6.454,8.5
tm311902,Jim Norton: Mouthful of Shame,MOVIE,"Fedoras, mom's underpants, and puppy love all make Jim Norton's s**t list in 'Mouthful of Shame'.",2017,,61,['comedy'],US,['US'],,tt6664120,7,1324,4.476,6.9
tm361312,A StoryBots Christmas,MOVIE,"When Bo mistakenly thinks that her friends don't like her gifts, she heads to the North Pole to ask Santa for help making better presents. She learns along the way that Christmas is about far more than just the toys.",2017,,25,"['fantasy', 'comedy', 'family']",US,['US'],,tt7018722,5.7,156,5.004,6.2
ts87591,Justice: Qalb Al Adala,SHOW,"The show follows an ambitious young Arab female lawyer who got her law degree in the US and instead of joining her father's law firm back at home (UAE) she decides to go out on her own as a defense attorney, pushing the legal and cultural envelope in the process.",2017,TV-14,37,"['drama', 'crime']",US,['US'],1,tt5338544,5.6,155,1.307,7
tm375091,Marlon Wayans: Woke-ish,MOVIE,"An American stand-up comedy special starring Marlon Wayans who jokes about racism, hip-hop, gay rights, and raising kids.",2018,,68,"['comedy', 'documentation']",US,['US'],,tt7655590,6.5,1390,5.269,6.4
ts55576,Buddy Thunderstruck,SHOW,"Follow the outrageous, high-octane adventures of Buddy Thunderstruck, a truck-racing dog who brings guts and good times to the town of Greasepit.",2017,TV-Y7,22,"['comedy', 'sport', 'animation', 'action', 'family']",US,['US'],2,tt6591468,7.8,489,3.463,8.4
tm414340,Spivak,MOVIE,"A self-loathing, failed Eastside novelist living in the ‘hipster’ neighborhood of Echo Park in Los Angeles is shocked to find himself falling in love with everything he hates, including a simple All-American blonde girl from the Westside.",2018,,91,['comedy'],US,['US'],,tt6342110,5.6,732,3.649,5.6
tm197806,For Here or to Go?,MOVIE,An aspiring Indian tech entrepreneur in the Silicon Valley finds himself unexpectedly battling the bizarre American immigration system to keep his dream alive or prepare to return home forever.,2017,,105,"['drama', 'comedy']",US,['US'],,tt4157510,6.8,605,2.197,7
tm431169,Late Life: The Chien-Ming Wang Story,MOVIE,"The first and only Taiwanese player for the New York Yankees, Chien-Ming Wang held many titles: American League Wins Leader, World Series Champion, Olympian, Time 100 Most Influential, and The Pride of Taiwan. He had it all - until a 2008 injury forever altered the course of his career. Late Life: The Chien-Ming Wang Story - named after the late sinking action on his signature pitch - follows the rise and fall of the international icon as he fights his way back into the Major Leagues through endless rehab programs and lengthy stints away from home, carrying the weight of the world on his battered shoulder. A poignant and intimate account of Wang’s steadfast quest, Late Life tells the story of a man who is unwilling to give up and unable to let go.",2018,,97,"['documentation', 'sport']",US,"['TW', 'US']",,tt8234502,7.2,465,2.399,6.3
ts84038,Battlefish,SHOW,"Over the course of a fishing season, tough men and women pursue lucrative albacore tuna in the competitive waters off the Oregon coast.",2018,,45,['reality'],US,['US'],1,tt8893566,7,426,2.537,8.8
ts74805,A Little Help with Carol Burnett,SHOW,"In this unscripted series starring comedy legend Carol Burnett, kids dish out advice to celebrities and everyday people in front of a live audience.",2018,TV-G,34,[],US,['US'],1,tt7204366,6.3,233,3.593,6.2
tm319127,Vir Das: Abroad Understanding,MOVIE,"Comedian Vir Das tackles nationalism, globalism, good food and bad politics in two cleverly crosscut performances in New York and New Delhi.",2017,,65,['comedy'],US,"['US', 'IN']",,tt6822400,6.9,1697,3.13,6.9
tm327636,Joe Mande's Award-Winning Comedy Special,MOVIE,"Stand-up comic Joe Mande aims for critical adulation with this special that covers dating shows, ""Shark Tank,"" Jewish summer camp and much more.",2017,,66,"['comedy', 'documentation']",US,['US'],,tt7183876,6.1,498,2.915,6.3
ts119220,The Hollywood Masters,SHOW,Personal. Provocative. Hollywood's greatest successes reveal the secrets behind their careers.,2017,TV-MA,34,['documentation'],US,['US'],3,tt7178034,7.2,86,0.6,
ts85250,Kulipari: Dream Walker,SHOW,"Now the Blue Sky King, Darel must lead a rescue mission to save a Dream Walker -- leaving the village under the protection of the Kulipari youth.",2018,TV-Y7,19,"['fantasy', 'animation', 'action']",US,['US'],1,tt9203064,7.7,91,5.562,9
tm447263,Super Monsters and the Wish Star,MOVIE,"Christmas wishes come true for Lobo, whose favorite cousin arrives for a surprise visit, and for Glorb, who wishes he could be everywhere at once!",2018,,27,['fantasy'],US,['US'],,,,,2.821,6
tm346398,Ryan Hamilton: Happy Face,MOVIE,"Small-town import Ryan Hamilton charms New York with folksy comic observations on big-city life, hot-air ballooning and going to Disney World alone.",2017,,56,"['comedy', 'documentation']",US,['US'],,tt6892378,7.3,921,2.828,7
tm286520,Jim Gaffigan: Cinco,MOVIE,America's king of clean comedy delivers wickedly funny jokes in his fifth hour-long special.,2017,,73,['comedy'],US,['US'],,tt6090102,7.1,2381,4.898,7
tm447261,Free Rein: The Twelve Neighs of Christmas,MOVIE,"As Bright Fields preps for its Mistletoe Ball, a broken ornament leads Zoe to a family secret, while Gaby finds herself at the mercy of new boss Mia.",2018,,58,"['comedy', 'drama', 'family']",US,['US'],,tt9315418,6.7,5633,8.311,6.9
tm346390,Brad Paisley's Comedy Rodeo,MOVIE,"Country music star Brad Paisley hosts a night of music and laughs with comics Nate Bargatze, John Heffron, Jon Reep, Sarah Tiana and Mike E. Winfield.",2017,,63,['comedy'],US,['US'],,tt6794448,5.7,151,2.044,6.5
tm444576,Puppy Star Christmas,MOVIE,"The Pup Star family just got bigger! And the new pups: Cindy, Rosie, Charlie, and Brody will have to learn the true meaning of Christmas. When Pup Star’s mean team, scheme to ruin Christmas, the pups end up in the North Pole to save Santa and the holiday spirit. Their adventure is filled with great pup-tastic songs to spread holiday cheer all year round.",2018,PG,90,"['family', 'comedy']",US,['US'],,tt8861786,3.6,248,6.999,5.7
tm434776,Mo Amer: The Vagabond,MOVIE,"Arab-American comedian Mo Amer recounts his life as a refugee comic, from traveling with the name Mohammed to his long path to citizenship.",2018,,56,"['comedy', 'documentation']",US,['US'],,tt9060526,7.3,799,2.008,5.7
ts82160,Harvey Street Kids,SHOW,"Kids rule in a place called Harvey Street, where a trio of girls right wrongs, ice cream is always an option, and every day feels like Saturday.",2018,TV-Y7,24,"['action', 'family', 'animation', 'comedy']",US,['US'],4,tt7758552,6.8,249,4.753,8.5
tm319477,Rodney King,MOVIE,"25 years ago, four LAPD officers were acquitted in a state court for beating King, sparking three days of rioting that left 53 people dead. Now, around the anniversary, this Spike Lee-produced one-man show (Roger Guenver Smith) will be streaming on Netflix. A complex, semi-tragic figure, King drowned in 2012. His life was rarely smooth, or simple – its telling makes for a sober, moving watch.",2017,,52,"['crime', 'comedy', 'drama', 'history', 'documentation']",US,['US'],,tt6624312,5.8,601,2.444,5.2
tm413266,Pup Star: World Tour,MOVIE,"PUP STAR is back, with an all-new movie that takes the popular singing dogs on trip around the world, where Tiny and friends find fantastic new songs and meet exciting new canine singers that prove music really is the universal language.",2018,G,87,"['comedy', 'family']",US,"['CA', 'JP', 'US']",,tt7322864,3.8,207,5.884,5.7
tm325610,Chris D'Elia: Man on Fire,MOVIE,"Unbridled comic Chris D'Elia reconsiders his approach to major life events like marriage, not having kids and buying pants for your friends.",2017,,65,"['comedy', 'documentation']",US,['US'],,tt7068896,6.5,1720,2.801,6.2
tm358239,DeRay Davis: How to Act Black,MOVIE,"Dynamic comic DeRay Davis hits the stage like a ball of fire, nailing the finer points of living, dating and handling show business as a black man.",2017,PG,66,['comedy'],US,['US'],,tt7288084,6.1,427,3.191,6.1
tm376709,Jani Dueñas: Grandes fracasos de ayer y hoy,MOVIE,"Radio broadcaster, actress and comedian Jani Dueñas brings her acid sense of humor to this stand-up special as she pours out her feelings on issues that are all too universal, from aging to dieting to sex.",2018,,77,['comedy'],US,"['CL', 'MX', 'US']",,tt7607260,4.8,71,1.815,6
tm404610,Stretch Armstrong: The Breakout,MOVIE,"Villains are rampaging through Charter City and the Flex Fighters -- Jake, Ricardo and Nathan -- need your help to halt the chaos.",2018,,45,['animation'],US,['US'],,,,,1.982,6
ts97584,Highland: Thailand's Marijuana Awakening,SHOW,"Thailand's complicated history with marijuana continues to play a role in its policies and laws, as well as the health and security of its citizens.",2017,TV-MA,20,['documentation'],US,['US'],1,tt7201224,6.2,24,0.68,8
tm478654,Salam - The First ****** Nobel Laureate,MOVIE,"""Salam"" is a feature length documentary about the Nobel prize winning Pakistani physicist, Abdus Salam. The film reveals the extraordinary life of the charismatic Abdus Salam, in all its color, vitality and tragedy. It is the story of a man who traversed two worlds with ease: one of science and religion, modernity and tradition, war and peace and obscurity and celebrity. When he won the Nobel prize in 1979, he became the very first Pakistani to achieve this distinction, and only the fourth from the subcontinent. Born in 1926 in a remote village in Punjab, British India, Salam was a child prodigy. He came from humble beginnings, growing up in a small brick house with a large family of eleven. While Salam's legacy looms large in the world of physics, he is largely forgotten in Pakistan because of his faith. Children do not read about him and he is still vilified and maligned by right wing clerics for being a ""Qadiani""-a derogatory term for someone belonging to the Ahmadiyya community. By telling this complex story of a man who due to extremism could not strengthen his people as he so deeply desired, the film draws attention to the state of affairs in the world today, where knowledge is sacrificed at the altar of ignorance and intolerance, depriving the coming generation of all that is precious.",2018,,75,['documentation'],US,['US'],,tt7904606,7.8,414,2.916,7.3
tm369079,Todd Glass: Act Happy,MOVIE,Try to keep up as comedian Todd Glass delivers rapid-fire stand-up that bounces from his heart attack to his coming out to how to eat a Kit Kat.,2018,,62,['comedy'],US,['US'],,tt7752142,5.1,366,2.867,5.7
tm411528,Enissa Amani: Ehrenwort,MOVIE,"Live from Hamburg, Iranian-German comedian Enissa Amani shares her take on German engineering, tax deductions and online fan-mail etiquette.",2018,PG,65,"['comedy', 'european']",US,['US'],,tt8328418,5.5,194,2.274,5.6
ts80751,The Break with Michelle Wolf,SHOW,Nobody's safe as Michelle Wolf unapologetically takes aim in this weekly topical show that blends sketches with live comedy and in-studio guests.,2018,TV-MA,30,['comedy'],US,['US'],1,tt8010342,5.1,1862,1.846,4.8
tm346867,Lynne Koplitz: Hormonal Beast,MOVIE,"Unabashed comedian Lynne Koplitz offers a woman's take on being crazy, the benefits of childlessness and the three things all men really want.",2017,,51,['comedy'],US,['US'],,tt6892388,6.2,417,1.387,5.6
ts81828,True: Wonderful Wishes,SHOW,Do-gooding True and Bartleby will go anywhere to make wishes come true -- from the bottom of the Living Sea to the tip of Mount Tippy Tippy Top!,2018,TV-Y,23,['animation'],US,['US'],1,,,,1.168,
ts236619,Loo Loo Kids Johny & Friends Musical Adventure,SHOW,"Music-loving baby Johny goes on dance-filled adventures with his family, friends and adorable critters in this colorful, animated preschooler series. Watch all you want.",2018,TV-Y,3,[],US,['US'],1,,,,1.168,10
tm368006,Harith Iskander: I Told You So,MOVIE,"Malaysian stand-up comedy icon Harith Iskander takes the stage in Kuala Lumpur to talk about Singapore, a past girlfriend, and Rick Astley.",2018,,61,['comedy'],US,['US'],,tt7902184,4.6,172,2.547,5.5
ts80671,We Speak Dance,SHOW,Trained dancer Vandana Hart travels the world to learn traditional and urban dance styles from the local experts who know them best.,2018,TV-MA,22,['documentation'],US,['US'],1,tt7737500,7.5,148,1.663,8.3
tm325650,King of Peking,MOVIE,"When home entertainment enters the market in 90s Beijing, a former projectionist ropes his young son into starting their own pirate movie company, but easy money comes with its own price tag.",2017,,88,"['comedy', 'drama']",US,"['US', 'CN', 'AU']",,tt6406976,6.4,364,2.237,6.2
tm364525,Beat Bugs: All Together Now,MOVIE,"After winning a local talent show, the Beat Bugs journey to compete on ""The Bug Factor,"" a televised singing contest held in faraway Rocket Ship Park.",2017,,50,['animation'],US,['US'],,,,,3.844,5.6
tm447514,Vir Das: Losing It,MOVIE,"The world's got a lot of problems, but Vir Das has a lot of answers as he discusses travel, religion, his childhood and more in this stand-up special.",2018,PG-13,67,['comedy'],US,['US'],,tt9315848,7,1238,3.413,7.7
tm421161,W. Kamau Bell: Private School Negro,MOVIE,"Comedian W. Kamau Bell muses on parenting in the Trump era, ""free speech"" dustups, woke children's TV and his fear of going off the grid.",2018,,65,['comedy'],US,['US'],,tt8467788,6.4,770,1.961,6.3
tm436704,Super Monsters Save Halloween,MOVIE,"It's Halloween in Pitchfork Pines, but the neighbors don't seem to be in the mood. Can the Super Monsters save their favorite holiday?",2018,,24,"['animation', 'family']",US,['US'],,tt9085726,5.4,27,4.147,6.6
tm441915,Elf Pets: Santa's St. Bernards Save Christmas,MOVIE,"What happens when an entire town forgets the true spirit of the Christmas season? It’s up to Santa and a delightful cast of North Pole characters to help them remember! In this festive Elf Pets® animated special, Santa discovers there is not enough Christmas spirit for him to make Christmas magical. Thankfully, The Elf on the Shelf® Scout Elves, Santa’s special Elf Pets® St. Bernard pups and a big-hearted family join forces to help others remember the true meaning of Christmas and ensure another successful holiday season for Santa!",2018,G,26,"['animation', 'fantasy']",US,['US'],,tt9233904,5.3,95,1.17,2
ts78444,Luna Petunia Return to Amazia,SHOW,"Luna Petunia returns to magical Amazia, adding memories to her scrapbook with old friends -- and a new pal from the Animal Empire.",2018,TV-Y,24,['animation'],US,['US'],2,tt7924854,4.8,48,0.858,6
ts86497,Russian Doll,SHOW,Nadia keeps dying and reliving her 36th birthday party. She's trapped in a surreal time loop -- and staring down the barrel of her own mortality.,2019,TV-MA,28,"['drama', 'comedy']",US,['US'],2,tt7520794,7.8,88945,31.225,7.6
tm441050,The Gentlemen,MOVIE,"American expat Mickey Pearson has built a highly profitable marijuana empire in London. When word gets out that he’s looking to cash out of the business forever it triggers plots, schemes, bribery and blackmail in an attempt to steal his domain out from under him.",2019,R,113,"['comedy', 'crime', 'action']",US,"['US', 'GB']",,tt8367814,7.8,314049,67.663,7.7
ts216679,Bridgerton,SHOW,"Wealth, lust, and betrayal set in the backdrop of Regency era England, seen through the eyes of the powerful Bridgerton family.",2020,TV-MA,62,"['drama', 'romance']",US,['US'],4,tt8740790,7.3,122036,206.258,8.2
ts88361,"Love, Death & Robots",SHOW,"Terrifying creatures, wicked surprises and dark comedy converge in this NSFW anthology of animated stories presented by Tim Miller and David Fincher.",2019,TV-MA,13,"['scifi', 'thriller', 'fantasy', 'horror', 'animation', 'action', 'drama', 'comedy']",US,['US'],3,tt9561862,8.4,131937,100.876,8.2
ts76645,The Umbrella Academy,SHOW,"A family of former child heroes, now grown apart, must reunite to continue to protect the world.",2019,TV-14,52,"['comedy', 'drama', 'fantasy', 'scifi', 'action']",US,['US'],3,tt1312171,8,202522,172.491,8.7
ts57327,The Witcher,SHOW,"Geralt of Rivia, a mutated monster-hunter for hire, journeys toward his destiny in a turbulent world where people often prove more wicked than beasts.",2019,TV-MA,58,"['scifi', 'action', 'drama', 'fantasy', 'horror']",US,['US'],2,tt5180504,8.2,465949,118.384,8.2
tm681578,The Rental,MOVIE,Two couples rent a vacation home for what should be a celebratory weekend get-away.,2020,R,88,"['thriller', 'drama', 'horror']",US,['US'],,tt10003008,5.7,29201,41.428,5.6
tm366227,Uncut Gems,MOVIE,"A charismatic New York City jeweler always on the lookout for the next big score makes a series of high-stakes bets that could lead to the windfall of a lifetime. Howard must perform a precarious high-wire act, balancing business, family, and encroaching adversaries on all sides in his relentless pursuit of the ultimate win.",2019,R,130,"['drama', 'thriller', 'comedy', 'crime']",US,['US'],,tt5727208,7.4,261956,24.948,7.1
ts87453,Space Force,SHOW,A four-star general begrudgingly teams up with an eccentric scientist to get the U.S. military's newest agency — Space Force — ready for lift-off.,2020,TV-MA,30,['comedy'],US,['US'],2,tt9612516,6.7,61739,30.856,6.6
ts89259,The Queen's Gambit,SHOW,"In a Kentucky orphanage in the 1950s, a young girl discovers an astonishing talent for chess while struggling with addiction.",2020,TV-MA,56,"['drama', 'sport']",US,['US'],1,tt10048342,8.6,406350,104.215,8.6
ts89339,Selling Sunset,SHOW,The elite real estate brokers at The Oppenheim Group sell the luxe life to affluent buyers in LA. The drama ramps up when a new agent joins the team.,2019,TV-MA,35,['reality'],US,['US'],5,tt9817298,6.5,5482,21.635,6.8
ts82914,Dead to Me,SHOW,A hotheaded widow searching for the hit-and-run driver who mowed down her husband befriends an eccentric optimist who isn't quite what she seems.,2019,TV-MA,31,"['drama', 'crime', 'comedy']",US,['US'],2,tt9889712,8,73110,26.891,7.3
ts90234,I Think You Should Leave with Tim Robinson,SHOW,There is no such thing as an ordinary interaction in this offbeat sketch comedy series that features a deep roster of guest stars.,2019,TV-MA,16,['comedy'],US,['US'],3,tt10050772,7.9,11411,21.408,6.4
ts81120,The Last Dance,SHOW,"A 10-part documentary chronicling the untold story of Michael Jordan and the Chicago Bulls dynasty with rare, never-before-seen footage and sound from the 1997-98 championship season – plus over 100 interviews with famous figures and basketball’s biggest names.",2020,TV-MA,50,"['documentation', 'history', 'sport']",US,['US'],1,tt8420184,9.1,108321,24.459,8.2
ts84146,Emily in Paris,SHOW,"When ambitious Chicago marketing exec Emily unexpectedly lands her dream job in Paris, she embraces a new life as she juggles work, friends and romance.",2020,TV-MA,29,"['drama', 'comedy', 'romance']",US,['US'],2,tt8962124,6.9,84302,45.54,8
ts221904,Unbelievable,SHOW,"A teenager is charged with lying about her rape allegation, but two determined investigative female detectives discover a far more sinister truth.",2019,TV-MA,48,"['drama', 'crime']",US,['US'],1,tt7909970,8.4,95658,26.019,8.1
ts254656,Jurassic World: Camp Cretaceous,SHOW,Six teens attending an adventure camp on the opposite side of Isla Nublar must band together to survive when dinosaurs wreak havoc on the island.,2020,TV-PG,24,"['action', 'family', 'scifi', 'animation']",US,['US'],4,tt10436228,7.5,7423,106.781,8
ts89840,Virgin River,SHOW,"After seeing an ad for a midwife, a recently divorced big-city nurse moves to the redwood forests of California, where she meets an intriguing man.",2019,TV-14,44,"['drama', 'romance']",US,['US'],3,tt9077530,7.4,34797,39.802,8
ts235655,Outer Banks,SHOW,"A tight-knit group of teens unearths a long-buried secret, setting off a chain of illicit events that takes them on an adventure they'll never forget.",2020,TV-MA,49,"['action', 'drama', 'romance', 'thriller', 'crime']",US,['US'],2,tt10293938,7.5,43404,48.11,8.7
ts87953,Locke & Key,SHOW,"Three siblings who move into their ancestral estate after their father's gruesome murder discover their new home's magical keys, which must be used in their stand against an evil creature who wants the keys and their powers.",2020,TV-14,48,"['scifi', 'thriller', 'drama', 'fantasy', 'horror']",US,['US'],3,tt3007572,7.4,72031,39.805,8.1
tm414584,Rambo: Last Blood,MOVIE,"After fighting his demons for decades, John Rambo now lives in peace on his family ranch in Arizona, but his rest is interrupted when Gabriela, the granddaughter of his housekeeper María, disappears after crossing the border into Mexico to meet her biological father. Rambo, who has become a true father figure for Gabriela over the years, undertakes a desperate and dangerous journey to find her.",2019,R,101,"['thriller', 'western', 'action']",US,"['US', 'CN']",,tt1206885,6.1,95013,80.773,6.5
ts223986,The Circle,SHOW,"Players start off isolated in an apartment, and with their online interactions as their only means of any communication. The players use a social media platform called ""The Circle"".",2020,TV-MA,52,['reality'],US,['US'],5,tt9581768,7.3,6380,11.315,7.7
tm427335,Freaks,MOVIE,"Kept locked inside the house by her father, 7-year-old Chloe lives in fear and fascination of the outside world, where Abnormals create a constant threat—or so she believes. When a mysterious stranger offers her a glimpse of what's really happening outside, Chloe soon finds that while the truth isn't so simple, the danger is very real.",2019,R,105,"['scifi', 'thriller', 'drama']",US,"['US', 'CA']",,tt8781414,6.7,34111,40.382,6.8
tm417392,The King,MOVIE,"England, 15th century. Hal, a capricious prince who lives among the populace far from court, is forced by circumstances to reluctantly accept the throne and become Henry V.",2019,R,140,"['drama', 'history', 'romance', 'war']",US,"['AU', 'US']",,tt7984766,7.3,119020,23.761,7.2
ts252505,Are You Afraid of the Dark?,SHOW,"Each season of this horror anthology series follows a different group of kids, members of the Midnight Society, as they discover terrifying curses and creatures.",2019,TV-PG,44,"['thriller', 'horror', 'family', 'drama', 'fantasy']",US,['US'],2,tt10473306,7.1,2151,75.625,7.5
tm369594,I'm Thinking of Ending Things,MOVIE,Nothing is as it seems when a woman experiencing misgivings about her new boyfriend joins him on a road trip to meet his parents at their remote farm.,2020,R,134,"['thriller', 'fantasy', 'drama']",US,['US'],,tt7939766,6.6,79921,18.733,6.6
ts87248,In the Dark,SHOW,"Murphy is a flawed and irreverent woman who just happens to be blind and is the only “witness” to the murder of her drug-dealing friend, Tyson. When the police dismiss her story, she sets out with her dog, Pretzel, to find the killer while also managing her colorful dating life and the job she hates at Breaking Blind — the guide-dog school owned by her overprotective parents.",2019,TV-14,41,"['comedy', 'drama', 'crime', 'horror', 'action']",US,['US'],4,tt7772602,7.7,10927,20.694,8
tm368699,The Devil All the Time,MOVIE,"In Knockemstiff, Ohio and its neighboring backwoods, sinister characters converge around young Arvin Russell as he fights the evil forces that threaten him and his family.",2020,R,138,"['drama', 'thriller', 'crime', 'horror']",US,['US'],,tt8956406,7.1,122321,31.57,7.3
ts80962,Tuca & Bertie,SHOW,Free-spirited toucan Tuca and self-doubting song thrush Bertie are best friends -- and birds -- who guide each other through life's ups and downs.,2019,TV-MA,24,"['comedy', 'animation']",US,['US'],2,tt8036272,7.3,6724,14.9,7.1
tm244149,The Irishman,MOVIE,"Pennsylvania, 1956. Frank Sheeran, a war veteran of Irish origin who works as a truck driver, accidentally meets mobster Russell Bufalino. Once Frank becomes his trusted man, Bufalino sends him to Chicago with the task of helping Jimmy Hoffa, a powerful union leader related to organized crime, with whom Frank will maintain a close friendship for nearly twenty years.",2019,R,209,"['drama', 'crime', 'history', 'thriller']",US,['US'],,tt1302006,7.8,371209,19.74,7.6
tm827638,Synchronic,MOVIE,"Two New Orleans paramedics' lives are ripped apart after they encounter a series of horrific deaths linked to a designer drug with bizarre, otherworldly effects.",2019,R,102,"['horror', 'scifi', 'thriller', 'drama']",US,['US'],,tt9016974,6.2,28617,11.441,6.3
tm849022,Hillbilly Elegy,MOVIE,"An urgent phone call pulls a Yale Law student back to his Ohio hometown, where he reflects on three generations of family history and his own future.",2020,R,116,['drama'],US,['US'],,tt6772802,6.7,40703,10.655,6.8
tm431321,21 Bridges,MOVIE,"An embattled NYPD detective, is thrust into a citywide manhunt for a pair of cop killers after uncovering a massive and unexpected conspiracy. As the night unfolds, lines become blurred on who he is pursuing, and who is in pursuit of him.",2019,R,99,"['action', 'drama', 'crime', 'thriller']",US,['US'],,tt8688634,6.6,64117,26.217,6.8
ts304505,Love Is Blind,SHOW,"Singles who want to be loved for who they are, rather than what they look like, have signed up for a less conventional approach to modern dating.",2020,TV-MA,54,"['reality', 'romance']",US,['US'],5,tt11704040,6.1,7655,1.4,7.8
tm840196,The Trial of the Chicago 7,MOVIE,What was supposed to be a peaceful protest turned into a violent clash with the police. What followed was one of the most notorious trials in history.,2020,R,130,"['drama', 'history', 'thriller']",US,['US'],,tt1070874,7.7,170728,16.849,7.8
ts235758,Never Have I Ever,SHOW,"The complicated life of a modern-day first generation Indian American teenage girl, inspired by Mindy Kaling's own childhood.",2020,TV-14,28,"['drama', 'comedy']",US,['US'],4,tt10062292,7.8,45346,72.067,8.2
tm827648,El Camino: A Breaking Bad Movie,MOVIE,"In the wake of his dramatic escape from captivity, Jesse Pinkman must come to terms with his past in order to forge some kind of future.",2019,R,123,"['thriller', 'drama', 'crime', 'action']",US,['US'],,tt10819010,7.3,216847,35.145,6.9
tm849004,Eurovision Song Contest: The Story of Fire Saga,MOVIE,"Two small-town aspiring musicians chase their pop star dreams at a global music competition, where high stakes, scheming rivals and onstage mishaps test their bond.",2020,PG-13,123,"['comedy', 'music']",US,['US'],,tt8580274,6.5,91043,10.969,6.4
ts252758,Get Organized with The Home Edit,SHOW,"Expert home organizers Clea and Joanna help celebrities and everyday clients edit, categorize and contain their clutter to create stunning spaces.",2020,TV-PG,42,['reality'],US,['US'],2,tt10834478,5.3,1454,6.614,7
ts237107,Sweet Magnolias,SHOW,"Lifelong friends Maddie, Helen and Dana Sue lift each other as they juggle relationships, family and careers in the small, Southern town of Serenity.",2020,TV-14,50,"['drama', 'romance']",US,['US'],2,tt9077540,7.3,17435,17.576,7.9
tm448792,In the Shadow of the Moon,MOVIE,"In 1988, Philadelphia police officer Thomas ""Locke"" Lockhart, hungry to become a detective, begins tracking a serial killer whose crimes defy scientific explanation. When the killer mysteriously resurfaces nine years later, Locke's obsession with finding the truth threatens to destroy his career, his family, and possibly his sanity.",2019,R,115,"['thriller', 'crime', 'scifi']",US,"['US', 'CA']",,tt8110640,6.2,49894,23.345,6.1
ts95997,Raising Dion,SHOW,A widowed single mom discovers that her son has super powers and tries to figure out how to raise him safely and responsibly.,2019,TV-G,43,"['scifi', 'drama']",US,['US'],2,tt7826108,7.1,14464,31.709,7.8
tm847085,The Social Dilemma,MOVIE,"This documentary-drama hybrid explores the dangerous human impact of social networking, with tech experts sounding the alarm on their own creations.",2020,PG-13,94,"['drama', 'documentation']",US,['US'],,tt11464826,7.6,79674,18.857,7.5
ts89564,Black Summer,SHOW,"In the dark, early days of a zombie apocalypse, complete strangers band together to find the strength they need to survive and get back to loved ones.",2019,TV-MA,39,"['scifi', 'action', 'drama', 'horror', 'thriller']",US,['US'],2,tt8923854,6.5,28657,28.71,7.1
tm502532,Fantastic Fungi,MOVIE,"Fantastic Fungi is a descriptive time-lapse journey about the magical, mysterious and medicinal world of fungi and their power to heal, sustain and contribute to the regeneration of life on Earth that began 3.5 billion years ago.",2019,,81,['documentation'],US,['US'],,tt8258074,7.4,7890,9.346,7.2
tm821789,Mank,MOVIE,1930s Hollywood is re-evaluated through the eyes of scathing social critic and alcoholic screenwriter Herman J. Mankiewicz as he races to finish the screenplay of Citizen Kane (1941).,2020,R,131,"['comedy', 'drama']",US,['US'],,tt10618286,6.8,71244,13.558,6.8
tm417553,6 Underground,MOVIE,"After faking his death, a tech billionaire recruits a team of international operatives for a bold and bloody mission to take down a brutal dictator.",2019,R,127,"['action', 'thriller', 'comedy']",US,['US'],,tt8106534,6.1,168919,47.628,6.3
tm834851,I Care a Lot,MOVIE,A crooked legal guardian who drains the savings of her elderly wards meets her match when a woman she tries to swindle turns out to be more than she first appears.,2020,R,118,"['comedy', 'crime', 'drama', 'thriller']",US,"['US', 'GB']",,tt9893250,6.3,128172,33.554,6.6
ts57213,The Dark Crystal: Age of Resistance,SHOW,"Return to the world of Thra, where three Gelfling discover the horrifying secret behind the Skeksis' power and set out to ignite the fires of rebellion and save their world.",2019,TV-PG,51,"['scifi', 'drama', 'animation', 'fantasy', 'family', 'horror', 'action']",US,"['GB', 'US']",1,tt6905542,8.4,24164,37.456,7.8
ts82913,When They See Us,SHOW,Five teens from Harlem become trapped in a nightmare when they're falsely accused of a brutal attack in Central Park.,2019,TV-MA,74,"['drama', 'history', 'crime']",US,['US'],1,tt7137906,8.9,114127,21.628,8.2
ts241248,Cocomelon,SHOW,"In the town of Cocomelon, baby JJ and his siblings go on fun every-day adventures with nursery, play, exploration, and learning - situations that any preschooler could relate to. Fun, relatable stories set to toe-tapping songs.",2019,TV-PG,8,"['animation', 'comedy', 'family']",US,"['US', 'GB']",4,tt12427840,4.9,522,6.492,6.3
ts80709,Another Life,SHOW,"After a massive alien artifact lands on Earth, Niko Breckinridge leads an interstellar mission to track down its source and make first contact.",2019,TV-MA,42,"['scifi', 'thriller', 'drama']",US,['US'],2,tt8369840,5.2,35108,98.27,6
ts83082,Living with Yourself,SHOW,"Burned out on life, Miles undergoes a strange procedure at a strip mall spa -- and wakes to find he's been replaced by a better version of himself.",2019,TV-MA,26,"['drama', 'comedy', 'scifi']",US,['US'],2,tt8880894,7.2,30134,16.946,6.8
ts218569,The Movies That Made Us,SHOW,"Unwrap the real stories behind these iconic Christmas blockbusters, thanks to insider interviews and behind-the-scenes peeks.",2019,TV-PG,47,"['history', 'documentation', 'family']",US,['US'],3,tt10681222,7.6,6147,9.973,7.4
ts223210,Don't F**k with Cats: Hunting an Internet Killer,SHOW,A group of online justice seekers track down a guy who posted a video of him killing kittens.,2019,TV-MA,62,"['crime', 'documentation']",US,"['US', 'GB']",1,tt11318602,8,50250,20.798,7.7
tm460948,Always Be My Maybe,MOVIE,"Reunited after 15 years, famous chef Sasha and hometown musician Marcus feel the old sparks of attraction but struggle to adapt to each other's worlds.",2019,PG-13,101,"['romance', 'comedy']",US,['US'],,tt7374948,6.8,54166,14.207,6.6
tm911973,Enola Holmes,MOVIE,"While searching for her missing mother, intrepid teen Enola Holmes uses her sleuthing skills to outsmart big brother Sherlock and help a runaway lord.",2020,PG-13,123,"['crime', 'drama', 'action']",US,['US'],,tt7846844,6.6,160806,30.97,7.4
tm362198,Scary Stories to Tell in the Dark,MOVIE,"Mill Valley, Pennsylvania, Halloween night, 1968. After playing a joke on a school bully, Stella and her friends decide to sneak into a supposedly haunted house that once belonged to the powerful Bellows family, unleashing dark forces that they will be unable to control.",2019,PG-13,108,"['horror', 'thriller']",US,"['CA', 'CN', 'US']",,tt3387520,6.2,73859,41.917,6.5
tm244207,Triple Frontier,MOVIE,"Struggling to make ends meet, former special ops soldiers reunite for a high-stakes heist: stealing $75 million from a South American drug lord.",2019,R,125,"['thriller', 'action', 'crime', 'drama']",US,['US'],,tt1488606,6.4,124218,27.886,6.3
tm372066,Fast Color,MOVIE,"A woman is forced to go on the run when her superhuman abilities are discovered. Years after having abandoned her family, the only place she has left to hide is home.",2019,PG-13,102,"['thriller', 'drama', 'scifi']",US,['US'],,tt6418778,6,6194,18.162,6
tm832916,The Midnight Sky,MOVIE,"This post-apocalyptic tale follows Augustine, a lonely scientist in the Arctic, as he races to stop Sully and her fellow astronauts from returning home to a mysterious global catastrophe.",2020,PG-13,118,"['drama', 'scifi', 'thriller', 'fantasy']",US,['US'],,tt10539608,5.6,81513,17.841,5.8
tm239927,Official Secrets,MOVIE,The true story of British intelligence whistleblower Katharine Gun who—prior to the 2003 Iraq invasion—leaked a top-secret NSA memo exposing a joint US-UK illegal spying operation against members of the UN Security Council. The memo proposed blackmailing member states into voting for war.,2019,R,112,"['thriller', 'crime', 'drama', 'war', 'romance']",US,"['GB', 'US']",,tt5431890,7.3,45200,16.557,7.2
ts90448,The Hateful Eight: Extended Version,SHOW,"Trapped at a stagecoach stop as a storm rages outside, two bounty hunters and an outlaw face a gallery of rogues. Features never-before-seen footage.",2019,TV-MA,199,"['western', 'crime', 'thriller', 'drama']",US,['US'],1,,,,1.96,10
ts221200,The Haunting of Bly Manor,SHOW,"After an au pair’s tragic death, Henry Wingrave hires a young American nanny to care for his orphaned niece and nephew who reside at Bly Manor with the estate’s chef Owen, groundskeeper Jamie and housekeeper, Mrs. Grose. But all is not as it seems at the manor, and centuries of dark secrets of love and loss are waiting to be unearthed in this chilling tale.",2020,TV-MA,55,"['drama', 'scifi', 'thriller', 'horror']",US,['US'],1,tt10970552,7.3,96015,28.261,7.8
ts83555,"Roswell, New Mexico",SHOW,"After reluctantly returning to her tourist-trap hometown of Roswell, New Mexico, the daughter of undocumented immigrants discovers a shocking truth about her teenage crush who is now a police officer—he’s an alien who has kept his unearthly abilities hidden his entire life. She protects his secret as the two reconnect and begin to investigate his origins, but when a violent attack and long-standing government cover-up point to a greater alien presence on Earth, the politics of fear and hatred threaten to expose him and destroy their deepening romance.",2019,TV-14,42,"['scifi', 'drama', 'romance']",US,['US'],3,tt7588054,6.2,11928,34.937,8.1
tm849003,The Old Guard,MOVIE,Four undying warriors who've secretly protected humanity for centuries become targeted for their mysterious powers just as they discover a new immortal.,2020,R,125,"['fantasy', 'action', 'thriller']",US,['US'],,tt7556122,6.6,155135,22.536,7.2
ts88577,Hollywood,SHOW,A group of aspiring actors and filmmakers in post-World War II Hollywood try to make it big — no matter the cost.,2020,TV-MA,50,"['drama', 'history']",US,['US'],1,tt9827854,7.5,35067,15.085,7.6
ts223548,The Midnight Gospel,SHOW,"Traversing trippy worlds inside his universe simulator, Clancy the space caster explores existential questions about life, death and everything in between.",2020,TV-MA,25,['scifi'],US,['US'],1,,,,29.669,8.4
tm916405,The Outpost,MOVIE,"A small unit of U.S. soldiers, alone at the remote Combat Outpost Keating, located deep in the valley of three mountains in Afghanistan, battles to defend against an overwhelming force of Taliban fighters in a coordinated attack. The Battle of Kamdesh, as it was known, was the bloodiest American engagement of the Afghan War in 2009 and Bravo Troop 3-61 CAV became one of the most decorated units of the 19-year conflict.",2020,R,123,"['drama', 'action', 'history', 'war']",US,"['US', 'BG']",,tt3833480,6.8,31819,20.829,6.9
ts84661,Cursed,SHOW,"In this fresh take on the Arthurian legend, teenager Nimue joins forces with mercenary Arthur on a quest to find Merlin and deliver an ancient sword.",2020,TV-MA,55,"['scifi', 'action', 'drama', 'fantasy']",US,['US'],1,tt8210856,5.8,29446,39.313,7.4
tm496322,Extraction,MOVIE,"Tyler Rake, a fearless black market mercenary, embarks on the most deadly extraction of his career when he's enlisted to rescue the kidnapped son of an imprisoned international crime lord.",2020,R,116,"['thriller', 'crime', 'drama', 'action']",US,['US'],,tt8936646,6.7,192132,55.868,7.4
ts87364,Conversations with a Killer: The Ted Bundy Tapes,SHOW,"A unique look inside the mind of an infamous serial killer with this cinematic self-portrait crafted from statements made by Ted Bundy, including present-day interviews, archival footage and audio recordings from death row.",2019,TV-MA,59,"['crime', 'history', 'documentation']",US,['US'],1,tt9425132,7.8,27439,12.764,7.6
tm444017,"Extremely Wicked, Shockingly Evil and Vile",MOVIE,"A chronicle of the crimes of Ted Bundy, from the perspective of his longtime girlfriend, Elizabeth Kloepfer, who refused to believe the truth about him for years.",2019,R,111,"['crime', 'drama', 'thriller']",US,['US'],,tt2481498,6.7,91162,19.448,7
ts103133,I Am Not Okay with This,SHOW,"Sydney is a teenage girl navigating the trials and tribulations of high school while dealing with the complexities of her family, her budding sexuality, and mysterious superpowers just beginning to awaken deep within her.",2020,TV-MA,21,"['comedy', 'drama', 'fantasy', 'scifi']",US,['US'],1,tt9446688,7.5,56459,31.121,8.2
ts227305,Tiger King,SHOW,A zoo owner spirals out of control amid a cast of eccentric characters in this true murder-for-hire story from the underworld of big cat breeding.,2020,TV-MA,44,"['crime', 'documentation']",US,['US'],2,tt11823076,7.5,76961,13.05,7.1
tm943774,The Old Ways,MOVIE,"Cristina, a journalist of Mexican origin, travels to her ancestral home in Veracruz to investigate a story of sorcery and healing. There, she is kidnapped by a group of locals who claim she's the devil incarnated.",2020,R,90,"['fantasy', 'thriller', 'drama', 'horror']",US,['US'],,tt12829958,5.4,5708,14.7,7.2
tm470240,The Half of It,MOVIE,"Shy, straight-A student Ellie is hired by sweet but inarticulate jock Paul, who needs help wooing the most popular girl in school. But their new and unlikely friendship gets tricky when Ellie discovers she has feelings for the same girl.",2020,PG-13,104,"['comedy', 'romance', 'drama']",US,['US'],,tt9683478,6.9,34959,19.524,7.2
tm426428,After,MOVIE,"Tessa Young is a dedicated student, dutiful daughter and loyal girlfriend to her high school sweetheart. Entering her first semester of college, Tessa's guarded world opens up when she meets Hardin Scott, a mysterious and brooding rebel who makes her question all she thought she knew about herself -- and what she wants out of life.",2019,PG-13,106,"['drama', 'romance']",US,['US'],,tt4126476,5.2,52180,152.738,7.2
tm458585,Dolemite Is My Name,MOVIE,"The story of Rudy Ray Moore, who created the iconic big screen pimp character Dolemite in the 1970s.",2019,R,118,"['comedy', 'drama']",US,['US'],,tt8526872,7.2,59836,13.072,7
ts89210,Warrior Nun,SHOW,"After waking up in a morgue, an orphaned teen discovers she now possesses superpowers as the chosen Halo-Bearer for a secret sect of demon-hunting nuns.",2020,TV-MA,43,"['scifi', 'action', 'drama', 'fantasy']",US,['US'],1,tt9059350,6.8,29164,43.914,7.9
ts83657,The Order,SHOW,"Out to avenge his mother's death, a college student pledges a secret order and lands in a war between werewolves and practitioners of dark magic.",2019,TV-MA,48,"['scifi', 'horror', 'drama', 'fantasy', 'crime', 'thriller']",US,['US'],2,tt8295472,6.7,27286,44.535,7.9
tm319470,The Professor and the Madman,MOVIE,"Professor James Murray begins work compiling words for the first edition of the Oxford English Dictionary in the mid 19th century, and receives over 10,000 entries from a patient at Broadmoor Criminal Lunatic Asylum, Dr. William Minor.",2019,,124,"['thriller', 'drama', 'history', 'european']",US,"['US', 'FR', 'IE']",,tt5932728,7.2,44418,13.722,7.2
tm927718,The Paper Tigers,MOVIE,Three middle aged men polish their martial arts skills to avenge their fallen master.,2020,PG-13,108,"['comedy', 'action']",US,['US'],,tt6060444,6.3,4144,5.656,6.9
tm919961,Pieces of a Woman,MOVIE,"When a young mother's home birth ends in unfathomable tragedy, she begins a year-long odyssey of mourning that fractures relationships with loved ones in this deeply personal story of a woman learning to live alongside her loss.",2020,R,127,['drama'],US,"['HU', 'US', 'CA']",,tt11161474,7,47795,17.31,7.1
tm1121246,Code 8,MOVIE,"In Lincoln City, some inhabitants have extraordinary abilities. Most live below the poverty line, under the close surveillance of a heavily militarized police force. Connor, a construction worker with powers, involves with a criminal gang to help his ailing mother. (Based on the short film “Code 8,” 2016.)",2019,,99,"['scifi', 'thriller', 'action', 'crime', 'drama']",US,"['GB', 'US', 'CA']",,tt6259380,6.1,38850,20.42,6.2
tm925486,Jiu Jitsu,MOVIE,"Every six years, an ancient order of jiu-jitsu fighters joins forces to battle a vicious race of alien invaders. But when a celebrated war hero goes down in defeat, the fate of the planet and mankind hangs in the balance.",2020,R,102,"['fantasy', 'action', 'scifi', 'thriller', 'comedy']",US,"['US', 'CY']",,tt9624766,2.9,8502,136.841,5
tm456436,Bad Trip,MOVIE,Two pals embark on a road trip full of funny pranks that pull real people into mayhem.,2020,,87,"['comedy', 'reality']",US,"['US', 'CA']",,tt9684220,6.5,23979,97.195,6.1
ts90729,Away,SHOW,"American astronaut Emma Green must leave her husband and teenage daughter behind to command an international space crew embarking upon a treacherous mission. A series about hope, humanity and how we need one another if we are to achieve impossible things.",2020,TV-14,50,"['scifi', 'drama', 'romance']",US,['US'],1,tt8787802,6.6,23706,34.725,6.9
tm432765,The Wind,MOVIE,"Lizzy is a tough, resourceful frontierswoman settling a remote stretch of land on the 19th-century American frontier. Isolated from civilization in a desolate wilderness where the wind never stops howling, she begins to sense a sinister presence that seems to be borne of the land itself, and when a newlywed couple arrive at a nearby homestead, their presence amplifies Lizzy's fears, setting into motion a shocking chain of events.",2019,R,86,"['western', 'thriller', 'horror']",US,['US'],,tt8426594,5.5,8078,9.685,5.6
ts224859,The Pharmacist,SHOW,"After his son's tragic death, a Louisiana pharmacist goes to extremes to expose the rampant corruption behind the opioid addiction crisis.",2020,TV-MA,54,"['crime', 'documentation']",US,['US'],1,tt11600174,7.7,6989,4.118,8.4
tm417416,Five Feet Apart,MOVIE,"Seventeen-year-old Stella spends most of her time in the hospital as a cystic fibrosis patient. Her life is full of routines, boundaries and self-control — all of which get put to the test when she meets Will, an impossibly charming teen who has the same illness. There's an instant flirtation, though restrictions dictate that they must maintain a safe distance between them. As their connection intensifies, so does the temptation to throw the rules out the window and embrace that attraction.",2019,PG-13,116,"['romance', 'drama']",US,['US'],,tt6472976,7.2,61878,61.598,8.3
tm441231,Murder Mystery,MOVIE,"On a long-awaited trip to Europe, a New York City cop and his hairdresser wife scramble to solve a baffling murder aboard a billionaire's yacht.",2019,PG-13,97,"['comedy', 'action', 'crime', 'romance']",US,['US'],,tt1618434,6,120532,33.858,6.2
tm927037,The Water Man,MOVIE,"Hoping to save his sick mother, a boy named Gunner and his friend Jo venture into the remote Wild Horse forest to search for a mythical figure who possesses the secret to immortality. When they go missing, Gunner's father Amos must immerse himself in his son's world to find them.",2020,PG,92,"['action', 'drama', 'family', 'fantasy', 'thriller']",US,['US'],,tt4779326,5.4,3641,20.288,6.2
ts84663,The Politician,SHOW,Payton has known since childhood that he's going to be president. First he'll have to navigate the most treacherous political landscape: high school.,2019,TV-14,43,"['comedy', 'drama']",US,['US'],2,tt7971476,7.5,21887,19.833,7.5
ts86165,The Society,SHOW,"When everyone else mysteriously vanishes from their wealthy town, the teen residents of West Ham must forge their own society to survive.",2019,TV-MA,56,"['scifi', 'thriller', 'drama']",US,['US'],1,tt8778064,7,27693,28.6,7.7
tm836438,Countdown,MOVIE,"A young nurse downloads an app that tells her she only has three days to live. With time ticking away and a mysterious figure haunting her, she must find a way to save her life before time runs out.",2019,PG-13,90,"['horror', 'thriller', 'european']",US,['US'],,,,,34.6,6.4
tm447788,Fyre,MOVIE,"He promised supermodels and yachts, but delivered tents and cheese sandwiches. How one man engineered a music festival disaster.",2019,,98,"['documentation', 'crime', 'music']",US,['US'],,tt9412098,7.2,44715,11.622,6.9
tm447963,Fractured,MOVIE,"Driving cross-country, Ray and his wife and daughter stop at a highway rest area where his daughter falls and breaks her arm. After a frantic rush to the hospital and a clash with the check-in nurse, Ray is finally able to get her to a doctor. While the wife and daughter go downstairs for an MRI, Ray, exhausted, passes out in a chair in the lobby. Upon waking up, they have no record or knowledge of Ray's family ever being checked in.",2019,R,99,['thriller'],US,['US'],,tt4332232,6.4,70860,20.986,6.7
tm843444,Da 5 Bloods,MOVIE,Four African-American Vietnam veterans return to Vietnam. They are in search of the remains of their fallen squad leader and the promise of buried treasure. These heroes battle forces of humanity and nature while confronted by the lasting ravages of the immorality of the Vietnam War.,2020,R,156,"['war', 'drama']",US,['US'],,tt9777644,6.5,50236,10.461,6.6
ts218802,The Family,SHOW,"An enigmatic conservative Christian group known as the Family wields enormous influence in Washington, D.C., in pursuit of its global ambitions.",2019,TV-14,26,"['documentation', 'sport', 'reality']",US,['US'],1,tt10780886,6.4,3491,8.605,6.9
ts84993,Daybreak,SHOW,"Living his best life in post-apocalyptic LA, a slacker strives to find the girl of his dreams while outwitting mindless ghouls and cliquish gangs.",2019,TV-MA,44,"['scifi', 'drama', 'fantasy', 'horror', 'thriller', 'comedy', 'action']",US,['US'],1,tt12374132,6.7,19398,20.154,7.3
tm420826,The Highwaymen,MOVIE,"In 1934, Frank Hamer and Manny Gault, two former Texas Rangers, are commissioned to put an end to the wave of vicious crimes perpetrated by Bonnie Parker and Clyde Barrow, a notorious duo of infamous robbers and cold-blooded killers who nevertheless are worshiped by the public.",2019,R,132,"['thriller', 'crime', 'drama']",US,['US'],,tt1860242,6.9,88714,19.718,6.7
tm927480,Kiss the Ground,MOVIE,"Sheds light on an alternative approach to farming called “regenerative agriculture” that could balance our climate, replenish our vast water supplies, and feed the world.",2020,,84,['documentation'],US,['US'],,tt8618654,8.2,6607,9.895,8.1
tm455636,The Dirt,MOVIE,The story of Mötley Crüe and their rise from the Sunset Strip club scene of the early 1980s to superstardom.,2019,R,108,"['drama', 'music', 'comedy']",US,['US'],,tt0800325,6.9,47603,19.057,7.5
tm983787,Ava,MOVIE,A black ops assassin is forced to fight for her own survival after a job goes dangerously wrong.,2020,R,96,"['drama', 'thriller', 'action', 'crime']",US,['US'],,tt8784956,5.4,53131,217.7,5.7
ts249891,The Comey Rule,SHOW,"An immersive, behind-the-headlines account of the historically turbulent events surrounding the 2016 presidential election and its aftermath, which divided a nation. This two-part biopic tells the story of two powerful figures, Comey and Trump, whose strikingly different personalities, ethics and loyalties put them on a collision course.",2020,TV-MA,82,"['war', 'drama']",US,['US'],1,tt9174536,7.4,8598,9.914,7.3
tm877681,American Pie Presents: Girls' Rules,MOVIE,"It's Senior year at East Great Falls. Annie, Kayla, Michelle, and Stephanie decide to harness their girl power and band together to get what they want their last year of high school.",2020,R,95,['comedy'],US,['US'],,tt11771594,,,55.783,6.4
ts236531,Too Hot to Handle,SHOW,"On the shores of paradise, gorgeous singles meet and mingle. But there’s a twist. To win a $100,000 grand prize, they’ll have to give up sex.",2020,TV-MA,42,"['reality', 'romance']",US,['US'],3,tt12004280,4.6,12001,19.838,6.8
tm850404,The Night Clerk,MOVIE,"Hotel night clerk Bart Bromley is a highly intelligent young man on the Autism spectrum. When a woman is murdered during his shift, Bart becomes the prime suspect. As the police investigation closes in, Bart makes a personal connection with a beautiful guest named Andrea, but soon realises he must stop the real murderer before she becomes the next victim.",2020,R,90,"['thriller', 'crime', 'drama', 'romance']",US,['US'],,tt7979142,5.5,14600,12.377,6.1
tm821143,Ma Rainey's Black Bottom,MOVIE,Tensions rise when trailblazing blues singer Ma Rainey and her band gather at a recording studio in Chicago in 1927.,2020,R,94,"['music', 'drama']",US,['US'],,tt10514222,6.9,50275,12.157,6.7
ts82912,Ratched,SHOW,"An origins story, beginning in 1947, which follows Ratched's journey and evolution from nurse to full-fledged monster tracking her murderous progression through the mental health care system.",2020,TV-MA,54,"['crime', 'drama', 'thriller']",US,['US'],2,tt7423538,7.2,52731,49.499,7.8
tm449105,Polar,MOVIE,"When a retiring assassin realizes that he is the target of a hit, he winds up back in the game going head to head with a gang of younger, ruthless killers.",2019,R,118,"['action', 'crime', 'drama', 'thriller', 'european']",US,"['US', 'DE']",,tt4139588,6.3,87080,24.449,6.3
ts89014,DC Super Hero Girls,SHOW,"The world may know them as Wonder Woman, Supergirl and Batgirl, but not-so-typical teenagers Diana, Kara and Barbara, alongside their Super Hero friends have much more to deal with than just protecting Metropolis from some of the most sinister school-aged Super-Villains. After all, being teens is tough enough, what with school, friends, family and the chaos that comes with managing a social life. But add super powers and a secret identity to the mix, and things can get a lot more complicated.",2019,TV-PG,10,"['scifi', 'comedy', 'family', 'fantasy', 'drama', 'animation', 'action']",US,['US'],2,tt6927444,7.2,1193,20.123,8.2
tm460124,"Yes, God, Yes",MOVIE,"Alice, a young innocent Catholic girl, is tempted into masturbating after an AOL chat suddenly turns sexual, however is conflicted as the act would be considered a sin.",2020,R,78,"['comedy', 'drama']",US,"['GB', 'US']",,tt8949056,6.1,14496,49.323,6.4
tm678022,The Prom,MOVIE,A troupe of hilariously self-obsessed theater stars swarm into a small conservative Indiana town in support of a high school girl who wants to take her girlfriend to the prom.,2020,PG-13,130,"['comedy', 'drama', 'music']",US,['US'],,tt10161886,5.9,26197,1.596,6.2
ts281928,Unsolved Mysteries,SHOW,"Real cases of perplexing disappearances, shocking murders and paranormal encounters fuel this gripping revival of the iconic documentary series.",2020,TV-MA,49,"['documentation', 'drama', 'thriller', 'crime']",US,['US'],2,tt9642938,7.3,9391,21.135,7.8
tm433462,We Summon the Darkness,MOVIE,Three best friends attending a heavy-metal show cross paths with sadistic killers after they travel to a secluded country home for an after party.,2020,R,91,"['horror', 'thriller', 'music', 'comedy']",US,['US'],,tt8058874,5.2,10056,12.153,5.6
tm441232,Someone Great,MOVIE,"An aspiring music journalist lands her dream job and is about to move to San Francisco when her boyfriend of nine years decides to call it quits. To nurse her broken heart, she and her two best friends spend one outrageous last adventure in New York City.",2019,R,92,"['romance', 'comedy']",US,['US'],,tt8075260,6.2,21501,12.918,6.4
tm464662,Tread,MOVIE,"Pushed to his breaking point, a master welder in a small town at the foot of the Rocky Mountains quietly fortifies a bulldozer with 30 tons of concrete and steel and seeks to destroy those he believes have wronged him.",2020,,88,"['crime', 'documentation']",US,['US'],,tt5807330,7.1,2861,6.613,6.7
tm417055,Radium Girls,MOVIE,Young women toiling in a factory are exposed to hazardous material which takes a disastrous toll on their health.,2020,,102,"['drama', 'history']",US,['US'],,tt6317180,6.2,1659,5.989,6.9
tm456156,Sweetheart,MOVIE,"Jenn has washed ashore a small tropical island and it doesn’t take her long to realize she’s completely alone. She must spend her days not only surviving the elements, but must also fend off the malevolent force that comes out each night.",2019,PG-13,82,"['horror', 'thriller', 'scifi', 'drama', 'fantasy']",US,['US'],,tt6560164,5.8,8074,15.792,6.5
ts83491,WHAT / IF,SHOW,"In this neo-noir thriller series, a pair of cash-strapped newlyweds accept a lucrative but morally dubious offer from a mysterious female benefactor.",2019,TV-MA,59,"['drama', 'thriller']",US,['US'],1,tt8860450,6.3,15135,21.388,6.7
tm886464,The Wrong Missy,MOVIE,"A guy meets the woman of his dreams and invites her to his company's corporate retreat, but realizes he sent the invite to the wrong person.",2020,R,90,"['comedy', 'romance']",US,['US'],,tt9619798,5.7,38647,22.796,6.2
tm428557,The Laundromat,MOVIE,"When her idyllic vacation takes an unthinkable turn, Ellen Martin begins investigating a fake insurance policy, only to find herself down a rabbit hole of questionable dealings that can be linked to a Panama City law firm and its vested interest in helping the world's wealthiest citizens amass larger fortunes.",2019,R,96,"['drama', 'comedy', 'crime', 'history']",US,['US'],,tt5868244,6.3,49391,13.77,6
ts93054,Trinkets,SHOW,An unexpected friendship forms when three teenage girls meet in Shoplifters Anonymous.,2019,TV-MA,26,"['comedy', 'crime', 'drama']",US,['US'],2,tt9134194,7,10263,25.549,8.1
tm824477,Over the Moon,MOVIE,"In this animated musical, a girl builds a rocket ship and blasts off, hoping to meet a mythical moon goddess.",2020,PG,95,"['family', 'fantasy', 'scifi', 'romance', 'animation', 'comedy']",US,"['CN', 'US']",,tt7488208,6.3,21562,60.545,7.3
tm435520,The Two Popes,MOVIE,"Frustrated with the direction of the church, Cardinal Bergoglio requests permission to retire in 2012 from Pope Benedict. Instead, facing scandal and self-doubt, the introspective Pope Benedict summons his harshest critic and future successor to Rome to reveal a secret that would shake the foundations of the Catholic Church.",2019,PG-13,125,"['drama', 'comedy', 'history']",US,['US'],,tt8404614,7.6,120871,17.506,7.5
ts82851,Messiah,SHOW,A wary CIA officer investigates a charismatic man who sparks a spiritual movement and stirs political unrest. Who exactly is he? And what does he want?,2020,TV-MA,45,"['drama', 'thriller']",US,['US'],1,tt7671598,7.6,42018,13.871,7.4
tm285317,IO,MOVIE,"As a young scientist searches for a way to save a dying Earth, she finds a connection with a man who's racing to catch the last shuttle off the planet.",2019,PG-13,96,"['scifi', 'romance', 'drama']",US,['US'],,tt3256226,4.7,33724,20.028,4.9
tm443179,All the Bright Places,MOVIE,Two teens facing personal struggles form a powerful bond as they embark on a cathartic journey chronicling the wonders of Indiana.,2020,,108,"['drama', 'romance']",US,['US'],,tt3907584,6.5,28355,56.467,7.7
tm332071,Velvet Buzzsaw,MOVIE,"Big money artists and mega-collectors pay a high price when art collides with commerce. After a series of paintings by an unknown artist are discovered, a supernatural force enacts revenge on those who have allowed their greed to get in the way of art.",2019,R,112,"['thriller', 'horror', 'comedy']",US,['US'],,tt7043012,5.7,59491,11.402,5.3
ts90019,Bonding,SHOW,A New York City grad student moonlighting as a dominatrix enlists her gay BFF from high school to be her assistant.,2019,TV-MA,17,"['comedy', 'drama']",US,['US'],2,tt7718088,7.1,15871,19.611,7.3
ts223981,Cheer,SHOW,"The stakes on the mat are high, but for these cheerleaders, the only thing more brutal than their workouts and more exceptional than their performances are the stories of adversity and triumph behind the athletes themselves.",2020,TV-MA,56,"['documentation', 'sport', 'reality']",US,['US'],2,tt11426660,8.1,6145,10.286,7.5
tm824331,Can You Keep a Secret?,MOVIE,"Thinking they're about to crash, Emma spills her secrets to a stranger on a plane. At least, she thought he was a stranger...Until she later meets Jack, her company's young CEO, who now knows every humiliating detail about her. Based on the blockbuster NYT bestseller.",2019,,94,"['comedy', 'romance']",US,['US'],,tt8707922,5.3,16049,12.18,6.6
ts88283,Wu Assassins,SHOW,"The last in a line of Chosen Ones, a wannabe chef teams up with a homicide detective to unravel an ancient mystery and take down supernatural assassins.",2019,TV-MA,44,"['scifi', 'action', 'crime', 'drama', 'fantasy']",US,['US'],1,tt8652642,6.4,12799,23.22,7.3
tm414341,The Red Sea Diving Resort,MOVIE,"Sudan, East Africa, 1980. A team of Israeli Mossad agents plans to rescue and transfer thousands of Ethiopian Jews to Israel. To do so, and to avoid raising suspicions from the inquisitive and ruthless authorities, they establish as a cover a fake diving resort by the Red Sea.",2019,R,129,"['thriller', 'drama', 'history']",US,"['US', 'CA']",,tt6675186,6.6,28051,11.768,6.9
ts88485,Green Eggs and Ham,SHOW,"Guy-Am-I, an inventor, and his friend Sam-I-Am go on a cross-country trip that would test the limits of their friendship. As they learn to try new things, they find out what adventure brings.",2019,TV-Y7,28,"['action', 'family', 'fantasy', 'drama', 'animation', 'comedy', 'romance']",US,['US'],2,tt4651448,8.1,2556,14.865,8.5
tm845496,Crip Camp: A Disability Revolution,MOVIE,"Down the road from Woodstock in the early 1970s, a revolution blossomed in a ramshackle summer camp for disabled teenagers, transforming their young lives and igniting a landmark movement.",2020,R,108,"['documentation', 'history']",US,['US'],,tt8923484,7.7,7264,12.886,7.3
tm446176,American Factory,MOVIE,"In post-industrial Ohio, a Chinese billionaire opens a new factory in the husk of an abandoned General Motors plant, hiring two thousand blue-collar Americans. Early days of hope and optimism give way to setbacks as high-tech China clashes with working-class America.",2019,,110,['documentation'],US,['US'],,tt9351980,7.4,21415,13.07,7.2
ts250997,Down to Earth with Zac Efron,SHOW,"Actor Zac Efron journeys around the world with wellness expert Darin Olien in a travel show that explores healthy, sustainable ways to live.",2020,TV-PG,39,"['documentation', 'history', 'reality']",US,['US'],1,tt12585152,8,6446,17.015,7.8
tm458553,Wine Country,MOVIE,"A group of friends head to the land of oaky Chardonnays and big, bold Cabernet Sauvignons for one member of the squad’s 50th birthday party.",2019,R,103,"['comedy', 'drama']",US,['US'],,tt8169446,5.4,20836,11.382,5.5
tm548602,Between Two Ferns: The Movie,MOVIE,"Galifianakis dreamed of becoming a star. But when Will Ferrell discovered his public access TV show, 'Between Two Ferns' and uploaded it to Funny or Die, Zach became a viral laughing stock. Now Zach and his crew are taking a road trip to complete a series of high-profile celebrity interviews and restore his reputation.",2019,,82,['comedy'],US,['US'],,tt9398640,6.1,31193,9.934,5.9
ts237560,Jeffrey Epstein: Filthy Rich,SHOW,Stories from survivors fuel this docuseries examining how convicted sex offender Jeffrey Epstein used his wealth and power to carry out his abuses.,2020,TV-MA,57,"['crime', 'documentation']",US,['US'],1,tt12312250,7.1,23216,25.26,7.3
ts86908,L.A.'s Finest,SHOW,"Syd Burnett has left her complicated past behind to become an LAPD detective. Paired with a new partner, Nancy McKenna, a working mom with an equally complex past, Syd is pushed to examine whether her unapologetic lifestyle might be masking a greater personal secret. These two women don't agree on much, but they find common ground when it comes to taking on the most dangerous criminals in Los Angeles.",2019,TV-14,47,"['drama', 'crime', 'thriller', 'action', 'comedy']",US,['US'],2,tt7555294,6.1,7000,26.53,7.3
ts255427,Blood of Zeus,SHOW,"In a brewing war between the gods of Olympus and the titans, Heron, a commoner living on the outskirts of ancient Greece, becomes mankind's best hope of surviving an evil demon army, when he discovers the secrets of his past.",2020,TV-MA,32,"['action', 'scifi']",US,['US'],1,,,,32.283,8.1
ts255926,Dash & Lily,SHOW,"A whirlwind holiday romance builds as cynical Dash and optimistic Lily trade dares, dreams, and desires in the notebook they pass back and forth at locations all across New York City.",2020,TV-14,25,"['comedy', 'drama', 'romance']",US,['US'],1,tt11127506,7.5,16978,20.229,8.3
ts161737,Dare Me,SHOW,The lives of several cheerleaders are changed forever when a shocking crime rocks their quiet suburban world.,2019,TV-MA,43,"['thriller', 'crime', 'reality']",US,['US'],1,tt2983222,6.6,5098,24.114,7.9
tm449195,The Boy Who Harnessed the Wind,MOVIE,"Against all the odds, a thirteen year old boy in Malawi invents an unconventional way to save his family and village from famine.",2019,,113,"['drama', 'history']",US,"['MW', 'GB', 'US']",,tt7533152,7.6,36805,40.059,7.9
tm307133,We Have Always Lived in the Castle,MOVIE,"In Shirleyville, Vermont, during the sixties, sisters Merricat and Constance, along with their ailing uncle Julian, confined to a wheelchair, live isolated in a big mansion located on the hill overlooking the town, tormented by the memories of a family tragedy occurred six years ago. The arrival of cousin Charles will threaten the fragile equilibrium of their minds, haunted by madness, fear and superstition.",2019,,90,"['thriller', 'drama']",US,['US'],,tt5952138,5.6,7063,10.469,5.4
tm498803,Spenser Confidential,MOVIE,"When two Boston police officers are murdered, ex-cop Spenser teams up with his no-nonsense roommate Hawk to take down criminals.",2020,R,111,"['thriller', 'comedy', 'crime', 'action', 'drama']",US,['US'],,tt8629748,6.2,85270,21.731,6.5
tm411750,Doom: Annihilation,MOVIE,"A group of UAC Marines responds to a distress call from a top-secret scientific base on Phobos, a Martian moon, only to discover it's been overrun by demons.",2019,R,97,"['scifi', 'horror', 'thriller', 'action']",US,['US'],,tt8328716,3.7,9200,27.95,4.9
ts93611,October Faction,SHOW,A semi-retired couple who work for a clandestine monster hunting agency discover dark family secrets and the truth about their employer after their magically inclined nigh adult kids reawaken a witch bent on revenge.,2020,TV-MA,41,"['drama', 'fantasy', 'horror', 'scifi']",US,['US'],1,tt8826128,6.1,10854,19.174,6.8
ts255104,Deaf U,SHOW,"In this reality series, a tight-knit group of Deaf and hard of hearing students share their stories and explore life at Gallaudet University.",2020,TV-MA,20,"['reality', 'drama']",US,['US'],1,tt13070478,6.4,462,14.943,5.8
tm458467,Girl on the Third Floor,MOVIE,"Don Koch tries to renovate a rundown mansion with a sordid history for his growing family, only to learn that the house has other plans.",2019,,93,"['thriller', 'drama', 'horror']",US,['US'],,tt9026184,4.7,9823,9.904,5.3
ts100359,Medical Police,SHOW,"Two American physicians in São Paulo, Brazil, discover a civilization-threatening virus and are recruited as government agents in a race against time and around the world to find a cure and uncover a dark conspiracy.",2020,TV-MA,24,['comedy'],US,['US'],1,tt9850952,5.9,4136,9.216,6.7
tm446609,The Great Hack,MOVIE,"Data—arguably the world’s most valuable asset—is being weaponized to wage cultural and political wars. The dark world of data exploitation is uncovered through the unpredictable, personal journeys of players on different sides of the explosive Cambridge Analytica/Facebook data story.",2019,,114,"['documentation', 'history']",US,['US'],,tt9358204,7.1,22838,18.974,6.8
ts243036,Selena: The Series,SHOW,"As Mexican-American Tejano singer Selena comes of age and realizes her dreams, she and her family make tough choices to hold on to love and music.",2020,TV-PG,38,"['drama', 'music']",US,['US'],2,tt9421868,6.9,4435,51.141,7.5
tm853953,Tremors: Shrieker Island,MOVIE,"Graboids are illegally taken to a new island resort by a rich playboy as a dangerous form of trophy hunting, and Burt Gummer steps up to save the day.",2020,PG-13,103,['horror'],US,['US'],,,,,16.143,6.4
tm361746,Ophelia,MOVIE,"Ophelia comes of age as lady-in-waiting for Queen Gertrude, and her singular spirit captures Hamlet's affections. As lust and betrayal threaten the kingdom, Ophelia finds herself trapped between true love and controlling her own destiny.",2019,PG-13,106,"['drama', 'history', 'romance', 'thriller', 'war']",US,"['GB', 'US']",,tt5690870,6.6,10357,20.745,7.3
tm813695,After We Collided,MOVIE,"Based on the 2014 romance novel of the same name, this follows the love life of two young adults.",2020,R,105,"['romance', 'drama']",US,['US'],,tt10362466,5,29571,163.519,7.3
ts222455,The Devil Next Door,SHOW,"A Cleveland grandfather is brought to trial in Israel, accused of being the infamous Nazi death camp guard known as Ivan the Terrible.",2019,TV-MA,46,"['documentation', 'crime', 'history']",US,"['US', 'IL']",1,tt11165002,7.6,13084,6.216,7.1
tm498034,The Last Blockbuster,MOVIE,"A documentary on the last remaining Blockbuster Video, located in Bend, Oregon.",2020,,86,['documentation'],US,['US'],,tt8704802,6.7,5350,9.637,6.5
tm413660,In the Tall Grass,MOVIE,"After hearing a child screaming for help from the green depths of a vast field of tall grass, Becky, a pregnant woman, and Cal, her brother, park their car near a mysterious abandoned church and recklessly enter the field, discovering that they are not alone and because of some reason they are unable of escaping a completely inextricable vegetable labyrinth.",2019,,102,"['drama', 'thriller', 'horror', 'scifi']",US,"['US', 'CA']",,tt4687108,5.4,54391,17.631,5.5
tm358770,Paradise Hills,MOVIE,"A young woman is sent to Paradise Hills to be reformed, only to learn that the high-class facility's beautiful facade hides a sinister secret.",2019,,95,"['fantasy', 'thriller', 'scifi', 'european']",US,"['ES', 'US']",,tt6127004,5.3,22298,16.364,6
tm845484,Dick Johnson Is Dead,MOVIE,"With this inventive portrait, director Kirsten Johnson seeks a way to keep her 86-year-old father alive forever. Utilizing moviemaking magic and her family’s dark humor, she celebrates Dr. Dick Johnson’s last years by staging fantasies of death and beyond. Together, dad and daughter confront the great inevitability awaiting us all.",2020,PG-13,89,"['documentation', 'drama']",US,['US'],,tt11394180,7.4,6390,7.373,7.4
tm934040,American Murder: The Family Next Door,MOVIE,"Using raw, firsthand footage, this documentary examines the disappearance of Shanann Watts and her children, and the terrible events that followed.",2020,R,83,"['crime', 'documentation']",US,['US'],,tt12987894,7.2,26355,20.519,7.3
tm443154,Rust Creek,MOVIE,"When an overachieving college senior makes a wrong turn, her road trip becomes a life-changing fight for survival in rural Kentucky.",2019,R,108,"['thriller', 'crime', 'drama', 'horror']",US,['US'],,tt6610158,5.9,11136,15.43,6.4
ts236747,Middleditch & Schwartz,SHOW,Comedy duo Thomas Middleditch and Ben Schwartz turn small ideas into epically funny stories in this series of completely improvised comedy specials.,2020,TV-MA,51,['comedy'],US,['US'],1,tt12027034,8.6,5147,3.878,7.8
tm355783,Eli,MOVIE,"A boy named Eli with a rare autoimmune disorder is confined to a special experimental clinic for his treatment. He soon begins experiencing supernatural forces, turning the supposedly safe facility into a haunted prison for him and his fellow patients.",2019,R,98,"['horror', 'thriller', 'drama']",US,['US'],,tt5294518,5.8,34477,20.919,6
ts215691,Teenage Bounty Hunters,SHOW,"After joining forces with a veteran bounty hunter, sixteen-year-old fraternal twin sisters Sterling and Blair dive into the world of bail skipping baddies while still navigating the high stakes of teenage love and sex.",2020,TV-MA,49,"['action', 'drama', 'crime', 'comedy']",US,['US'],1,tt10584608,7.6,10821,27.309,7.9
tm471878,Fatima,MOVIE,"In 1917, outside the parish of Fátima, Portugal, a 10-year-old girl and her two younger cousins witness multiple visitations of the Virgin Mary, who tells them that only prayer and suffering will bring an end to World War I.  As secularist government officials and Church leaders try to force the children to recant their story, word of the sighting spreads across the country, inspiring religious pilgrims to flock to the site in hopes of witnessing a miracle..",2020,PG-13,113,"['drama', 'war']",US,"['PT', 'US']",,tt2197936,6.6,3032,13.318,7.3
tm459742,Sword of Trust,MOVIE,"When Cynthia and Mary show up to collect Cynthia's inheritance from her deceased grandfather, the only item she's received is an antique sword that he believed to be proof that the South won the Civil War.",2019,R,88,"['comedy', 'drama']",US,['US'],,tt8484012,6.3,3558,7.367,5.9
tm918706,The Sleepover,MOVIE,"Two siblings who discover their seemingly normal mom is a former thief in witness protection. Mom is forced to pull one last job, and the kids team up to rescue her over the course of an action-packed night.",2020,,103,"['action', 'family', 'comedy']",US,['US'],,tt10888708,5.6,10198,11.094,6.6
ts251782,High Score,SHOW,"This docuseries traces the history of classic video games, featuring insights from the innovators who brought these worlds and characters to life.",2020,TV-14,42,"['documentation', 'history']",US,['US'],1,tt12759400,7.4,7733,14.827,7.7
tm464351,The Last Thing He Wanted,MOVIE,"At the turning point of the Iran-Contra affair, Elena McMahon, a fearless investigative journalist covering the 1984 US presidential campaign, puts herself in danger when she abandons her assigned task in order to fulfill the last wish of her ailing father, a mysterious man whose past activities she barely knows.",2020,R,116,"['drama', 'thriller', 'crime']",US,"['GB', 'US']",,tt7456312,4.3,14716,17.014,4.9
ts215012,Kipo and the Age of Wonderbeasts,SHOW,A girl explores the possibilities in a post-apocalyptic world.,2020,TV-Y7,24,"['animation', 'action', 'comedy', 'family', 'fantasy', 'scifi']",US,['US'],3,tt10482560,8.3,5293,20.604,8.5
tm453099,Rolling Thunder Revue: A Bob Dylan Story by Martin Scorsese,MOVIE,"Part documentary, part concert film, part fever dream, this film captures the troubled spirit of America in 1975 and the joyous music that Dylan performed during the fall of that year.",2019,,142,"['music', 'documentation', 'history']",US,['US'],,tt9580038,7.6,6550,7.958,7.2
tm925584,The Vanished,MOVIE,"A family vacation takes a terrifying turn when parents Paul and Wendy discover their young daughter has vanished without a trace. Stopping at nothing to find her, the search for the truth leads to a shocking revelation.",2020,R,115,"['thriller', 'crime', 'action']",US,['US'],,tt9794630,5.7,10011,12.671,6
ts225787,Unabomber: In His Own Words,SHOW,"Anchored by a rare interview, this docuseries details Ted Kaczynski's path from a young intellectual to one of the most feared people in US history.",2020,TV-MA,43,"['crime', 'documentation']",US,['US'],1,tt11833494,7.2,3338,3.591,7.4
ts192440,Garth Brooks: The Road I'm On,SHOW,A look at the life and career of Garth Brooks and his wife Trisha Yearwood.,2019,TV-PG,86,"['reality', 'documentation']",US,['US'],1,tt10095402,7.4,285,0.646,10
tm845549,The Reason I Jump,MOVIE,"Based on the book by a non-verbal autistic man, Naoki Higashida, filmmaker Jerry Rothwell examines the lives of five non-speaking, autistic youngsters.",2020,,82,"['documentation', 'drama']",US,"['US', 'GB']",,tt9098928,7.5,802,5.188,7.9
ts223126,The Confession Killer,SHOW,Henry Lee Lucas rose to infamy when he confessed to hundreds of unsolved murders. This docuseries examines the truth -- and horrifying consequences.,2019,TV-14,48,"['crime', 'documentation']",US,['US'],1,tt11307176,7.4,8733,5.575,7.3
tm845512,Horse Girl,MOVIE,"A socially awkward woman with a fondness for arts and crafts, horses, and supernatural crime shows finds her increasingly lucid dreams trickling into her waking life.",2020,R,104,['drama'],US,['US'],,,,,19.692,5.6
tm325325,The Game Changers,MOVIE,"From the UFC Octagon in Las Vegas and the anthropology lab at Dartmouth, to a strongman gym in Berlin and the bushlands of Zimbabwe, the world is introduced to elite athletes, special ops soldiers, visionary scientists, cultural icons, and everyday heroes—each on a mission to create a seismic shift in the way we eat and live.",2019,,88,['documentation'],US,['US'],,tt7455754,7.8,19708,12.707,7.4
ts86726,Tidying Up with Marie Kondo,SHOW,"In a series of inspiring home makeovers, world-renowned tidying expert Marie Kondo helps clients clear out the clutter -- and choose joy.",2019,TV-PG,34,['reality'],US,['US'],1,tt8115560,6.6,3529,7.148,6.8
tm918734,Concrete Cowboy,MOVIE,"Sent to live with his estranged father for the summer, a rebellious teen finds kinship in a tight-knit Philadelphia community of Black cowboys.",2020,R,111,"['western', 'drama']",US,"['US', 'GB']",,tt8846176,6.3,8517,12.41,6.2
tm926004,The Boss Baby: Get That Baby!,MOVIE,Think you've got what it takes to be the boss? This interactive special puts your skills to the test and matches you up with one of 16 jobs at Baby Corp.,2020,,24,['animation'],US,['US'],,,,,46.316,6.9
ts89251,Tales of the City,SHOW,"Mary Ann returns to present-day San Francisco and is reunited with her daughter and ex-husband, twenty years after leaving them behind to pursue her career.  Fleeing the midlife crisis that her picture-perfect Connecticut life created, Mary Ann is quickly drawn back into the orbit of Anna Madrigal, her chosen family and a new generation of queer young residents living at 28 Barbary Lane.",2019,TV-MA,56,['drama'],US,['US'],1,tt7087260,7.4,7715,13.399,7.6
tm437221,Charlie Says,MOVIE,"Three young women were sentenced to death in the infamous Manson murder case, but when the death penalty was lifted, their sentence became life imprisonment. One young graduate student was sent in to teach them - and through her we witness their transformations as they face the reality of their horrific crimes.",2019,R,104,"['crime', 'drama', 'documentation']",US,['US'],,tt1759744,5.9,4256,11.739,5.9
ts105645,Historical Roasts,SHOW,"""Roastmaster General"" Jeff Ross and a slew of guest stars poke fun at major historical figures while also honoring their enduring impact on the world.",2019,TV-MA,29,['comedy'],US,['US'],1,tt9169602,5.3,1675,2.383,6.3
tm817504,1BR,MOVIE,"When Sarah lucks into a sweet one-bedroom at Asilo Del Mar Apartments in Los Angeles, she think she's hit the jackpot. It's got plenty of space, friendly tenants, group BBQs and even a cute neighbour next door. All is not what it seems: loud noises start keeping her awake at night; her cat is missing; everyone seems to be a little too helpful and friendly, except for the weirdo, Lester. Soon, Sarah learns she didn't choose this apartment — it chose her.",2019,,90,"['horror', 'thriller', 'drama']",US,['US'],,tt7541106,5.8,11983,15.734,6.2
tm827216,Bill Burr: Paper Tiger,MOVIE,"Comedian Bill Burr talks male feminists, outrage culture, robot sex, and cultural appropriation in this standup comedy special shot in London.",2019,,67,['comedy'],US,"['GB', 'US']",,tt10847306,8.1,10649,6.247,7.3
tm369389,The Silence of Others,MOVIE,"The story of the tortuous struggle against the silence of the victims of the dictatorship imposed by General Franco after the victory of the rebel side in the Spanish Civil War (1936-1975). In a democratic country, but still ideologically divided, the survivors seek justice as they organize the so-called “Argentinian lawsuit” and denounce the legally sanctioned pact of oblivion that intends to hide the crimes they were subjects of.",2019,,95,"['documentation', 'history', 'european']",US,"['FR', 'ES', 'US', 'CA']",,tt8099236,8,2048,10.349,8.2
ts252856,Challenger: The Final Flight,SHOW,"Engineers, officials and the crew members' families provide their perspective on the 1986 Space Shuttle Challenger disaster and its aftermath.",2020,TV-14,45,"['documentation', 'history']",US,['US'],1,tt12930534,7.8,6778,18.289,7.2
tm471967,Lost Girls,MOVIE,"When Mari Gilbert's daughter disappears, police inaction drives her own investigation into the gated Long Island community where Shannan was last seen. Her search brings attention to over a dozen murdered sex workers.",2020,R,95,"['thriller', 'crime', 'drama']",US,['US'],,tt3111426,6.1,21040,14.136,6.1
tm974366,We Can Be Heroes,MOVIE,"When alien invaders capture Earth's superheroes, their kids must learn to work together to save their parents - and the planet.",2020,PG,97,"['fantasy', 'comedy', 'family', 'action', 'drama']",US,['US'],,tt10600398,4.7,14401,141.099,6.2
ts215178,Grand Army,SHOW,"The drama series tells the story of five high school students as they struggle with sexual, racial and economic politics and fight to succeed and become somebody.",2020,TV-MA,52,['drama'],US,['US'],1,tt10473150,7.5,6279,20.845,8
ts93066,The I-Land,SHOW,"When ten people wake up on a treacherous island with no memory of who they are and how they got there, they set off on a trek to try to get back home, only to discover the world is not as it seems.",2019,TV-MA,40,"['drama', 'scifi', 'reality']",US,['US'],1,tt9070436,4.6,16918,15.848,5.7
ts223759,Killer Inside: The Mind of Aaron Hernandez,SHOW,"Via interviews with friends, players and insiders, this docuseries examines how Aaron Hernandez went from an NFL star to a convicted killer.",2020,TV-MA,67,"['crime', 'documentation', 'sport']",US,['US'],1,tt11475228,7.4,16649,8.676,7.4
tm455568,Paddleton,MOVIE,An unlikely friendship between two neighbors becomes an unexpectedly emotional journey when the younger man is diagnosed with terminal cancer.,2019,R,89,"['drama', 'comedy']",US,['US'],,tt8041276,7.1,13419,8.112,7
ts219162,Inside Bill's Brain: Decoding Bill Gates,SHOW,"This three-part documentary tells Bill Gates’ life story, in-depth and unfiltered, as he pursues unique solutions to some of the world’s most complex problems.",2019,TV-14,50,['documentation'],US,['US'],1,tt10837476,7.9,10776,7.648,7.6
tm952590,What Lies Below,MOVIE,"Liberty, a socially awkward 16-year-old, returns from two months at camp to a blindsided introduction of her mother’s fiancé, John Smith, whose charm, intelligence, and beauty paint the picture of a man too perfect to be human.",2020,,87,"['horror', 'thriller', 'scifi']",US,['US'],,tt9264728,4.3,8125,37.485,5.3
tm931686,Vampires vs. the Bronx,MOVIE,Three gutsy kids from a rapidly gentrifying Bronx neighborhood stumble upon a sinister plot to suck all the life from their beloved community.,2020,PG-13,86,"['comedy', 'horror']",US,['US'],,tt8976576,5.7,9627,9.968,5.9
ts254592,Song Exploder,SHOW,Get inspired as musicians dig deep into the creative process of songwriting and reveal their intimate thoughts in a series based on the hit podcast.,2020,TV-MA,27,"['documentation', 'music']",US,['US'],2,tt13110256,7.4,758,3.099,8
ts81646,Chambers,SHOW,"Consumed by the mystery surrounding the donor heart that saved her life, a young patient starts taking on sinister characteristics of the deceased.",2019,TV-MA,44,"['drama', 'thriller', 'fantasy', 'horror']",US,['US'],1,tt7949204,6.4,8380,14.065,6.9
ts219561,"The Mind, Explained",SHOW,"Ever wonder what's happening inside your head? From dreaming to anxiety disorders, discover how your brain works with this illuminating series.",2019,TV-14,21,['documentation'],US,['US'],2,tt10810430,8,5230,7.127,7.8
ts272134,Transformers: War for Cybertron: Earthrise,SHOW,"While Megatron takes drastic measures to save the Decepticons, the Autobots fight to save all of Cybertron from both on the planet and aboard the Ark.",2020,TV-Y7,24,"['action', 'scifi']",US,['US'],1,,,,11.742,8.1
ts91039,The Chef Show,SHOW,"Writer, director and food enthusiast Jon Favreau and chef Roy Choi explore food in and out of the kitchen with accomplished chefs and celebrity friends.",2019,TV-MA,26,['documentation'],US,['US'],2,tt10359446,8.2,5025,14.612,7.8
tm935895,The Life Ahead,MOVIE,"In seaside Italy, a Holocaust survivor with a daycare business takes in a 12-year-old street kid who recently robbed her.",2020,PG-13,94,"['drama', 'european']",US,"['US', 'IT']",,tt10627584,6.8,14021,8.893,6.7
tm447159,The Kindness of Strangers,MOVIE,"Clara and her two sons escape from her abusive husband with little more than their car and plan to start over in New York. After the car towed away, the family meets Alice, who gets them into an emergency shelter. While stealing food at a Russian restaurant called ‘Winter Palace’, Clara meets Marc, who has been given the chance to help the old eatery regain its former glory. The ‘Winter Palace’ soon becomes a place of unexpected encounters between people who are all undergoing some sort of crisis and whom fate has now brought together.",2019,,112,"['drama', 'european']",US,"['US', 'FR', 'SE', 'GB', 'DE', 'DK', 'CA']",,tt6515910,6.4,3515,7.398,6.5
tm852996,Captain Underpants: Epic Choice-o-rama,MOVIE,"In this interactive special, Harold and George need your decision-making skills to stop Krupp from blowing their beloved treehouse to smithereens.",2020,,37,"['fantasy', 'comedy', 'family', 'scifi', 'animation', 'action']",US,['US'],,tt11604750,6.4,80,4.947,8.5
tm676311,Sightless,MOVIE,"After an attack renders her blind, Ellen Ashland withdraws from the world to recover. But soon she plunges into paranoia, unable to convince anyone that her assailant has returned to terrorize her by hiding in plain sight.",2020,,89,"['drama', 'thriller', 'horror']",US,['US'],,tt10303430,5.5,8113,12.49,7
tm893480,Project Power,MOVIE,"An ex-soldier, a teen and a cop collide in New Orleans as they hunt for the source behind a dangerous new pill that grants users temporary superpowers.",2020,R,111,"['action', 'crime', 'scifi', 'thriller']",US,['US'],,tt7550000,6,83973,24.787,6.6
ts250912,Fear City: New York vs The Mafia,SHOW,"New York City in the 1970s was ruled with a bloody fist by five mafia families, until a group of federal agents tried the unthinkable: taking them down.",2020,TV-MA,52,"['crime', 'documentation']",US,['US'],1,tt12588372,7.1,7215,9.525,6.9
ts190462,Gentefied,SHOW,The Morales cousins scramble to save their grandfather's taco shop - and pursue their own dreams - as gentrification shakes up their LA neighborhood.,2020,TV-MA,30,"['comedy', 'drama']",US,['US'],2,tt10037034,7.3,2641,11.096,7.8
ts105542,The Baker and the Beauty,SHOW,A blue-collar baker strikes up a relationship with an international superstar. US version of the Israeli romantic comedy series 'The Baker and the Beauty'.,2020,TV-14,44,"['romance', 'comedy', 'drama']",US,['US'],1,tt9164986,7.5,4160,12.087,8.1
tm420455,Rim of the World,MOVIE,"Stranded at a summer camp when aliens attack the planet, four teens with nothing in common embark on a perilous mission to save the world.",2019,PG,99,"['comedy', 'scifi', 'action']",US,['US'],,tt8179388,5.2,23651,15.126,6
tm924991,Death of Me,MOVIE,"A couple on holiday on a remote South Pacific island awaken one morning with a hang over and no recollection of what transpired. When playing back a video of the previous night, they see they participated in a local ritual that somehow ends with him murdering her.",2020,R,95,"['horror', 'thriller']",US,"['TH', 'US']",,tt1830643,4.4,6041,42.246,5
tm846964,A Fall from Grace,MOVIE,"When a law-abiding woman gets indicted for murdering her husband, her lawyer soon realizes that a larger conspiracy may be at work.",2020,,120,"['fantasy', 'thriller', 'drama']",US,['US'],,tt11390036,5.8,15029,12.851,7.1
tm436778,The Best of Enemies,MOVIE,"Centers on the unlikely relationship between Ann Atwater, an outspoken civil rights activist, and C.P. Ellis, a local Ku Klux Klan leader who reluctantly co-chaired a community summit, battling over the desegregation of schools in Durham, North Carolina during the racially-charged summer of 1971. The incredible events that unfolded would change Durham and the lives of Atwater and Ellis forever.",2019,PG-13,133,"['drama', 'history']",US,['US'],,tt4807408,7.3,16441,18.706,7.4
ts223589,"Sex, Explained",SHOW,"From the biology of attraction to the history of birth control, explore the ins and outs of sex in this entertaining and enlightening series.",2020,TV-MA,22,['documentation'],US,['US'],1,tt11390530,6.9,3177,30.704,6.6
tm847998,Hubie Halloween,MOVIE,"Hubie Dubois, despite his devotion to his hometown of Salem, Massachusetts (and its legendary Halloween celebration), is a figure of mockery for kids and adults alike. But this year, something really is going bump in the night, and it’s up to Hubie to save Halloween.",2020,PG-13,103,"['thriller', 'horror', 'fantasy', 'comedy']",US,['US'],,tt10682266,5.2,47588,13.584,6
ts275111,Rainbow High,SHOW,7 girls at Rainbow High must face challenges and learn to flaunt their true colors.,2020,TV-Y,6,"['comedy', 'family', 'animation']",US,['US'],3,tt13488080,6.4,116,5.195,9.8
tm814671,Secret Obsession,MOVIE,"Recuperating from trauma, Jennifer remains in danger as she returns to a life she doesn't remember.",2019,,97,"['thriller', 'drama']",US,['US'],,tt9419834,4.4,21011,16.496,5.5
tm885775,Unbreakable Kimmy Schmidt: Kimmy vs. the Reverend,MOVIE,Kimmy's a famous author and she's about to marry a prince! But first she has to foil the Reverend's evil plot. It's your move: What should Kimmy do next?,2020,PG-13,80,"['comedy', 'romance', 'scifi']",US,['US'],,tt10324166,7,5211,8.216,6.5
ts88721,Special,SHOW,A gay man with mild cerebral palsy decides to rewrite his identity as an accident victim and finally go after the life he wants.,2019,TV-MA,26,"['comedy', 'drama']",US,['US'],2,tt9381622,7.6,9202,7.726,6.8
ts103209,Exhibit A,SHOW,"It centers on disgraced former prosecutor, Andrew Cho, whose career is sabotaged by the corrupt power brokers he's working to take down. But in losing everything, Andrew discovers something new: a life of purpose.",2019,TV-14,36,"['crime', 'family', 'documentation']",US,['US'],1,tt10376904,6.3,1030,6.77,7.4
tm465724,See You Yesterday,MOVIE,"As two teen prodigies try to master the art of time travel, a tragic police shooting sends them on a series of dangerous trips to the past.",2019,,87,"['drama', 'action', 'crime', 'scifi', 'thriller']",US,['US'],,tt8743064,5.2,10663,8.034,5.6
ts242820,Floor is Lava,SHOW,"Teams compete to navigate rooms flooded with lava by leaping from chairs, hanging from curtains and swinging from chandeliers.",2020,TV-Y7,30,['reality'],US,['US'],2,tt12370124,5.3,2135,5.828,8
tm845415,Miss Americana,MOVIE,"A raw and emotionally revealing look at one of the most iconic artists of our time during a transformational period in her life as she learns to embrace her role not only as a songwriter and performer, but as a woman harnessing the full power of her voice.",2020,R,85,"['documentation', 'music']",US,['US'],,tt11388580,7.4,19151,19.363,7.9
tm827142,Dave Chappelle: Sticks & Stones,MOVIE,"Dave Chappelle takes on gun culture, the opioid crisis and the tidal wave of celebrity scandals in this defiant stand-up special.",2019,R,65,['comedy'],US,['US'],,tt10810424,8.4,25687,12.023,7.7
ts227385,Transformers: War for Cybertron: Siege,SHOW,"On their dying planet, the Autobots and Decepticons battle fiercely for control of the AllSpark in the Transformers universe's origin story.",2020,TV-14,13,['scifi'],US,['US'],3,,,,34.608,7.6
tm922788,The Babysitter: Killer Queen,MOVIE,"Two years after defeating a satanic cult led by his babysitter Bee, Cole's trying to forget his past and focus on surviving high school. But when old enemies unexpectedly return, Cole will once again have to outsmart the forces of evil.",2020,R,142,"['horror', 'comedy']",US,['US'],,tt11024272,5.8,37462,46.405,6.5
tm459512,To All the Boys: P.S. I Still Love You,MOVIE,Lara Jean and Peter have just taken their romance from pretend to officially real when another recipient of one of her love letters enters the picture.,2020,PG-13,102,"['romance', 'comedy', 'drama']",US,['US'],,tt9354842,6,37072,28.885,6.9
tm822246,The Forty-Year-Old Version,MOVIE,"Radha is a down-on-her-luck NY playwright, who is desperate for a breakthrough before 40. Reinventing herself as rapper RadhaMUSPrime, she vacillates between the worlds of Hip Hop and theater in order to find her true voice.",2020,R,123,"['comedy', 'drama']",US,['US'],,tt10642834,7.2,4940,6.271,6.8
tm315348,Triple Threat,MOVIE,"A crime syndicate places a hit on a billionaire's daughter, making her the target of an elite assassin squad. A small band of down-and-out mercenaries protects her, fighting tooth and nail to stop the assassins from reaching their target.",2019,R,96,"['thriller', 'action']",US,"['US', 'CN', 'TH']",,tt6644602,5.6,11115,35.141,6.3
tm446625,Miles Davis: Birth of the Cool,MOVIE,"A visionary, innovator, and originator who defied categorization and embodied the word cool—a foray into the life and career of musical and cultural icon Miles Davis.",2019,,115,"['documentation', 'music']",US,['US'],,tt9358200,7.4,1771,7.782,7.3
tm827501,Tall Girl,MOVIE,"Jodi, the tallest girl in her high school, has always felt uncomfortable in her own skin. But after years of slouching, being made fun of, and avoiding attention at all costs, Jodi finally decides to find the confidence to stand tall.",2019,PG,101,"['comedy', 'drama', 'family', 'romance']",US,['US'],,tt9252508,5.2,23071,46.356,6.4
ts225544,The Trials of Gabriel Fernandez,SHOW,A boy’s brutal murder and the public trials of his guardians and social workers prompt questions about the system’s protection of vulnerable children.,2020,TV-MA,55,"['crime', 'documentation']",US,['US'],1,tt11822998,8.1,10982,10.689,7.5
tm428558,High Flying Bird,MOVIE,"During an NBA lockout, a sports agent, Ray Burke, presents his rookie client, Erick Scott, with an intriguing and controversial business opportunity.",2019,,90,"['drama', 'sport']",US,['US'],,tt8128188,6.2,8514,8.774,5.7
ts84586,Spinning Out,SHOW,"Kat Baker is an up-and-coming, high-level single skater who is about to turn in her skates after a disastrous fall. When Kat seizes an opportunity to continue her career as a pair skater with a talented bad-boy partner, she risks exposing a fiercely kept secret that could unravel her entire life.",2020,TV-MA,50,"['drama', 'sport']",US,['US'],1,tt9117054,7.6,13692,22.568,8.2
tm822907,Patsy & Loretta,MOVIE,A story of the close friendship of country music stars Patsy Cline and Loretta Lynn.,2019,,88,"['drama', 'music']",US,['US'],,tt10016704,6.8,1000,3.459,6.6
ts87986,Dolly Parton's Heartstrings,SHOW,"Eight stories celebrating family, faith, love and forgiveness come to life in this series inspired by Dolly Parton's iconic country music catalog.",2019,TV-14,67,"['drama', 'comedy', 'music']",US,['US'],1,tt8509922,7.6,2107,9.184,7.5
tm854669,Taylor Tomlinson: Quarter-Life Crisis,MOVIE,"Comedian Taylor Tomlinson is halfway through her 20s — and she's over it. From dating losers to a failed engagement, she takes aim at her life choices.",2020,,61,['comedy'],US,['US'],,tt11738792,7.4,3595,6.145,7.4
tm914535,2 Hearts,MOVIE,"When illness strikes two people who are polar opposites, life and death bring them together in surprising ways.",2020,PG-13,100,"['romance', 'drama']",US,['US'],,tt5616176,6.2,3365,15.428,7.7
tm845535,Coded Bias,MOVIE,"Exploring the fallout of MIT Media Lab researcher Joy Buolamwini's startling discovery that facial recognition does not see dark-skinned faces accurately, and her journey to push for the first-ever legislation in the U.S. to govern against bias in the algorithms that impact us all.",2020,,86,['documentation'],US,"['GB', 'US', 'CN']",,tt11394170,6.7,2217,4.601,7.3
ts251094,Indian Matchmaking,SHOW,"Matchmaker Sima Taparia guides clients in the U.S. and India in the arranged marriage process, offering an inside look at the custom in a modern era.",2020,TV-14,35,"['reality', 'documentation', 'romance']",US,"['IN', 'US']",1,tt12580168,6.2,3049,3.185,9
tm948128,Audrey,MOVIE,"An intimate look at Audrey Hepburn's life, with access to exclusive never-before-seen footage from her family's personal collection, providing an unprecedented and insightful view on Audrey, her life and her dreams, aspirations and her everlasting legacy.",2020,PG,100,"['documentation', 'history']",US,"['CH', 'US']",,tt10731386,7.1,1867,6.316,7.1
tm853396,Dragonheart: Vengeance,MOVIE,"Lukas, a young farmer whose family is killed by savage raiders in the countryside, sets out on an epic quest for revenge, forming an unlikely trio with a majestic dragon and a swashbuckling, sword-fighting mercenary, Darius.",2020,PG-13,97,"['fantasy', 'european']",US,['US'],,,,,48.702,7
ts288350,Julie and the Phantoms,SHOW,Teenage Julie finds her passion for music and life while helping the Phantoms -- a trio of ghostly guys -- become the band they were never able to be.,2020,TV-G,2,"['scifi', 'music', 'comedy', 'drama', 'family', 'fantasy', 'documentation']",US,['US'],1,tt10183988,8.4,9461,16.219,8.6
tm464557,The Perfect Date,MOVIE,"No beau? No problem! To earn money for college, a high schooler creates a dating app that lets him act as a stand-in boyfriend.",2019,PG-13,93,"['romance', 'comedy']",US,['US'],,tt8201170,5.8,37913,26.678,6.5
tm469008,How High 2,MOVIE,"When two jobless friends discover a hidden weed bible and the ultimate bud, they think that they’ve got it made…with 'seed' money to start a new snack delivery app. But, when nearly all of their stash and weed bible are stolen, the two potpreneurs set off on an outrageous, mind-bending adventure through Atlanta to find them. Stoned with supernatural powers, they search 'high' and low, stopping at nothing to recover their ticket to starting a legit business.",2019,,89,['comedy'],US,['US'],,tt8861802,3,1097,17.937,6.5
tm928541,Barbie: Princess Adventure,MOVIE,"With new friends in a new kingdom, Barbie learns what it means to be herself when she trades places with a royal lookalike in this musical adventure.",2020,G,72,"['music', 'animation', 'family']",US,['US'],,tt12767498,5.4,442,72.312,7.4
tm444247,This Changes Everything,MOVIE,"An investigative look and analysis of gender disparity in Hollywood, featuring accounts from well-known actors, executives and artists in the Industry.",2019,PG,97,['documentation'],US,['US'],,tt5795282,7.6,1507,6.284,6.3
ts224072,Self Made: Inspired by the Life of Madam C.J. Walker,SHOW,"This limited series chronicles the incredible true story of Madam C.J. Walker, who was the first African American self-made millionaire.",2020,TV-MA,47,"['drama', 'history']",US,['US'],1,tt8771910,7.3,11586,15.211,7.5
ts83107,V Wars,SHOW,"After a mysterious disease begins transforming people into vampires, Dr. Luther Swann is pitted against his best friend, now a powerful vampire leader.",2019,TV-MA,42,"['scifi', 'drama', 'horror']",US,['US'],1,tt7403736,6.1,13531,25.554,7.8
tm467579,The Last Summer,MOVIE,"Standing on the precipice of adulthood, a group of friends navigate new relationships, while reexamining others, during their final summer before college.",2019,,109,"['comedy', 'romance']",US,['US'],,,,,16.247,6
tm500565,Friendsgiving,MOVIE,"Molly and Abbey, along with their crew of close friends and acquaintances, host a dysfunctional, comical and chaotic Thanksgiving dinner.",2020,R,95,"['comedy', 'drama']",US,['US'],,tt8431078,4.4,2782,7.559,4.7
tm452826,Poms,MOVIE,A woman moves into a retirement community and starts a cheerleading squad with her fellow residents.,2019,PG-13,91,"['comedy', 'drama', 'sport']",US,"['US', 'GB']",,tt5125894,6,6085,11.395,6.6
tm475836,The Lonely Island Presents: The Unauthorized Bash Brothers Experience,MOVIE,The Lonely Island spoofs Jose Canseco and Mark McGwire in this visual rap album set in the Bash Brothers' 1980s heyday.,2019,,30,['comedy'],US,['US'],,tt10376068,,,7.367,6.2
ts251067,The Baby-Sitters Club,SHOW,"In this contemporary take on the beloved book series, five best friends launch a baby-sitting business that's big on fun and adventure.",2020,TV-G,27,"['family', 'comedy', 'drama']",US,['US'],2,tt8690518,7.3,3786,25.625,8
tm451512,Close,MOVIE,"A counter-terrorism expert takes a job protecting a young heiress. After an attempted kidnapping puts both of their lives in danger, they must flee.",2019,R,95,"['thriller', 'action', 'drama']",US,"['GB', 'US']",,tt6896584,5.7,24063,16.264,5.8
ts219895,Tiny Pretty Things,SHOW,"Follows the world of an elite ballet academy, and charts the rise and fall of young adults who live far from their homes, each standing on the verge of greatness or ruin.",2020,TV-MA,56,"['thriller', 'drama']",US,['US'],1,tt10767748,5.9,9115,43.351,7.7
ts84129,No Good Nick,SHOW,"A family finds their lives turned upside down when a young, street-smart grifter shows up on their doorstep, claiming to be a distant relative.",2019,TV-PG,30,"['comedy', 'drama', 'family']",US,['US'],2,tt9039142,6,2843,26.449,7.1
ts76382,Carmen Sandiego,SHOW,"A master thief who uses her skills for good, Carmen Sandiego travels the world foiling V.I.L.E.'s evil plans -- with help from her savvy sidekicks.",2019,TV-Y7,23,"['action', 'crime', 'animation', 'thriller', 'family']",US,['US'],4,tt7042146,7.9,5557,24.674,8.1
ts104449,The Liberator,SHOW,The true story of one of the bloodiest battles of World War II.,2020,TV-MA,49,"['animation', 'action', 'drama', 'war']",US,['US'],1,tt9308682,7.6,5942,22.812,7.2
ts237096,Trial by Media,SHOW,"In this true crime docuseries, some of the most dramatic trials of all time are examined with an emphasis on how the media may have impacted verdicts.",2020,TV-MA,62,"['crime', 'documentation']",US,['US'],1,tt11963042,7.1,3096,4.405,7.2
ts251617,Connected,SHOW,"Science journalist Latif Nasser investigates the surprising and intricate ways in which we are connected to each other, the world and the universe.",2020,TV-14,44,"['documentation', 'comedy']",US,['US'],1,tt12753692,7.5,1704,2.839,8
tm475783,Jo Koy: Comin’ In Hot,MOVIE,"Comedian Jo Koy takes center stage in Hawaii and shares his honest take on island life, ethnicity, fatherhood and more.",2019,,60,['comedy'],US,['US'],,tt10377036,7.3,986,4.273,7.1
tm855600,The Stand In,MOVIE,"When ordered to serve a year in rehab, actress Candy hires her on-set stand-in to take her place. The unassuming woman flips the script and steals her identity, career and boyfriend in this hilarious comedy about trading places.",2020,R,101,"['comedy', 'drama']",US,['US'],,tt7970348,4.7,3380,9.035,5.6
tm827508,The Boys in the Band,MOVIE,"At a birthday party in 1968 New York, a surprise guest and a drunken game leave seven gay friends reckoning with unspoken feelings and buried truths.",2020,R,121,['drama'],US,['US'],,tt10199914,6.8,14938,7.857,6.9
ts88312,The Eddy,SHOW,"The owner of a Paris jazz club gets tangled up with dangerous criminals as he fights to protect his business, his band and his teenage daughter.",2020,TV-MA,58,"['drama', 'music', 'thriller']",US,"['FR', 'US']",1,tt7322210,7.1,2908,7.469,6.6
tm120072,Let It Snow,MOVIE,"When a huge blizzard (that doesn't show signs of stopping) hits, Gracetown is completely snowed in. But even though it's cold outside, things are heating up inside, proving that Christmas is magical when it comes to love.",2019,PG-13,93,"['comedy', 'romance']",US,['US'],,tt1950235,5.8,21515,12.098,6.1
tm462903,Backdraft 2,MOVIE,"Years after the original Backdraft, Sean, son of the late Steve ""Bull"" McCaffrey, is assigned to investigate a deadly fire only to realize it is something much more sinister.",2019,R,102,['drama'],US,"['US', 'BE']",,,,,19.812,6.6
tm845437,Disclosure,MOVIE,"An investigation of how Hollywood's fabled stories have deeply influenced how Americans feel about transgender people, and how transgender people have been taught to feel about themselves.",2020,,107,['documentation'],US,['US'],,tt8637504,8.2,5301,12.967,8.2
tm981451,Death to 2020,MOVIE,"2020: A year so [insert adjective of choice here], even the creators of Black Mirror couldn't make it up… but that doesn't mean they don't have a little something to add. This comedy event that tells the story of the dreadful year that was — and perhaps still is? The documentary-style special weaves together some of the world's most (fictitious) renowned voices with real-life archival footage.",2020,,71,['comedy'],US,"['GB', 'US']",,tt13567480,6.8,38301,12.812,6.6
tm855827,Pete Davidson: Alive from New York,MOVIE,"Comedian and ""SNL"" star Pete Davidson drops a candid and intimate stand-up special shot live in New York City.",2020,,49,['comedy'],US,['US'],,tt11474156,6.1,4072,6.413,6.2
tm511940,Lying and Stealing,MOVIE,"Ivan steals art for the Greek. He wants out but can he? He meets an actress at 2 of his ""jobs"". She has her own problems but helps him.",2019,R,100,"['crime', 'drama', 'comedy']",US,['US'],,tt7558302,5.4,5596,22.681,6
tm890674,Becoming,MOVIE,"Join former first lady Michelle Obama in an intimate documentary looking at her life, hopes and connection with others.",2020,PG,89,['documentation'],US,['US'],,tt12221748,6.8,6305,10.73,7.5
tm524282,Invader ZIM: Enter the Florpus,MOVIE,"ZIM discovers his almighty leaders never had any intention of coming to Earth and he loses confidence in himself for the first time in his life, which is the big break his human nemesis, Dib has been waiting for.",2019,,71,"['drama', 'family', 'horror', 'action', 'fantasy', 'animation', 'comedy', 'scifi', 'thriller']",US,['US'],,tt6744342,7.4,5656,14.179,7.5
tm881162,Athlete A,MOVIE,Follow the Indianapolis Star reporters that broke the story about USA Gymnastics doctor Larry Nassar's abuse and hear from gymnasts.,2020,PG-13,104,"['documentation', 'crime', 'sport']",US,['US'],,tt11905462,7.6,10544,11.436,7.7
ts93482,The Last Kids on Earth,SHOW,"Young teenager Jack Sullivan and a group of friends live in a decked-out tree house, playing video games, eating candy, and fighting zombies in the aftermath of a monster apocalypse.",2019,,58,"['animation', 'comedy', 'family', 'horror', 'scifi']",US,['US'],4,tt8914012,7.3,1293,19.346,8.4
ts236033,#blackAF,SHOW,A father takes an irreverent and honest approach to parenting and relationships.,2020,TV-MA,35,['comedy'],US,['US'],1,,,,4.274,7.1
tm877456,9to5: The Story of A Movement,MOVIE,"A campaign against the abuse of female workers by their male bosses, which starts in early 1970s Cleveland, leads to a popular fiction film with Fonda, Parton and Tomlin.",2020,,89,"['documentation', 'history']",US,['US'],,tt11753730,7.4,228,4.76,6.6
ts236725,Lenox Hill,SHOW,From birth to brain surgery: This docuseries provides an intimate look at the lifesaving work of four doctors at Lenox Hill Hospital in NYC.,2020,TV-MA,50,['documentation'],US,['US'],1,tt12190580,8.7,2276,8.216,6.8
tm884511,The Lost Husband,MOVIE,"Trying to put her life back together after the death of her husband, Libby and her children move to her estranged Aunt's goat farm in central Texas.",2020,PG-13,109,"['romance', 'drama']",US,['US'],,tt4257940,6.1,4578,10.492,7.1
tm430171,Screwball,MOVIE,Investigates the MLB's infamous doping scandal involving a nefarious clinician and his most famous client: the New York Yankees' Alex Rodriguez.,2019,,105,"['documentation', 'history']",US,['US'],,tt8819596,7.1,1678,4.033,6.2
tm936396,Holidate,MOVIE,"Fed up with being single on holidays, two strangers agree to be each other's platonic plus-ones all year long, only to catch real feelings along the way.",2020,,103,"['romance', 'comedy']",US,['US'],,tt9866072,6.1,61924,17.732,7.1
tm858001,Only,MOVIE,"After a comet releases a mysterious virus that begins to kill all of the women in the world, a young couple's relationship is severely tested. They hide out (from both the illness and the savages who hunt the remaining women) in their over-sterilized apartment. Ultimately the duo escapes their self-imposed quarantine to head to the wilderness.",2020,R,98,"['romance', 'horror', 'thriller', 'drama', 'action', 'family']",US,['US'],,,,,5.929,5.5
tm424074,Then Came You,MOVIE,An American hypochondriac who is working as a baggage handler is forced to confront his fears when a British teenager with a terminal illness enlists him to help her carry out her eccentric bucket list.,2019,PG-13,93,"['comedy', 'drama']",US,['US'],,tt4859168,6.9,12356,18.449,7.5
ts222917,Kevin Hart: Don't F**k This Up,SHOW,"Amid turmoil in his career and marriage, comedian and film star Kevin Hart opens up about his personal breakthroughs as he navigates crises and fame.",2019,TV-MA,40,['documentation'],US,['US'],1,tt11313054,6.4,2009,1.838,6.1
tm469400,Brené Brown: The Call to Courage,MOVIE,"Brené Brown is a research professor at the University of Houston Graduate College of Social Work. She has spent more than a decade studying vulnerability, courage, authenticity and shame. With two TED talks under her belt, Brené Brown brings her humor and empathy to Netflix to discuss what it takes to choose courage over comfort in a culture defined by scarcity, fear and uncertainty.",2019,,76,"['documentation', 'drama']",US,['US'],,tt10050766,7.7,1516,4.22,7.1
tm467299,Anthony Jeselnik: Fire in the Maternity Ward,MOVIE,"Forging his own comedic boundaries, Anthony Jeselnik revels in getting away with saying things others can't in this stand-up special shot in New York.",2019,,64,['comedy'],US,['US'],,tt10050780,7.2,3547,4.938,7
tm843768,John Mulaney & The Sack Lunch Bunch,MOVIE,"John Mulaney and his kid pals tackle existential topics for all ages with catchy songs, comedy sketches and special guests in a nostalgic variety special.",2019,,70,"['comedy', 'family', 'music']",US,['US'],,tt11318624,7.4,3498,6.786,7.1
tm458721,Amy Schumer: Growing,MOVIE,"Amy Schumer's live stand-up set performed in Chicago where she jokes about marriage, pregnancy and personal growth.",2019,,61,['comedy'],US,['US'],,tt9770590,5.4,3812,5.715,6.2
tm571805,Otherhood,MOVIE,"A grounded, soulful, celebratory comedy about three mothers and their adult sons. The film explores the stage after motherhood, Otherhood, when you have to redefine your relationship with your children, friends, spouse, and most importantly, yourself.",2019,R,100,['comedy'],US,"['US', 'GB']",,tt4180560,6.1,11048,12.353,6.2
tm848995,Jingle Jangle: A Christmas Journey,MOVIE,"An imaginary world comes to life in a holiday tale of an eccentric toymaker, his adventurous granddaughter, and a magical invention that has the power to change their lives forever.",2020,PG,122,"['music', 'family', 'fantasy']",US,['US'],,tt7736496,6.5,18274,37.658,6.6
ts237208,The Big Flower Fight,SHOW,"Ten pairs of florists, sculptors and garden designers face off in a friendly floral fight to see who can build the biggest, boldest garden sculptures.",2020,,39,['reality'],US,"['GB', 'US']",1,tt12200714,7.4,1178,3.672,6.9
ts251157,Wizards: Tales of Arcadia,SHOW,"Merlin’s apprentice joins Arcadia’s heroes on a time-bending adventure in Camelot, where conflict is brewing between the human, troll and magical worlds.",2020,TV-Y7,24,"['action', 'scifi']",US,['US'],1,,,,34.615,8.3
ts218803,Diagnosis,SHOW,Dr. Lisa Sanders crowdsources diagnoses for mysterious and rare medical conditions in a documentary series based on her New York Times Magazine column.,2019,,47,"['documentation', 'reality']",US,['US'],2,tt8997426,,,1.585,7.9
tm463385,Framing John DeLorean,MOVIE,"A documentary interspersed with acted scenes, this portrait of John DeLorean covers the brilliant but tragically flawed automaker's rise to stardom and shocking down fall.",2019,,109,"['drama', 'documentation']",US,['US'],,tt6256978,6.5,2287,8.306,6.2
tm826563,A Cinderella Story: Christmas Wish,MOVIE,"Kat is an aspiring singer-songwriter who dreams of making it big. However, her dreams are stalled by her reality: a conniving and cruel stepfamily  and a demoralizing job working as a singing elf at billionaire Terrence Wintergarden’s Santa Land.",2019,PG,93,['romance'],US,['US'],,tt10326928,5.3,,18.575,6.5
ts226602,How to Fix a Drug Scandal,SHOW,"The four-part docuseries revolves around Amherst, Massachusetts, drug lab chemist Sonja Farak who became addicted to the narcotics she was supposed to be testing. In covering her tracks, Farak falsified thousands of results and opened the door to overturning hundreds of wrongful convictions.",2020,TV-MA,53,"['crime', 'documentation']",US,['US'],1,tt11958942,7,3232,2.716,7.3
tm823355,Inside Man: Most Wanted,MOVIE,An NYPD hostage negotiator teams up with a federal agent to rescue dozens of tourists held hostage during a 10-hour seige at the U.S. Federal Reserve.,2019,R,106,"['thriller', 'action', 'crime']",US,['US'],,tt7832848,5.6,3927,14.613,6.7
ts255880,Dream Home Makeover,SHOW,"Dreams come true for real families looking for the perfect home tailored to their own unique style, thanks to Shea and Syd McGee of Studio McGee.",2020,TV-G,27,['reality'],US,['US'],2,tt13161310,5.5,1078,3.903,7.8
ts220552,Power Players,SHOW,"A young boy who gains the powers to turn from human a living toy must protect his bracelets, which give him his powers, from the hands of evil, toys come to life.",2019,,11,"['scifi', 'animation', 'action', 'comedy', 'fantasy']",US,"['US', 'FR']",1,tt10895604,5.9,84,3.367,
ts111206,Fast & Furious Spy Racers,SHOW,A team of teenage street racers are hired to infiltrate a criminal gang.,2019,,26,"['comedy', 'crime', 'drama', 'family', 'animation', 'action']",US,['US'],6,tt8322592,5.7,1444,66.94,6.9
ts296153,Ashley Garcia: Genius in Love,SHOW,15-year-old scientist Ashley Garcia explores the great unknown of modern teendom after moving across the country to pursue a career in robotics.,2020,TV-PG,30,['comedy'],US,['US'],3,tt10380934,6.8,1183,10.666,7.8
tm824165,Falling Inn Love,MOVIE,"When city girl Gabriela spontaneously enters a contest and wins a rustic New Zealand inn, she teams up with bighearted contractor Jake Taylor to fix and flip it.",2019,,98,"['comedy', 'romance']",US,['US'],,tt9860752,5.6,19091,23.196,6.5
tm465231,Nate Bargatze: The Tennessee Kid,MOVIE,"Comic Nate Bargatze touches on air travel, cheap weddings, college football, chocolate milk and the perils of ordering coffee in this stand-up special.",2019,,60,['comedy'],US,['US'],,tt9861504,7.6,1798,3.621,7.5
tm883189,Dangerous Lies,MOVIE,"After losing her waitressing job, Katie Franklin takes a job as a caretaker to a wealthy elderly man in his sprawling, empty Chicago estate. The two grow close, but when he unexpectedly passes away and names Katie as his sole heir, she and her husband Adam are pulled into a complex web of lies, deception, and murder. If she's going to survive, Katie will have to question everyone's motives — even the people she loves.",2020,,96,"['thriller', 'horror', 'drama', 'comedy', 'crime']",US,['US'],,tt10183816,5.3,16731,10.872,6.4
tm458127,Human Nature,MOVIE,"The biggest tech revolution of the 21st century isn’t digital, it’s biological. A breakthrough called CRISPR gives us unprecedented control over the basic building blocks of life. It opens the door to curing disease, reshaping the biosphere, and designing our own children. This documentary is a provocative exploration of CRISPR’s far-reaching implications, through the eyes of the scientists who discovered it, the families it’s affecting, and the genetic engineers who are testing its limits.",2019,,107,"['documentation', 'thriller']",US,['US'],,tt7188970,7.7,1541,4.784,7.2
tm475339,Beats,MOVIE,An agoraphobic hip-hop prodigy and a disgraced former music manager cross paths in Chicago’s South Side and help each other face demons of their pasts.,2019,,109,['drama'],US,['US'],,tt8530978,6.3,5122,14.674,6.8
tm881859,A Secret Love,MOVIE,"Amid shifting times, two women kept their decades-long love a secret. But coming out later in life comes with its own set of challenges.",2020,,83,"['documentation', 'drama']",US,['US'],,tt3260524,7.8,4334,11.128,7.4
tm827304,LEGO Marvel Spider-Man: Vexed by Venom,MOVIE,"Thanks to Green Goblin and Venom, tech theft is now at an all-time high. Can our Friendly Neighborhood Spider-Man put an end to their mysterious villainous scheme before all of New York City is destroyed?",2019,,25,"['animation', 'action', 'comedy', 'family']",US,['US'],,tt10755644,5.6,290,23.538,7.2
ts254600,The Playbook,SHOW,Coaches with championship résumés share their personal rules for success in sports and life in this reflective and inspiring documentary series.,2020,TV-MA,44,"['documentation', 'sport']",US,['US'],1,tt12930602,7.4,1360,12.259,6.8
tm461829,The Hard Way,MOVIE,"After learning of his brother's death during a mission in Romania, a former soldier joins two allies to hunt down a mysterious enemy and take his revenge.",2019,,92,['action'],US,['US'],,tt9815714,4.8,3171,27.891,5.4
tm434553,Cut Throat City,MOVIE,"Four boyhood friends return to New Orleans’ Lower Ninth Ward after Hurricane Katrina, to find their home decimated and prospects for work swept away. Turning to a local gangster for employment, the crew is hired to pull off a daring casino heist, right in the heart of the city.",2020,R,123,"['crime', 'thriller', 'action', 'drama']",US,['US'],,tt3547306,4.8,2521,16.92,6.6
tm848996,Tigertail,MOVIE,A man reflects on the lost love of his youth and his long-ago journey from Taiwan to America as he begins to reconnect with his estranged daughter.,2020,PG,91,['drama'],US,['US'],,tt8902948,6.6,3540,7.755,6.9
ts225162,Babies,SHOW,"From nature to nurture, this docuseries explores the groundbreaking science that reveals how infants discover life during their very first year.",2020,TV-PG,38,"['documentation', 'reality']",US,['US'],2,tt13705052,,,4.42,7.6
tm448767,Knock Down the House,MOVIE,"In 2018, a young bartender in the Bronx, a coal miner’s daughter in West Virginia, a grieving mother in Nevada and a registered nurse in Missouri join a movement of insurgent candidates challenging powerful incumbents in Congress. Without political experience or corporate money, these four women are attempting to do what many consider impossible.",2019,PG,86,['documentation'],US,['US'],,tt9358052,7.1,12418,8.591,7.4
ts256783,We Are the Champions,SHOW,"Explore the quirkiest, most charming, and oddly inspirational competitions you never knew existed, and the determined, passionate, and incredibly skilled competitors who put it all on the line to become heroes in their own extraordinary worlds.",2020,TV-MA,29,['documentation'],US,['US'],1,tt12409154,7.1,1379,15.129,5.8
tm912373,Jim Jefferies: Intolerant,MOVIE,"Between scenes from an excruciating date, Jim Jefferies digs into generational differences, his own bad habits and the shifting boundaries in comedy.",2020,,66,['comedy'],US,['US'],,tt12588160,7.2,2764,5.395,7.2
tm893816,Desperados,MOVIE,"A panicked young woman and her two best friends fly to Mexico to delete a ranting email she sent to her new boyfriend. On arrival, they run into her former beau, who soon gets caught up in their frantic scheme.",2020,,105,"['comedy', 'romance']",US,['US'],,tt10050362,5.2,10030,8.691,6.1
ts86413,AJ and the Queen,SHOW,"While traveling across the country in a run-down RV, drag queen Ruby Red discovers an unlikely sidekick in AJ: a tough-talking 10-year-old stowaway.",2020,TV-14,52,"['comedy', 'drama']",US,['US'],1,tt8404094,7.4,7961,15.178,7.8
ts218564,"Breakfast, Lunch & Dinner",SHOW,"Chang accompanied by a different celebrity guest exploring a single city, its culture and its cuisine. As the pair travels through each city, they will also uncover new and surprising things about themselves.",2019,TV-MA,44,['documentation'],US,['US'],1,tt10681670,6.7,1045,4.356,8
ts254293,The American Barbecue Showdown,SHOW,Eight of the country's best backyard smokers and pitmasters vie for the title of American Barbecue Champion in a fierce but friendly faceoff.,2020,TV-G,43,['reality'],US,['US'],1,tt12938472,7.1,1151,17.691,6.2
tm844642,Michelle Wolf: Joke Show,MOVIE,"Comedian Michelle Wolf takes on outrage culture, massages, childbirth, feminism and much more (like otters) in a stand-up special from New York City.",2019,,59,['comedy'],US,['US'],,tt11269704,7.2,1571,2.937,6.8
tm878842,The Edge of All We Know,MOVIE,"A documentary film following the quest to understand the most mysterious objects in the universe, black holes.",2020,,99,['documentation'],US,['US'],,tt11863046,6.6,2288,5.683,6.8
tm855483,Have a Good Trip: Adventures in Psychedelics,MOVIE,"Celebrities recall their most mind-bending trips via animations, reenactments and more in this comedic documentary exploring the story of psychedelics.",2020,,85,"['documentation', 'comedy']",US,['US'],,tt12133722,6.8,7578,14.485,6.8
tm447520,Sebastian Maniscalco: Stay Hungry,MOVIE,"Sebastian Maniscalco brings an acerbically unique approach to peacocks on planes, life hacks, rich in-laws and life's annoyances in this comedy special.",2019,,65,['comedy'],US,['US'],,tt9482786,7.1,1295,3.423,6.4
ts89876,Lunatics,SHOW,This mockumentary series follows the peculiar lives of six eccentric -- and sometimes obscene -- misfits who march to their own beat.,2019,TV-MA,36,['comedy'],US,['US'],1,tt8164794,6.6,3136,2.802,6.2
tm679284,The Knight Before Christmas,MOVIE,A medieval English knight is magically transported to present-day America where he falls for a high school science teacher who is disillusioned by love.,2019,,92,"['drama', 'fantasy', 'romance', 'comedy']",US,['US'],,tt10060094,5.5,17762,22.498,6.5
ts252341,Chef's Table: BBQ,SHOW,"The Emmy-nominated series delves into the juicy, smoky world of barbecue, visiting acclaimed chefs and pitmasters in the US, Australia and Mexico.",2020,TV-14,45,['documentation'],US,['US'],1,tt12917170,7.8,981,2.73,7.7
ts220248,Hyperdrive,SHOW,"Elite street racers from around the world test their limits in supercharged custom cars on the biggest, baddest automotive obstacle course ever built.",2019,TV-PG,48,['reality'],US,['US'],1,,,,8.653,7.5
tm467467,Homecoming: A Film by Beyoncé,MOVIE,"This intimate, in-depth look at Beyoncé's celebrated 2018 Coachella performance reveals the emotional road from creative concept to cultural movement.",2019,PG-13,137,"['music', 'documentation']",US,['US'],,tt10147546,7.4,7013,12.239,8.2
ts269690,Schulz Saves America,SHOW,Comedian Andrew Schulz takes on the year's most divisive topics in this fearlessly unfiltered and irreverent four-part special.,2020,TV-MA,17,['comedy'],US,['US'],1,tt13607518,7.3,1069,1.431,7.3
tm834664,Nikki Glaser: Bangin',MOVIE,"Nikki Glaser bares all in a blistering stand-up special about sex, sobriety and getting over her own insecurities. And she won't spare you the details.",2019,,63,['comedy'],US,['US'],,tt10952752,6.1,1629,5.269,6.6
tm497383,Sergio,MOVIE,"A sweeping drama set in the chaotic aftermath of the US invasion of Iraq, where the life of top UN diplomat Sergio Vieira de Mello hangs in the balance during the most treacherous mission of his career.",2020,R,118,"['drama', 'history', 'romance', 'documentation']",US,"['US', 'AL', 'JO', 'TH']",,tt6468740,6.2,9619,13.626,6.7
tm978401,Mosul,MOVIE,"When ISIS took their homes, families and city, one group of men fought to take it all back. Based on true events, this is the story of the Nineveh SWAT team, a renegade police unit who waged a guerrilla operation against ISIS in a desperate struggle to save their home city of Mosul.",2019,,86,['drama'],US,['US'],,,,,9.023,6.7
ts256764,Heaven Official's Blessing,SHOW,"Xie Lian, the crown prince of Xian Le Kingdom, successfully ascends to Heaven during his third trial in spite of successive demotions. However, he accidentally breaks the Gold Palace of heavenly officials. With no human worshiping him, Xie Lian has to descend to the secular world to exorcise ghosts, which may help him sustain his divinity.",2020,TV-14,24,"['action', 'scifi', 'animation']",US,"['CN', 'US']",1,tt13375866,8.3,1349,14.073,8.5
tm452851,The Operative,MOVIE,A young Western woman is recruited by the Mossad to go undercover in Tehran where she becomes entangled in a complex triangle with her handler and her subject.,2019,,116,"['thriller', 'action', 'drama']",US,"['IL', 'US', 'FR', 'DE']",,tt8000718,5.7,6099,10.752,5.7
tm931158,Gather,MOVIE,"A portrait of a growing movement amongst Indigenous Americans to reclaim their spiritual and cultural identities through obtaining sovereignty over their ancestral food systems, while battling against the historical trauma brought on by centuries of genocide.",2020,,74,['documentation'],US,['US'],,tt9309756,7.8,196,3.759,7.4
tm470836,The Show Must Go On: The Queen + Adam Lambert Story,MOVIE,"A documentary chronicling Queen and Lambert's incredible journey since they first shared the stage together on ""American Idol"" in 2009.",2019,,81,"['documentation', 'music']",US,['US'],,tt9856280,7.8,1923,9.166,7.5
tm454375,Benchwarmers 2: Breaking Balls,MOVIE,A washed-up baseball player becomes an attorney. He gets a chance at redemption when his boss asks him to manage the company softball team in hopes of winning a championship.,2019,PG-13,90,"['comedy', 'sport']",US,['US'],,tt8750122,4.1,947,4.624,4.5
tm837756,I'm No Longer Here,MOVIE,"In Monterrey, Mexico, a young street gang spends their days dancing to slowed-down cumbia and attending parties. After a mix-up with a local cartel, their leader is forced to migrate to the U.S. but quickly longs to return home.",2019,,112,['drama'],US,"['MX', 'US']",,tt4323594,7.3,7727,17.023,7.7
tm305433,Rocko's Modern Life: Static Cling,MOVIE,"After 20 years in space, Rocko returns to a technologically advanced O-Town and makes it his mission to get his favorite show back on the air.",2019,,45,"['comedy', 'animation', 'fantasy', 'scifi', 'action', 'family']",US,['US'],,tt6172460,6.9,3820,9.975,6.5
ts218500,Dragons: Rescue Riders,SHOW,Twins Dak and Leyla share a unique ability to communicate with dragons. The brother and sister lead a team of five young dragons that spend their days rescuing other dragons and helping the people in their adopted town of Huttsgalor.,2019,TV-Y,24,"['animation', 'action', 'comedy', 'family', 'fantasy', 'scifi']",US,['US'],2,tt10687134,5.9,304,20.749,7
tm490222,Uncorked,MOVIE,Elijah must balance his dream of becoming a master sommelier with his father's expectations that he carry on the family's Memphis BBQ joint.,2020,,104,"['drama', 'comedy']",US,['US'],,tt9261218,6.4,5414,9.563,6.1
ts89881,Mr. Iglesias,SHOW,Hilarious high school teacher Gabriel Iglesias tries to make a difference in the lives of some smart but underperforming students at his alma mater.,2019,TV-14,29,['comedy'],US,['US'],3,tt8403536,7.1,6703,17.882,7.5
tm838876,Undercover Brother 2,MOVIE,"Sixteen years ago, Undercover Brother and his younger brother were hot on the heels of the leader of a racist, worldwide syndicate, but accidentally got caught in an avalanche of white snow. After they were discovered and thawed out, Undercover Brother remained in a coma. Now, it is up to his little brother to finish the job they started.",2019,R,85,"['action', 'comedy']",US,['US'],,tt6843446,3.4,670,4.663,4.1
tm868777,"Love, Guaranteed",MOVIE,"To save her small law firm, earnest lawyer Susan takes a high-paying case from Nick, a charming new client who wants to sue a dating website that guarantees love. But as the case heats up, so do Susan and Nick's feelings for each other.",2020,,90,"['comedy', 'romance']",US,['US'],,tt11100856,5.6,17092,10.12,6.5
tm450478,Under the Eiffel Tower,MOVIE,"Stuart is a having a mid-life crisis. Desperate for something more in life, he tags along on his best friend's family vacation to Paris - then proposes to his friend's 24-year-old daughter, Rosalind, while standing under the Eiffel Tower.",2019,,87,"['romance', 'comedy']",US,['US'],,tt6251390,5.4,992,5.496,6.1
ts213232,Awake: The Million Dollar Game,SHOW,"Sleepless for 24 hours, contestants in the comedy game show stumble through challenges both eccentric and everyday for a chance at a $1 million prize.",2019,TV-PG,42,['reality'],US,['US'],1,tt10370956,5.9,759,4.913,6
tm917325,Dragons: Rescue Riders: Secrets of the Songwing,MOVIE,"When a musical dragon with a beautiful voice hypnotizes the dragons and people of Huttsgalor, the Rescue Riders have to find a way to break the spell.",2020,,46,"['animation', 'action', 'comedy', 'family', 'fantasy']",US,['US'],,tt12599350,5.1,175,13.962,8
tm838687,Holiday in the Wild,MOVIE,"When her husband abruptly ends their marriage, empty nester Kate embarks on a solo second honeymoon in Africa, finding purpose and potential romance.",2019,,85,"['romance', 'comedy', 'drama']",US,['US'],,tt8510488,6.1,15053,10.253,6.5
ts268099,LEGO Marvel Avengers: Climate Conundrum,SHOW,The Environmental Clean-up Conference is off to anything but a smooth start when Tony Stark realizes his fellow competitor is his rival Justin Hammer!,2020,TV-Y7,22,"['action', 'animation']",US,['US'],1,tt13783758,6.6,65,3.647,7
tm856593,Bert Kreischer: Hey Big Boy,MOVIE,"Still the ultimate comedy party animal, Bert Kreischer tells more stories about parenthood and family life in a stand-up special from Cleveland.",2020,,62,['comedy'],US,['US'],,tt11810424,7,1913,4.051,7.2
tm844662,Ronny Chieng: Asian Comedian Destroys America!,MOVIE,"Ronny Chieng (""The Daily Show,"" ""Crazy Rich Asians"") takes center stage in this stand-up special and riffs on modern American life and more.",2019,,63,['comedy'],US,['US'],,tt11248800,7.4,3077,4.694,6.9
tm494731,Sextuplets,MOVIE,"Father-to-be Alan is shocked to learn that he was born a sextuplet. With his newfound brother Russell riding shotgun, the duo sets out on a hilarious journey to reunite with their remaining long-lost siblings.",2019,,97,['comedy'],US,['US'],,tt8976710,4.4,8380,25.351,6.3
tm886283,Legacy of Lies,MOVIE,An ex-MI6 agent is thrown back into the world of espionage and high stakes to uncover the shocking truth about operations conducted by unknown secret services.,2020,R,101,"['thriller', 'action']",US,"['UA', 'GB', 'US', 'NL', 'PL']",,tt6834916,5,3307,15.053,5.6
ts226588,100 Humans: Life's Questions. Answered.,SHOW,"One hundred hardy souls from diverse backgrounds participate in playful experiments exploring age, sex, happiness and other aspects of being human.",2020,TV-14,37,"['documentation', 'reality']",US,['US'],1,tt11823088,5.7,3958,4.073,6.5
ts251615,(Un)Well,SHOW,"This docuseries takes a deep dive into the lucrative wellness industry, which touts health and healing. But do the products live up to the promises?",2020,TV-MA,52,"['reality', 'documentation']",US,['US'],1,tt12759384,6.4,1041,3.147,6.7
tm889629,Lady Driver,MOVIE,"When a rebellious teen embarks on a solo summer journey to connect with her roots, she finds herself in a new world, geared up for the ride of her life, and discovers she had the drive in her all along.",2020,PG,104,"['drama', 'sport']",US,['US'],,tt7562334,5.8,1463,7.608,6.3
tm977997,Captain Underpants: Mega Blissmas,MOVIE,Christmas gets weird - really weird - after George and Harold go back in time to change up a few of their beloved holiday's traditions.,2020,G,46,"['comedy', 'animation', 'family']",US,['US'],,tt13411948,5.3,155,13.865,5.7
ts223077,Broken,SHOW,This investigative docuseries shows how negligence and deceit in the production and marketing of popular consumer items can result in dire outcomes.,2019,,59,['documentation'],US,['US'],1,,,,2.864,7.4
ts226617,The Innocence Files,SHOW,The personal stories behind eight cases of wrongful conviction that the Innocence Project and organizations within the Innocence Network have worked to highlight and overturn.,2020,TV-MA,64,"['documentation', 'crime', 'drama']",US,['US'],1,tt11958922,8,2622,3.151,7.4
tm917974,Hard Kill,MOVIE,"The work of billionaire tech CEO Donovan Chalmers is so valuable that he hires mercenaries to protect it, and a terrorist group kidnaps his daughter just to get it.",2020,R,98,"['thriller', 'action']",US,['US'],,tt11656172,3.4,19728,18.56,5.1
ts213820,Next in Fashion,SHOW,"18 budding fashion designers compete for a $250,000 prize and the opportunity to launch a clothing line with Net-a-Porter.",2020,TV-14,51,['reality'],US,['US'],1,tt10394770,7.3,3572,6.992,8
tm916997,Work It,MOVIE,A brilliant but clumsy high school senior vows to get into her late father's alma mater by transforming herself and a misfit squad into dance champions.,2020,PG-13,93,"['music', 'comedy']",US,['US'],,tt10276470,6.1,12828,18.729,7.7
tm376739,Bethany Hamilton: Unstoppable,MOVIE,"One of the most fearless and accomplished athletes of her generation, Bethany Hamilton became a surfing wunderkind when she returned to the sport following a devastating shark attack at age 13. As she continues to chase waves she also now tackles motherhood.",2019,PG,99,"['documentation', 'sport']",US,['US'],,tt6435258,7.4,705,4.481,7.9
tm898169,If Anything Happens I Love You,MOVIE,Grieving parents journey through an emotional void as they mourn the loss of a child in the aftermath of a tragic school shooting.,2020,PG,12,['drama'],US,['US'],,,,,14.24,7.8
tm851346,Residue,MOVIE,"A young filmmaker returns home after many years away, to write a script about his childhood, only to find his neighborhood unrecognizable and his childhood friends scattered to the wind.",2020,,90,['drama'],US,['US'],,tt11568878,6.5,570,2.932,5.3
tm894619,Feel the Beat,MOVIE,"After failing to make it on Broadway, April returns to her hometown and reluctantly begins training a misfit group of young dancers for a competition.",2020,G,107,"['drama', 'comedy', 'family']",US,"['CA', 'US']",,tt10714856,6.3,10749,16.453,7.7
tm885805,Debt Collectors,MOVIE,"A pair of debt collectors are thrust into an explosively dangerous situation, chasing down various lowlifes while also evading a vengeful kingpin.",2020,R,97,"['comedy', 'action']",US,['US'],,tt10933680,5.7,4230,19.304,6.1
tm918853,All Together Now,MOVIE,"An optimistic, talented teen clings to a huge secret: she's homeless and living on a school bus. When tragedy strikes, can she learn to accept a helping hand?",2020,PG,92,['drama'],US,['US'],,tt3155342,6.5,4182,7.74,6.8
tm814644,Coffee & Kareem,MOVIE,"Twelve-year-old Kareem Manning hires a criminal to scare his mom's new boyfriend -police officer James Coffee - but it backfires, forcing Coffee and Kareem to team up in order to save themselves from Detroit's most ruthless drug kingpin.",2020,,88,"['action', 'comedy', 'crime']",US,['US'],,tt9898858,5.1,13469,9.863,5.5
ts90413,Gigantosaurus,SHOW,"Four curious young dinosaur friends explore the mystery of Gigantosaurus, the largest, fiercest dinosaur of all, facing their individual fears and working together to solve problems during their many adventures.",2019,TV-G,13,['animation'],US,"['FR', 'US']",3,tt9636800,6.9,159,11.194,7
ts306187,Family Reunion,SHOW,"When the McKellan family moves from Seattle to Georgia to be closer to extended family, the transition is like being a catfish out of water.",2019,TV-PG,29,"['family', 'comedy']",US,['US'],5,tt9153270,6.4,2576,22.261,8.6
tm857187,Tom Segura: Ball Hog,MOVIE,"Tom Segura scores laughs with uncomfortably candid stories about mothers, fathers, following your dreams — and other things you'd rather not think about.",2020,,70,['comedy'],US,['US'],,tt11861072,7.3,2848,3.795,6.8
ts251420,Hoops,SHOW,A foul-mouthed high school basketball coach is sure he'll hit the big leagues if he can only turn his terrible team around. Good luck with that.,2020,,30,['comedy'],US,['US'],1,,,,10.375,7.3
ts113748,Twelve Forever,SHOW,Reggie's dream is to be a kid forever. Her dream is so powerful that it creates its own fantasy world of perpetual youth.,2019,TV-PG,22,"['animation', 'action', 'comedy', 'family', 'fantasy']",US,['US'],1,tt8009622,6.6,664,5.075,6.4
tm470560,Circus of Books,MOVIE,"For decades, a nice Jewish couple ran Circus of Books, a porn shop and epicenter for gay LA. Their director daughter documents their life and times.",2019,,92,"['documentation', 'history']",US,['US'],,tt8727582,7.1,4571,9.292,7
tm954543,Wheels of Fortune,MOVIE,"To claim a big inheritance, a down-on-his-luck mechanic must win a series of competitions as outlined in his birth father's will.",2020,R,107,['comedy'],US,['US'],,tt9735976,5.3,777,3.37,5.3
tm893680,Jo Koy: In His Elements,MOVIE,"Jo Koy returns to the Philippines to show off the local culture and headline a special featuring Filipino American comedians, DJs and hip-hop dancers.",2020,,55,['comedy'],US,['US'],,tt12357266,5.4,469,3.209,5.6
tm824559,"Bikram: Yogi, Guru, Predator",MOVIE,The spectacular rise and scandalous fall of hot-yoga evangelist Bikram Choudhury is chronicled through archival footage and extensive insider interviews.,2019,,86,"['crime', 'documentation']",US,['US'],,tt10883004,6.7,7367,9.946,6.4
tm835486,Jenny Slate: Stage Fright,MOVIE,Jenny Slate's debut stand up-comedy special blends with home videos from her childhood and interviews of her with her family.,2019,,66,"['comedy', 'reality']",US,['US'],,tt10971520,5.8,1268,4.231,5.9
ts188840,Seis Manos,SHOW,"Orphans raised by a martial arts master are plunged into a mystery involving demonic powers, drug cartels, ancient rituals and blood sacrifice.",2019,TV-MA,26,"['drama', 'fantasy', 'animation', 'action', 'crime']",US,['US'],1,tt10106108,7.1,1573,10.472,6.9
tm915043,The F**k-It List,MOVIE,"After a prank blows up a studious high school senior's life, he shares a list of certain things he wishes he'd done differently — and maybe still can.",2020,R,103,['comedy'],US,['US'],,tt8145202,5.1,5866,10.041,6.2
tm887369,Jerry Seinfeld: 23 Hours to Kill,MOVIE,"Jerry Seinfeld takes the stage in New York and tackles talking vs. texting, bad buffets vs. so-called ""great"" restaurants and the magic of Pop Tarts.",2020,,60,['comedy'],US,['US'],,tt12117854,6.7,5061,4.084,6.2
ts89231,You vs. Wild,SHOW,"In this interactive series, you'll make key decisions to help Bear Grylls survive, thrive and complete missions in the harshest environments on Earth.",2019,TV-PG,20,"['action', 'reality']",US,['US'],2,tt10044952,6.6,2570,5.084,6.7
ts251512,Immigration Nation,SHOW,"With unprecedented access to ICE operations, as well as moving portraits of immigrants, this docuseries takes a deep look at U.S. immigration today.",2020,TV-MA,62,['documentation'],US,['US'],1,tt12754910,7.4,1096,9.017,7
tm917036,The Speed Cubers,MOVIE,This documentary captures the extraordinary twists and turns in the journeys of Rubik's Cube-solving champions Max Park and Feliks Zemdegs.,2020,,39,['documentation'],US,['US'],,,,,7.319,7.6
ts222049,Who Killed Malcolm X?,SHOW,Activist Abdur-Rahman Muhammad begins his own investigation into the perplexing details surrounding the assassination of civil rights leader Malcolm X.,2019,TV-MA,45,"['crime', 'history', 'documentation']",US,['US'],1,tt10948316,7.5,2125,7.178,7.5
ts223456,Pandemic: How to Prevent an Outbreak,SHOW,"In this docuseries, meet the heroes on the front lines of the battle against influenza and learn about their efforts to stop the next global outbreak.",2020,TV-14,49,['documentation'],US,['US'],1,tt11497904,6.3,2759,10.962,7
tm898699,Larry the Cable Guy: Remain Seated,MOVIE,"Larry the Cable Guy is back to Git R Done. Remain Seated, his latest solo special, will show you why this Grammy nominated, multi-platinum recording artist, and Billboard award winner is at the top of his game. Coming to you straight from the Rialto Square Theatre in Joliet, IL to your seat at home!",2020,R,67,['comedy'],US,['US'],,tt11464488,6.6,258,2.693,5.5
tm840224,Seth Meyers: Lobby Baby,MOVIE,SNL alumnus and subversive master of late-night Seth Meyers comes out from behind the desk to share some lighthearted stories from his own life.,2019,,61,['comedy'],US,['US'],,tt11168100,7.4,2542,3.92,7
tm465408,Burning Cane,MOVIE,"Set among the cane fields of rural Louisiana, Burning Cane follows a deeply religious mother struggling to reconcile her convictions of faith with the love she has for her troubled son.",2019,,77,['drama'],US,['US'],,tt7358154,5.5,630,2.744,5.8
ts187070,Pup Academy,SHOW,Welcome to a secret world where pups learn to be a human's best friend: PUP ACADEMY. Follow three unlikely puppies - and their human friends - as they work together to discover the power of friendship and create everlasting bonds between dogs and humans.,2019,TV-Y,26,['family'],US,['US'],2,tt10302548,6.6,498,23.821,7.1
ts251621,World's Most Wanted,SHOW,Heinous criminals have avoided capture despite massive rewards and global investigations. This docuseries profiles some of the world’s most wanted.,2020,TV-14,45,"['crime', 'documentation']",US,['US'],1,tt12753698,7.1,2481,2.966,8
tm452573,Gabriel Iglesias: One Show Fits All,MOVIE,"In a new comedy special for 2019, Gabriel ""Fluffy"" Iglesias discusses his teenage son, encounters with Snoop Dogg and an overzealous fan, and more.",2019,,90,"['comedy', 'documentation']",US,['US'],,tt9426212,7.2,1793,3.264,6.6
ts89347,Street Food,SHOW,Embark on a global cultural journey into street food and discover the stories of the people who create the flavorful dishes.,2019,TV-G,37,['documentation'],US,['US'],2,tt10050778,7.9,2712,3.764,7.9
ts250920,Home Game,SHOW,"This docuseries profiles unique and dangerous traditional sports from around the world, as well as the communities and cultures where they thrive.",2020,TV-MA,29,"['documentation', 'sport']",US,['US'],1,tt12429046,7,841,2.721,6.4
ts104168,El Dragón: Return of a Warrior,SHOW,"After the murder of his parents when he was a little kid, Mexican Miguel Garza is sent away to Japan. 20 years later, he has to go back to his home country as the new heir of his family's cartel.",2019,TV-MA,53,"['action', 'drama']",US,['US'],2,tt9281190,6.8,1853,49.839,7.4
ts87488,Malibu Rescue: The Series,SHOW,"On the heels of Junior Rescue training, Team Flounder returns to brave the beach in a series of thrilling saves and lighthearted laughs.",2019,TV-G,26,"['comedy', 'action', 'family']",US,['US'],1,tt9098432,5.4,979,10.9,8
tm470597,A Kid from Coney Island,MOVIE,"Feature documentary about the rise and fall, and rebirth of ex-NBA star, Stephon Marbury.",2019,,89,"['documentation', 'sport']",US,"['CN', 'US']",,tt9567112,7,536,3.716,6.8
ts254045,Sneakerheads,SHOW,Family man Devin falls back into his sneaker obsession after his pal Bobby talks him into a wheeling-dealing scheme to score a mythical pair of kicks.,2020,,28,['comedy'],US,['US'],1,,,,14.93,7.5
tm456074,Jezebel,MOVIE,"A true story. In the last days of her mother’s life, 19-year-old Tiffany crashes with five family members in a Las Vegas studio apartment. In order to make ends meet, her sister, a phone sex operator, introduces her to the world of fetish cam girls.",2020,,88,['drama'],US,['US'],,tt7103742,6.9,1304,1.762,6.6
tm816593,"Frankenstein's Monster's Monster, Frankenstein",MOVIE,"David Harbour delves into the enigmatic history of his legendary acting family, as he examines his father's legacy and role in a made-for-TV play.",2019,,32,['comedy'],US,['US'],,tt10516390,5.8,2166,5.098,6
tm850862,A Love Song for Latasha,MOVIE,"A dreamlike conversation with the past and the present, reimagining Latasha Harlins' story by excavating intimate memories shared by those who loved her.",2019,,18,['documentation'],US,['US'],,,,,6.985,7.1
tm860965,Dave Chappelle: The Kennedy Center Mark Twain Prize,MOVIE,"An outstanding lineup of entertainers gathers in the Kennedy Center Concert Hall to salute Dave Chappelle, recipient of the 22nd annual Mark Twain Prize for American Humor.",2020,,86,['comedy'],US,['US'],,,,,5.528,7.4
tm845532,Mucho Mucho Amor: The Legend of Walter Mercado,MOVIE,"Once the world's most famous astrologer, Walter Mercado seeks to resurrect a forgotten legacy. Raised in the sugar cane fields of Puerto Rico, Walter grew up to become a gender non-conforming, cape-wearing psychic whose televised horoscopes reached 120 million viewers a day for decades before he mysteriously disappeared.",2020,,96,['documentation'],US,['US'],,tt11378264,7.3,3251,11.019,7.4
tm836674,The Main Event,MOVIE,"After discovering a magical mask, an 11-year-old aspiring wrestler enters a competition to become the next WWE superstar by using special powers from a magical mask.",2020,,102,"['comedy', 'action', 'family', 'fantasy', 'sport']",US,['US'],,tt10540242,4.8,2279,13.508,6.7
tm943718,Operation Christmas Drop,MOVIE,"While gathering evidence to support closing a tropical U.S. Air Force base, a congressional aide warms to its generous captain.",2020,,95,"['romance', 'comedy', 'family']",US,['US'],,tt13236566,5.8,11329,14.686,6.5
ts101060,Merry Happy Whatever,SHOW,A strong-willed patriarch must balance the demands of his complicated family with the stress of the Christmas season when his youngest daughter comes home for the holidays with a new boyfriend.,2019,TV-PG,26,['comedy'],US,['US'],1,tt9777322,6.4,4542,10.85,6.6
tm826368,American Son,MOVIE,Time passes and tension mounts in a Florida police station as an estranged interracial couple awaits news of their missing teenage son.,2019,,90,['drama'],US,['US'],,tt9664078,5.8,6904,9.419,6.1
tm454096,Only Mine,MOVIE,"Tormented and left for dead by a scorned lover, a woman finds the strength within herself to recover and retaliate against her abuser.",2019,,87,"['drama', 'thriller']",US,['US'],,tt9271164,4.6,3013,13.136,5.3
tm987599,Best of Stand-up 2020,MOVIE,"Unnecessary milk substitutes. Bad passwords. Burlap underpants. 2020 may have sucked, but thankfully the jokes didn't.",2020,,76,['comedy'],US,['US'],,tt13649688,5.4,601,3.282,5.6
ts218176,The Big Show Show,SHOW,"When Big Show's teenage daughter comes to live with him and his wife and two other daughters, he quickly becomes outnumbered and outsmarted. Despite being 7 feet tall and weighing 400 pounds, he is no longer the center of attention.",2020,TV-PG,26,['comedy'],US,['US'],1,tt10726356,6.3,2375,15.341,7.5
ts217719,Basketball or Nothing,SHOW,the lives of the Chinle High School boys' basketball team based on the Navajo Nation reservation in Arizona.,2019,TV-PG,0,"['documentation', 'sport']",US,['US'],1,tt10698408,7.4,614,3.31,8.3
tm885669,The Christmas Chronicles: Part Two,MOVIE,"Kate Pierce is reluctantly spending Christmas with her mom’s new boyfriend and his son Jack. But when the North Pole and Christmas are threatened to be destroyed, Kate and Jack are unexpectedly pulled into a new adventure with Santa Claus.",2020,PG,112,"['comedy', 'family', 'fantasy']",US,['US'],,tt11057644,6,29280,45.05,6.6
ts224794,Glitch Techs,SHOW,Game-world monsters are wreaking real-world havoc. Here comes tech support!,2020,TV-G,25,['scifi'],US,['US'],2,,,,8.629,8.3
ts83810,Cannon Busters,SHOW,"With a maintenance robot and a deadly fugitive tagging along, friendship droid S.A.M searches for its best friend, the heir to a kingdom under siege.",2019,TV-MA,24,"['scifi', 'action', 'animation', 'fantasy']",US,"['FR', 'US', 'JP']",1,tt5066664,6.7,1172,4.6,6.7
ts252318,Million Dollar Beach House,SHOW,The competition is fierce — and the drama undeniable — as a group of young and hungry agents try to seal the deal on luxury listings in the Hamptons.,2020,TV-MA,28,['reality'],US,['US'],1,tt12882136,4.2,804,1.957,5.7
tm458363,Juanita,MOVIE,"Fed up with her deadbeat grown kids and marginal urban existence, Juanita takes a Greyhound bus to Paper Moon, Montana - where she reinvents herself and finds her mojo.",2019,,90,['drama'],US,['US'],,tt6155456,6,2336,7.276,5.2
ts236332,Absurd Planet,SHOW,"A cast of quirky critters and Mother Nature herself narrate this funny science series, which peeks into the lives of Earth's most incredible animals.",2020,TV-PG,20,['documentation'],US,['US'],1,tt12027008,3.9,1459,19.898,5.9
tm888080,The Last Days of American Crime,MOVIE,"In the not-too-distant future, as a final response to crime and terrorism, the U.S. government plans to broadcast a signal that will make it impossible for anyone to knowingly break the law.",2020,,149,"['crime', 'thriller', 'action', 'drama', 'scifi']",US,['US'],,tt1552211,3.7,11227,8.27,6.6
tm925490,Ainu Mosir,MOVIE,"Kanto, 14, a descendant of Japan's indigenous Ainu people, decides to visit a hole in the forest -- a path to the other side of the world where dead people live, hoping to see his deceased father.",2020,,84,['drama'],US,"['JP', 'US', 'CN']",,tt9140354,6.6,231,2.718,7
tm960414,A California Christmas,MOVIE,"With his carefree lifestyle on the line, a wealthy charmer poses as a ranch hand to get a hardworking farmer to sell her family's land before Christmas.",2020,PG-13,106,"['romance', 'comedy', 'drama']",US,['US'],,tt13055780,5.8,9721,9.156,6.4
tm897771,Picture a Scientist,MOVIE,A documentary that looks at systemic sexism faced by women scientists in STEM fields.,2020,PG-13,97,['documentation'],US,['US'],,,,,4.286,7.5
ts90789,Jailbirds,SHOW,"At the Sacramento County Jail, incarcerated women fight the power and one another as they try to make the best of life -- and love -- on the inside.",2019,TV-MA,44,"['reality', 'crime', 'thriller']",US,['US'],1,tt1176289,7,1160,9.54,7.8
ts256606,Trial 4,SHOW,"Charged as a teen in the 1993 killing of a Boston cop, Sean K. Ellis fights to prove his innocence while exposing police corruption and systemic racism.",2020,TV-MA,55,"['documentation', 'crime']",US,['US'],1,tt13363298,7.4,2039,5.972,7.1
ts90980,It's Bruno!,SHOW,"An old-school Brooklyn native devotes his days to caring for his adorable dog, Bruno -- and making sure the neighbors show his pooch the proper respect.",2019,TV-MA,3,"['comedy', 'animation']",US,['US'],1,tt10186846,7.5,2886,4.064,6.7
tm886086,Seized,MOVIE,"Hiding out with his son Taylor on the Mexican coast, Nero hopes to put his violent Special Forces career behind him. But after Nero’s home is attacked and Taylor is abducted, the mysterious Mzamo orders Nero to slaughter the members of three rival crime syndicates. If he fails, Taylor will die. Now, with bullets flying and bodies dropping as Nero completes his mission, he races to find Mzamo’s hideout and seek revenge.",2020,R,85,"['thriller', 'action']",US,['US'],,tt7221772,5.2,2173,10.36,6.6
tm889679,Roped,MOVIE,A star cowboy in a traveling rodeo gets thrown off course when he falls in love with the daughter of a tough-minded town councilman.,2020,PG,90,"['romance', 'family', 'comedy', 'drama']",US,['US'],,tt8523028,5.4,1391,5.927,6.3
ts85510,Rhythm + Flow,SHOW,"In this music competition show, judges Tip “T.I.” Harris, Cardi B and Chance the Rapper hit the streets to find the next rap superstar.",2019,TV-MA,57,"['reality', 'music']",US,['US'],2,tt9278032,7.6,1541,3.802,8.2
tm835869,Jarhead: Law of Return,MOVIE,"Major Ronan Jackson, an accomplished fighter pilot for the Israel Defense Forces and son of a U.S. Senator, is shot down while flying through Syrian airspace. After miraculously surviving the crash, Jackson is taken captive by a group of Hezbollah militiamen. A squad of elite soldiers, led by Gunnery Sergeant Dave Torres, risk their own lives in the hopes of saving an ally they've never met.",2019,R,103,['war'],US,"['US', 'IL']",,tt10767720,5.6,,27.926,6.5
tm450673,The Last Laugh,MOVIE,"After moving to a retirement home, restless talent manager Al reconnects with long-ago client Buddy and coaxes him back out on the comedy circuit.",2019,,98,['comedy'],US,['US'],,tt7427356,5.6,5692,9.907,5.4
ts256784,Trash Truck,SHOW,"Six-year old Hank and his best pal, a giant trash truck, explore the world around them on fantastical adventures with their animal friends.",2020,TV-Y,14,[],US,['US'],2,,,,8.503,7.8
ts108593,The Unsettling,SHOW,"Becca, a 16-year-old girl, arrives at her new foster home located in a remote area. Her foster siblings are less than welcoming but none more so than the 11-year-old biological son of their foster parents. Becca tries to keep to herself and adjust to her new home, but strange things start to happen around her, and Becca is uncertain about who or what is responsible.",2019,TV-14,23,"['fantasy', 'horror', 'scifi', 'thriller', 'crime']",US,['US'],1,tt8680902,5.2,712,12.273,7
tm470378,ReMastered: Devil at the Crossroads,MOVIE,"Robert Johnson was one of the most influential blues guitarists ever. Even before his early death, fans wondered if he'd made a pact with the Devil.",2019,,48,"['documentation', 'music']",US,['US'],,tt9046574,7,2691,7.171,6.9
ts236182,Brews Brothers,SHOW,"Two rival brothers must work together to keep their brewery in business, but shenanigans keep foaming up their company with chaos.",2020,TV-MA,11,"['comedy', 'drama']",US,['US'],1,tt10930958,5.1,1944,5.258,5
tm857399,Marc Maron: End Times Fun,MOVIE,"Marc Maron wades through a swamp of vitamin hustlers, evangelicals and grown male nerd children, culminating in a gleefully filthy end-times fantasy.",2020,,71,"['comedy', 'documentation']",US,['US'],,tt11810418,6.8,1906,4.63,7
tm464435,Grass Is Greener,MOVIE,"Weed. Marijuana. Grass. Pot. Whatever you prefer to call it, America’s relationship with cannabis is a complicated one. In his directorial debut, hip hop pioneer Fab 5 Freddy presents an unparalleled look at the racially biased history of the war on marijuana. A range of celebrities and experts discuss the plant’s influence on music and popular culture, and the devastating impact its criminalization has had on Black and Latino communities. As more and more states join the push to legalize marijuana, this documentary dives deep into the glaring racial disparities in the growing cannabis market.",2019,,97,['documentation'],US,['US'],,tt10050782,7.1,1322,6.429,6.9
tm885845,Murder to Mercy - The Cyntoia Brown Story,MOVIE,"After 16-year-old Cyntoia Brown is sentenced to life in prison, questions about her past, physiology and the law itself call her guilt into question.",2020,,96,['documentation'],US,['US'],,tt9050898,6.3,2693,9.003,7.1
tm468724,All in My Family,MOVIE,"After starting a family of his very own in the United States, a gay filmmaker documents his loving, traditional Chinese family's process of acceptance.",2019,,39,['documentation'],US,"['CN', 'US']",,,,,5.109,6.4
tm1147120,"The Witcher Bestiary Season 1, Part 2",MOVIE,"Basilisks, dragons and more beasts haunt the Continent. Explore the mythologies of the mysterious monsters Geralt hunts to earn the coins tossed his way.",2020,,10,['documentation'],US,['US'],,,,,4.535,4.9
tm458326,Walk. Ride. Rodeo.,MOVIE,"Tells the incredible true story of Amberley Snyder, a nationally ranked rodeo barrel racer who defies the odds after barely surviving a car accident that leaves her paralyzed from the waist down.",2019,,100,['drama'],US,['US'],,tt5848416,6.4,2341,11.018,7
tm917822,The 2nd,MOVIE,"Secret-service agent Vic Davis is on his way to pick up his estranged son, Sean, from his college campus when he finds himself in the middle of a high-stakes terrorist operation. His son's friend Erin Walton, the daughter of Supreme Court Justice Walton is the target, and this armed faction will stop at nothing to kidnap her and use her as leverage for a pending landmark legal case.",2020,,93,"['action', 'drama']",US,['US'],,tt11697484,3.8,8494,10.45,5.6
tm846941,John Was Trying to Contact Aliens,MOVIE,"John Shepherd spent 30 years trying to contact extraterrestrials by broadcasting music millions of miles into space. After giving up the search, he makes a different connection here on earth.",2020,,16,['documentation'],US,['US'],,,,,3.639,6.4
tm882887,LA Originals,MOVIE,"Photographer Estevan Oriol and artist Mister Cartoon turned their Chicano roots into gritty art, impacting street culture, hip hop and beyond.",2020,,92,['documentation'],US,"['US', 'AR']",,tt12027020,7.2,1800,9.054,7.1
tm821164,Enter the Anime,MOVIE,"What is anime? Through deep-dives with notable masterminds of this electrifying genre, this fast-paced documentary seeks to find the answers.",2019,,58,['documentation'],US,"['US', 'JP']",,tt10662450,2.6,1627,5.545,5.8
ts250871,The Business of Drugs,SHOW,"To detail how drugs push people into risky — even deadly — behaviors, a former CIA analyst investigates the economics of six illicit substances.",2020,TV-MA,44,"['crime', 'documentation']",US,['US'],1,tt12588416,7.2,1646,6.74,7
ts243256,Social Distance,SHOW,"Shot in isolation, this tragicomic anthology series features both dark and funny takes on how people strive to stay connected while staying apart.",2020,TV-MA,20,"['drama', 'comedy']",US,['US'],1,tt14773740,5.7,651,12.324,6.8
ts222980,Singapore Social,SHOW,"Peer into the lives of young Singaporeans as they defy expectations and traverse the tricky terrain of career, romance and family.",2019,,40,['reality'],US,['US'],1,tt11194508,4.9,3670,0.952,10
tm847623,Rogue Warfare: Death of a Nation,MOVIE,"After rescuing Daniel from the terrorist Black Mask Organization, the team uncovers plans for a deadly bomb set to detonate in 36 hours that threatens world order. With no time to recover, Daniel must throw his life back on the line as he and his elite team of soldiers race against time to find the bomb and defeat their enemy once and for all. Outnumbered and overmatched, each soldier must find their inner strength and skill to overcome insurmountable odds.",2020,R,103,"['action', 'war']",US,['US'],,tt7983744,3.4,370,3.537,4.8
tm832843,Jeff Dunham: Beside Himself,MOVIE,"The ventriloquist, Jeff Dunham, taped his second Netflix special in his hometown of Dallas, TX in the American Airlines Center. He returns with his normal cast of characters including Walter, Bubba J, Peanut, José Jalapeño on a Stick, Achmed the Dead Terrorist, and one of his newest additions Larry, a high strung, chain-smoking, on-again, off-again personal adviser to the President.",2019,,58,['comedy'],US,['US'],,tt10847194,6.9,1077,3.405,7.5
tm822832,Lingua Franca,MOVIE,"Olivia, an undocumented Filipina immigrant paranoid about deportation works as a caregiver to a Russian-Jewish grandmother in Brighton Beach, Brooklyn, NY. When the man she’s secretly paying for a green card marriage backs out, she becomes involved with a slaughterhouse worker who is unaware that she’s a trans woman.",2020,,95,['drama'],US,"['PH', 'US']",,tt8943224,6.5,671,1.985,6.1
tm898759,Fatal Affair,MOVIE,"Ellie tries to mend her marriage with her husband Marcus after a brief encounter with an old friend, David, only to find that David is more dangerous and unstable than she'd realized.",2020,,89,['thriller'],US,['US'],,,,,18.035,5.7
tm889390,Ben Platt: Live from Radio City Music Hall,MOVIE,"Backed by a full band and a ready wit, actor Ben Platt opens up a very personal songbook onstage -- numbers from his debut LP, ""Sing to Me Instead.""",2020,,85,"['documentation', 'music']",US,['US'],,,,,7.739,8.1
tm452962,Eye for an Eye,MOVIE,"Mario, an exemplary man, lives in a village on the Galician coast. In the old people’s home, where he works as a nurse, everyone appreciates him. When the best known narco in the area, Antonio Padín, recently released from prison, enters the residence, Mario tries to make Antonio feel at home.  Now, Padín's two sons, Kike and Toño, are in charge of the family business. The failure of an operation will put Kike in jail and cause them to owe a large debt to a Colombian supplier. Toño will turn to the nurse to try to convince his father to assume the debt. But Mario has his own plans.",2019,,107,"['thriller', 'european']",US,"['FR', 'ES', 'US']",,,,,9.353,6.7
tm881891,Chris D'Elia: No Pain,MOVIE,Chris D'Elia takes the stage in Minneapolis to offer his thoughts on everything from self-censorship to problematic dolphins to lame mutant powers.,2020,,55,['comedy'],US,['US'],,tt11987296,5.9,1772,2.156,6.6
tm880059,All Day and a Night,MOVIE,A young man who committed a homicide deals with the repercussions of his action.,2020,R,121,['drama'],US,['US'],,tt3993886,5.9,3627,8.057,6.2
ts253288,Felipe Esparza: Bad Decisions,SHOW,"Two live performances, one in English and one in Spanish. No matter the language, Felipe Esparza is muy muy.",2020,TV-MA,62,['comedy'],US,['US'],1,tt12875768,5.4,166,1.678,10
tm474862,Bennett's War,MOVIE,"After surviving an IED explosion in combat overseas, a young soldier with the Army Motorcycle Unit is medically discharged with a broken back and leg. Against all odds he trains to make an impossible comeback as a motocross racer in order to support his family.",2019,PG-13,95,"['drama', 'sport']",US,['US'],,tt7370952,6,858,5.634,7.1
tm449590,Rattlesnake,MOVIE,"After a mysterious woman saves her daughter from a deadly snakebite, a single mother must repay the debt by killing a stranger before sundown.",2019,,85,"['horror', 'thriller', 'drama', 'crime']",US,['US'],,tt9257484,4.6,8487,10.874,5.2
tm827640,Travis Scott: Look Mom I Can Fly,MOVIE,"While crafting his Grammy-nominated album ""Astroworld,"" Travis Scott juggles controversy, fatherhood and career highs in this intimate documentary.",2019,,85,"['music', 'documentation']",US,['US'],,tt10856726,6.3,4527,13.38,7
tm850454,Tom Papa: You're Doing Great!,MOVIE,"Comedian Tom Papa takes on body image issues, social media, pets, Staten Island, the ""old days"" and more in a special from his home state of New Jersey.",2020,,60,['comedy'],US,['US'],,tt11177308,7.2,844,4.92,6.1
ts270439,Best Leftovers Ever!,SHOW,"Home cooks compete to transform leftovers into delicious creations, finding ways to give old leftovers new life, all in the hopes of winning a $10,000 prize.",2020,TV-G,36,['reality'],US,['US'],1,tt13563634,5.6,515,1.733,6.8
tm947555,Sarah Cooper: Everything's Fine,MOVIE,"Comedian and Trump lip-synching sensation Sarah Cooper tackles politics, race and other light topics in a sketch special packed with celebrity guests.",2020,,49,['comedy'],US,['US'],,tt12882062,5.5,1708,4.472,5.3
tm835305,Dancing with the Birds,MOVIE,"Some of the world's most majestic birds display delightfully captivating mating rituals, from flashy dancing to flaunting their colorful feathers.",2019,,51,['documentation'],US,['US'],,,,,12.461,8
ts88336,Dating Around,SHOW,"In each episode of flirtations and fails, one real-life single navigates five blind dates. The mission: Find one match worthy of a second date.",2019,,30,"['reality', 'romance']",US,['US'],2,tt9654080,6.3,1204,6.125,5.5
tm932595,A Babysitter's Guide to Monster Hunting,MOVIE,"Recruited by a secret society of babysitters, a high schooler battles the Boogeyman and his monsters when they nab the boy she's watching on Halloween.",2020,PG,94,"['fantasy', 'comedy', 'family']",US,['US'],,tt4844150,5.4,4067,66.921,6.2
tm1081074,Justine,MOVIE,"A woman dealing with the loss of her husband, the struggle of parenthood and finding work in a new state finds solace in her relationship with an 8 year old physically disabled girl named Justine who she takes care of.",2019,,105,['drama'],US,['US'],,tt8202262,6.7,704,2.592,6.8
tm945825,Bobbleheads: The Movie,MOVIE,"Get ready for a big shake-up when misfit bobbleheads take on trashy humans and a slobbery dog who crash their home with plans to swap a new baseball player bobblehead for a valuable one of them. With some guidance from Bobblehead Cher, they find the courage to bobble-up for an outrageous battle of wits and wobble.",2020,PG,82,"['comedy', 'family', 'animation']",US,['US'],,tt13292206,2.4,349,17.987,5.6
tm474548,Good Sam,MOVIE,A news reporter looks into who has been anonymously leaving large cash gifts on random doorsteps in New York.,2019,PG,90,"['drama', 'comedy']",US,['US'],,tt9032888,5.7,2890,7.332,6
tm819107,Aziz Ansari: Right Now,MOVIE,"Aziz Ansari shares deep personal insights and hilarious takes on wokeness, family and the social climate.",2019,,65,['comedy'],US,['US'],,tt10575038,7.5,5111,4.635,7.4
tm827168,Sturgill Simpson Presents Sound & Fury,MOVIE,"In this anime visual album, a mysterious driver heads deep into a postapocalyptic hellscape toward a ferocious showdown with two monstrous opponents.",2019,,40,['animation'],US,"['JP', 'US']",,tt10682000,,,3.557,6.3
tm812781,Katherine Ryan: Glitter Room,MOVIE,"Canadian comic Katherine Ryan's stand-up special packed with anecdotes, jokes, and a pertinent take on society.",2019,,65,['comedy'],US,['US'],,tt10438648,6.7,1920,2.752,6.7
tm945168,Secrets of the Saqqara Tomb,MOVIE,"This documentary follows a team of local archaeologists excavating never before explored passageways, shafts, and tombs, piecing together the secrets of Egypt’s most significant find in almost 50 years in Saqqara.",2020,,113,"['documentation', 'history']",US,"['EG', 'US']",,tt13150630,7.2,6189,19.701,7.4
tm933639,Wish Upon a Unicorn,MOVIE,"Two children discover that their mother is gone. The youngest of the pair, adventurer and upcomming singer, Long Johnson forces his older sister, Lily Johnson, to hunt down a unicorn with magical blood.",2020,PG,93,"['fantasy', 'family']",US,['US'],,tt10798660,5.4,176,28.467,7.1
tm938227,Dolly Parton's Christmas on the Square,MOVIE,A rich and nasty woman returns to her hometown to evict everyone but discovers the true meaning of Christmas thanks to the local townsfolk – and an actual angel. Features 14 original songs with music and lyrics by Dolly Parton!,2020,PG,98,"['comedy', 'family']",US,['US'],,tt10627548,5.2,2675,5.099,5.9
tm475501,Wanda Sykes: Not Normal,MOVIE,"Wanda Sykes tackles politics, reality TV, racism and the secret she'd take to the grave in this rollicking, no-holds-barred stand-up special.",2019,,66,['comedy'],US,['US'],,tt9169592,7.2,1790,3.413,6.9
tm845552,Giving Voice,MOVIE,"Every year, thousands of high schoolers enter the August Wilson monologue competition for a chance to perform on Broadway. This film follows these students, examining how Wilson and his characters speak to a new generation, inspiring them to listen to his words and find their own voice.",2020,PG-13,90,['documentation'],US,['US'],,,,,3.878,6.2
ts250803,Say I Do,SHOW,"In this reality show, couples overcome obstacles to celebrate their love in surprise dream weddings designed by three experts in less than a week.",2020,TV-14,55,['reality'],US,"['GB', 'US']",1,tt12540060,7.7,527,3.444,7.7
tm925858,Black Beach,MOVIE,"Carlos, a ruthless Spanish negotiation expert working in Brussels, is tasked with handling the kidnapping of a senior oil company executive in a troubled West African country —with which he has old and deep ties—, torn by ethnic tensions and government abuses.",2020,,115,"['drama', 'thriller', 'fantasy', 'action']",US,"['ES', 'US', 'BE']",,tt9660688,5.6,1544,7.192,6
tm932201,Hope Frozen,MOVIE,"A Buddhist scientist from Bangkok decides to cryo-preserve his daughter's brain. As scandal swirls around the family, they struggle to grieve a child that, in their view, is suspended between death and a future reawakening.",2019,,75,['documentation'],US,"['TH', 'US']",,,,,2.206,8.2
tm428702,The Brave,MOVIE,In an Albanian town known for drug production and trafficking an elite group of cops set out to end the war waged against the local police.,2019,,103,"['thriller', 'action', 'crime']",US,['US'],,tt5524630,5,1320,4.95,5.6
tm475162,American Woman,MOVIE,"A political activist helps take care of a group of America’s most wanted fugitives — including a well-known, recently radicalized heiress — in this fictionalized reimagining of the Patty Hearst affair.",2019,R,85,['drama'],US,"['US', 'CA']",,,,,3.217,5.3
tm818154,Whitney Cummings: Can I Touch It?,MOVIE,"In her fourth stand-up special, Whitney Cummings returns to her hometown of Washington, D.C., and riffs on modern feminism, relationships, technology and, of course, sex robots. She also brings a very special guest to say hi.",2019,,59,['comedy'],US,['US'],,tt10521638,6.5,1732,2.961,6.8
tm825102,Our Planet: Behind the Scenes,MOVIE,Behind the Scenes look at the hardships and drama of capturing footage from Our Planet.,2019,,63,['documentation'],US,"['US', 'GB']",,tt10746342,8.4,1672,8.629,7.9
ts237304,Chico Bon Bon: Monkey with a Tool Belt,SHOW,STEM children's series focusing on construction and how mechanical things work.,2020,,14,[],US,['US'],4,,,,6.118,8.7
tm973536,Kevin Hart: Zero F**ks Given,MOVIE,"Kevin Hart serves up laughs and brick oven pizza from the comfort of his home, and dishes on male group chats, sex after 40 and life with COVID-19.",2020,R,69,['comedy'],US,['US'],,tt13433082,6,3342,5.133,6.9
tm466255,Kevin Hart: Irresponsible,MOVIE,"Stand-up comedian Kevin Hart talks about his family, travel and a year full of reckless behavior in front of a live sold-out crowd in London.",2019,,60,['comedy'],US,['US'],,tt10009796,6.5,4437,6.366,6.8
ts251272,Skin Decision: Before and After,SHOW,Skin and beauty expert Nurse Jamie and plastic surgeon Dr. Sheila Nazarian use the latest procedures to bring out their clients' best selves.,2020,TV-MA,36,['reality'],US,['US'],1,tt12588326,5.8,405,4.305,8
tm840761,The Princess Switch: Switched Again,MOVIE,"When Duchess Margaret unexpectedly inherits the throne & hits a rough patch with Kevin, it’s up to Stacy to save the day before a new lookalike — party girl Fiona — foils their plans.",2020,G,97,['romance'],US,"['GB', 'US']",,,,,12.298,6.9
tm878995,Dragons: Rescue Riders: Hunt for the Golden Dragon,MOVIE,"The Rescue Riders have been asked to find a precious golden dragon egg, and keep it safe from evil pirates.",2020,,46,"['action', 'comedy', 'family', 'fantasy', 'animation']",US,['US'],,tt11875456,5.2,153,7.507,6.8
tm982100,"ariana grande: excuse me, i love you",MOVIE,Ariana Grande takes the stage in London for her Sweetener World Tour and shares a behind-the-scenes look at her life in rehearsal and on the road.,2020,,97,"['music', 'documentation']",US,['US'],,tt13615386,6.3,2540,28.491,8.4
tm931436,Welcome to Sudden Death,MOVIE,"Jesse Freeman is a former special forces officer and explosives expert now working a regular job as a security guard in a state-of-the-art basketball arena. Trouble erupts when a tech-savvy cadre of terrorists kidnap the team's owner and Jesse's daughter during opening night. Facing a ticking clock and impossible odds, it's up to Jesse to not only save them but also a full house of fans in this highly charged action thriller.",2020,R,80,['action'],US,"['FR', 'JP', 'GB', 'US', 'CA']",,tt10804786,4.3,,8.443,6.3
tm838705,Holiday Rush,MOVIE,"After his sudden firing, a popular radio DJ moves in with his aunt, bringing along his four spoiled children, and a plan to return to the airwaves.",2019,,94,"['comedy', 'drama', 'romance', 'family']",US,['US'],,tt10091530,4.9,2705,12.387,5.6
tm470252,Calum von Moger: Unbroken,MOVIE,"To many in the bodybuilding world, Calum von Moger is seen as the future of the sport. A two time Mr. Universe champion who has proven himself to have one of the greatest physiques currently on the professional stage; Calum was catapulted into social media stardom. Known for his resemblance to Arnold Schwarzenegger and dubbed Arnold 2.0.  But a sudden and tragic bicep tear brought his training and goals to a grinding halt. Losing dozens of pounds of muscle and unable to train until fully recovering – Calum was forced to reassess his bodybuilding path and find a way to fight back up to the top. Calum von Moger: Unbroken chronicles his rise, fall, and now recovery as he moves into a promising career in television and film.  Showcasing a man with an indomitable will that overcomes all the hurdles in his path and taking him to a place that both skeptics and doctors thought was impossible.",2019,,93,['documentation'],US,['US'],,tt10308686,6.3,828,3.934,7.4
tm462778,Jimmy Carr: The Best of Ultimate Gold Greatest Hits,MOVIE,Nothing is off limits as Jimmy Carr serves up the most outrageous jokes from his stand-up career in a special that's not for the faint of heart.,2019,,58,['comedy'],US,['US'],,tt9817258,7.3,2201,3.164,6.9
ts250872,Southern Survival,SHOW,"The BattlBox crew tests out products designed to help people survive dangerous situations, including explosions, natural disasters and intruders.",2020,,30,['reality'],US,['US'],1,tt12588286,5.1,454,3.517,8.3
tm453727,Deadly Switch,MOVIE,"When a foreign exchange student, Ana, studying abroad in America becomes the target of a dangerous stalker, she accepts the invitation to move in with her roommate's family in their idyllic town.",2019,,86,['thriller'],US,['US'],,tt8354582,4.5,1303,8.174,5.6
ts87489,Trigger Warning with Killer Mike,SHOW,"In this funny and provocative series, rapper and activists Killer Mike puts his revolutionary ideas about achieving social change into action.",2019,TV-MA,26,"['documentation', 'comedy']",US,['US'],1,tt9426194,6.9,1249,2.457,7.1
tm944331,Shawn Mendes: In Wonder,MOVIE,"A portrait of singer-songwriter Shawn Mendes' life, chronicling the past few years of his rise and journey.",2020,,83,"['music', 'documentation']",US,['US'],,tt13276386,6.5,2016,10.152,8.3
tm979689,Canvas,MOVIE,"After a heartbreaking loss, a grandfather struggling to reclaim his passion for painting finds the inspiration to create again.",2020,G,9,['drama'],US,['US'],,,,,10.171,6.5
tm838765,A Christmas Prince: The Royal Baby,MOVIE,"Christmas brings the ultimate gift to Aldovia: a royal baby. But first, Queen Amber must help her family and kingdom by finding a missing peace treaty.",2019,,84,"['romance', 'family']",US,['US'],,tt10006006,5.3,6704,13.992,6.4
tm844497,The Irishman: In Conversation,MOVIE,"Martin Scorsese, Robert De Niro, Joe Pesci, and Al Pacino in conversation about The Irishman.",2019,,23,['documentation'],US,['US'],,,,,6.995,7.6
tm856945,Carmen Sandiego: To Steal or Not to Steal,MOVIE,"You drive the action in this interactive adventure, helping Carmen save Ivy and Zack when V.I.L.E. captures them during a heist in Shanghai.",2020,,31,"['animation', 'action', 'family']",US,"['CA', 'US']",,tt11767524,,,7.155,6.4
tm892081,Eric Andre: Legalize Everything,MOVIE,"Comedian Eric Andre presents his very first Netflix original stand-up special. Taking the stage in New Orleans, Andre breaks the boundaries of comedy as he critiques the war on drugs, the war on sex, and the war on fart jokes!",2020,R,52,['comedy'],US,['US'],,tt12327104,6.1,2491,2.594,6.3
tm474061,Malibu Rescue,MOVIE,"When a long list of shenanigans lands Tyler in hot water, he’s forced to suit up and spend his summer training for an elite junior lifeguard program.",2019,,69,"['action', 'comedy', 'family']",US,['US'],,tt9228950,5,1220,9.434,6.4
tm675171,The Black Godfather,MOVIE,"Follows the life of Clarence Avant, the ultimate, uncensored mentor and behind-the-scenes rainmaker in music, film, TV and politics.",2019,,118,"['documentation', 'music']",US,['US'],,tt10289996,7.4,1341,9.366,6.8
tm467116,Life Overtakes Me,MOVIE,"Hundreds of refugee children in Sweden, who have fled with their families from extreme trauma, have become afflicted with 'uppgivenhetssyndrom,' or Resignation Syndrome. Facing deportation, they withdraw from the world into a coma-like state, as if frozen, for months, or even years.",2019,,39,['documentation'],US,"['US', 'SE']",,tt9204606,5,45,8.855,6.4
ts214463,"Los Briceño, una familia todo terreno",SHOW,"This is the story of ""La Chiqui"", the youngest daughter of a family of truckers. In this universe of trucks, where macho men, popular music and roadside love stories rule, ""La Chiqui"" gets pregnant. Her father kicks her out of her family home, forcing her to face a world where no one believes in her because she is a woman. However, she will manage to get ahead with her job, becoming a respected woman in her guild.",2019,,46,['drama'],US,['US'],2,tt10348478,8,133,3.141,
ts223308,Astronomy Club: The Sketch Show,SHOW,"With unique individual perspectives that converge into a unified voice, sketch comedy group Astronomy Club delivers a smart and absurd brand of humor.",2019,TV-MA,20,['comedy'],US,['US'],1,tt10675488,6.9,591,1.557,7.3
tm946360,Really Love,MOVIE,A rising black painter tries to break into a competitive art world while balancing an unexpected romance with an ambitious law student.,2020,,95,"['drama', 'romance']",US,['US'],,tt8722624,6,807,9.122,6.5
ts218307,Styling Hollywood,SHOW,Stylist and interior designer Jason Bolden and husband Adair Curtis of JSN Studio make the magic happen on the red carpet and at home for A-listers.,2019,TV-14,37,['reality'],US,['US'],1,tt10715202,6.6,355,2.073,10
ts222942,Narcoworld: Dope Stories,SHOW,Documentary series that follows police officers as they hunt out drug smugglers around the world,2019,TV-MA,40,"['crime', 'documentation']",US,['US'],1,tt11215112,6.6,317,2.257,9.1
tm871330,Full Out 2: You Got This!,MOVIE,"When the University of Oklahoma Sooners lose their star gymnast, Brenna Dowell, the rest of the team have to find a way to believe in themselves in order to win their second National Gymnastics Championship. With the help of Riley, a local breakdancing phenomenon, Chayse and her OU teammates learn to incorporate intricate breakdance techniques into their gymnastics routines in order to find a competitive edge. At the end of it all, they realize what matters most is finding the confidence to believe in yourself.",2020,,90,['family'],US,['US'],,tt11247064,4.6,504,5.552,6.5
ts223110,Sugar Rush Christmas,SHOW,"It's everything you love about ""Sugar Rush"" -- with a holly jolly holiday twist -- in this Christmas-themed spin on competitive baking.",2019,TV-PG,50,['reality'],US,['US'],2,tt11168116,6.8,578,1.298,7.7
tm841410,Fire in Paradise,MOVIE,"In this documentary, survivors recall the catastrophic 2018 Camp Fire, which razed the town of Paradise and became California’s deadliest wildfire.",2019,,39,['documentation'],US,['US'],,,,,3.289,6.8
ts222599,Queer Eye: We're in Japan!,SHOW,"The team of Queer Eye take their gorgeous, uplifting make-over skills to the Land of the Rising Sun.",2019,TV-14,50,['reality'],US,['US'],1,tt10971532,8.2,2560,1.161,7.1
tm918373,Malibu Rescue: The Next Wave,MOVIE,"It’s summer again, and everyone’s favorite Junior Rescuers, The Flounders, are back at Tower 2. With the International Junior Rescue Championships headed to Southern California, the eyes of the entire planet are on Malibu Beach. But when Team USA falls victim to a bout of food poisoning, it’s up to Tyler, Dylan, Eric, Lizzie and Gina to represent their country in the world's most extreme lifeguard challenge!",2020,,70,"['comedy', 'family', 'action']",US,['US'],,tt11032990,4.7,818,9.507,6.5
ts105601,Archibald's Next Big Thing,SHOW,The adventures of a care-free Chicken named Archibald.,2019,TV-Y7,24,"['scifi', 'animation', 'comedy', 'family', 'fantasy', 'action']",US,['US'],2,tt9165404,7.5,284,10.207,8
ts214861,Prank Encounters,SHOW,takes two complete strangers who each think they're starting their first day at a new job. It's business as usual until their paths collide and these part-time jobs turn into full-time nightmares.,2019,TV-MA,25,"['comedy', 'horror', 'reality', 'scifi']",US,['US'],2,tt10487072,5.2,2615,20.083,7.3
tm957903,The Boys in the Band: Something Personal,MOVIE,"Decades after his play first put gay life center stage, Mart Crowley joins the cast of the 2020 film to reflect on the story's enduring legacy.",2020,,28,['documentation'],US,['US'],,tt13206842,7.2,356,2.481,8.5
tm946927,Dance Dreams: Hot Chocolate Nutcracker,MOVIE,"This documentary spotlights Debbie Allen's career and follows her group of dance students as they prepare for Allen's annual ""Hot Chocolate Nutcracker,"" a reimagining of the classic ballet.",2020,,80,"['documentation', 'family']",US,['US'],,tt8741182,7,339,4.549,7.8
ts228502,The Iliza Shlesinger Sketch Show,SHOW,"From the mind of Iliza Shlesinger comes a secret world filled with absurd characters, insight into the female experience, and irreverent yet poignant social commentary.",2020,TV-MA,19,['comedy'],US,['US'],1,tt11092086,5,914,2.545,8
tm466954,Alien Warfare,MOVIE,A team of Navy Seals investigates a mysterious science outpost only to have to combat a squad of powerful alien soldiers.,2019,,88,"['thriller', 'action', 'scifi']",US,['US'],,tt9562694,2.6,3460,18.522,4.1
tm843345,Pinkfong & Baby Shark's Space Adventure,MOVIE,Follow PinkFong and Baby Shark’s space journey as they visit mysterious planets to help find the special star for PinkFong!,2019,,66,"['animation', 'family', 'fantasy']",US,"['KR', 'US']",,tt13836494,5.1,74,3.52,4
tm889647,The Stand at Paxton County,MOVIE,A military veteran comes home to find her father harassed by a sheriff intent on confiscating the livestock on their ranch under shady pretenses.,2020,R,102,"['thriller', 'drama']",US,['US'],,tt8362228,6.4,1069,5.339,6
ts112667,Go! Go! Cory Carson,SHOW,"Based on the Go. Go. toy line from VTech, children's series follows the adventures of Cory Carson.",2020,TV-Y,9,"['animation', 'comedy', 'family']",US,['US'],6,tt8115702,7.9,238,14.214,8.4
tm845850,Out Of The Clear Blue Sky,MOVIE,"Returning to Earth as an imitator, the legendary Mexican artist Pedro Infante must prove that he is no longer a womanizer to enter paradise.",2019,,112,"['comedy', 'drama']",US,"['MX', 'US']",,,,,27.102,8.1
ts251929,DeMarcus Family Rules,SHOW,Rascal Flatts bassist Jay DeMarcus and ex-beauty queen Allison DeMarcus write their own rules for juggling family and fun in this reality show.,2020,TV-14,29,['reality'],US,['US'],1,tt12759420,6.2,110,1.469,5.5
ts101503,Team Kaylie,SHOW,A wealthy teenager tries to prove herself after she's forced outside of her comfort zone.,2019,TV-PG,30,['comedy'],US,['US'],3,tt9717424,4,333,12.491,8.2
tm977478,Nate: A One Man Show,MOVIE,"Tough talk takes a soft turn as Nate, played by comedian Natalie Palamides, explores humor, heartbreak, sexuality and consent — with a live audience.",2020,,59,['comedy'],US,['US'],,tt10798934,6.6,346,2.52,6.2
tm910040,Milkwater,MOVIE,"Seeking direction and purpose, Milo rashly decides to become a surrogate and egg donor for an older gay man she meets in a bar. However, as Milo becomes increasingly attached to him, she starts leveraging the pregnancy as a means of staying embedded in his life.",2020,,102,['drama'],US,['US'],,,,,3.234,4
tm452574,"Ray Romano: Right Here, Around the Corner",MOVIE,"Ray Romano cut his stand-up teeth at the Comedy Cellar in New York. Now, in his first comedy special in 23 years, he returns to where it all began.",2019,,58,"['comedy', 'documentation']",US,['US'],,tt8101766,7.2,1654,3.032,6.8
tm420181,Spelling the Dream,MOVIE,"Since 1999, 18 of the last 22 winners of the Scripps National Spelling Bee have been Indian-American, making the incredible trend one of the longest in sports history. “Breaking the Bee” is a feature-length documentary that explores and celebrates this new dynasty while following four students, ages 7 to 14, as they vie for the title of spelling bee champion.",2020,,82,['documentation'],US,['US'],,tt6193522,6.9,716,5.741,7.7
tm828326,The Crystal Calls - Making The Dark Crystal: Age of Resistance,MOVIE,"Go behind the scenes with stars, puppeteers and creators as they bring Jim Henson's magical world of Thra back to life in a sweeping fantasy series.",2019,,83,['documentation'],US,['US'],,tt10924716,7.6,528,9.84,7.4
ts252015,GAME ON: A Comedy Crossover Event,SHOW,"Worlds collide in this special event featuring familiar faces, surprise cameos and stories of spirited competition from four different comedy series.",2020,TV-G,29,"['comedy', 'family']",US,['US'],2,tt12800428,5.4,213,1.761,7.7
tm452996,"Ken Jeong: You Complete Me, Ho",MOVIE,"In his first-ever stand-up special, Ken Jeong shares hilarious stories from his Hollywood career -- and reveals how ""The Hangover"" saved his life.",2019,,62,['comedy'],US,['US'],,tt8466562,5.7,2368,5.193,6
tm1096875,Ma Rainey's Black Bottom: A Legacy Brought to Screen,MOVIE,"Viola Davis, Denzel Washington, George C. Wolfe and more share the heart, soul and history that brought August Wilson's timeless play to the screen.",2020,PG,31,['documentation'],US,['US'],,,,,3.444,6.5
tm825952,Simon Amstell: Set Free,MOVIE,"Comedies Honest, introspective comic Simon Amstell digs deep and delivers a uniquely vulnerable stand-up set on love, ego, intimacy and ayahuasca.",2019,,51,['comedy'],US,['US'],,tt10687642,6.5,797,2.087,6.1
tm943771,Angela's Christmas Wish,MOVIE,"A determined Angela makes a wish to reunite her family in time for Christmas, then launches a plan to find her way from Ireland to Australia.",2020,G,47,"['animation', 'comedy', 'drama', 'family']",US,"['IE', 'US']",,tt13260836,7.1,1434,39.273,6.4
tm887052,Father Soldier Son,MOVIE,"When Sgt. First Class Brian Eisch is critically wounded in Afghanistan, it sets him and his sons on a journey of love, loss, redemption and legacy.",2020,R,99,"['war', 'documentation']",US,['US'],,tt12187586,7.3,929,9.731,6.2
tm461726,Ghosts of Sugar Land,MOVIE,"Shocked when their friend embraces extremism, a group of Muslim Americans in Texas recount their time with him and theories about his fate.",2019,,21,['documentation'],US,['US'],,,,,2.805,5.8
tm810423,"Colin Quinn: Red State, Blue State",MOVIE,Stand-up comedian Colin Quinn calls out the hypocrisies of the left and the right in this special based on his politically charged Off-Broadway show.,2019,,65,['comedy'],US,['US'],,tt10403090,7.6,716,3.236,7.5
tm841239,The Road to El Camino: Behind the Scenes of El Camino: A Breaking Bad Movie,MOVIE,"Aaron Paul, Vince Gilligan and other cast members, producers and crew share stories and footage from the making of ""El Camino.""",2019,PG-13,13,['documentation'],US,['US'],,tt11151792,7.1,1356,2.744,7
ts253722,Sing On!,SHOW,"In this fun, fast-paced music contest hosted by Tituss Burgess, players sing their hearts out and try to hit the right notes to win up to $60,000.",2020,TV-G,36,"['reality', 'music']",US,['US'],1,tt12923734,6.4,380,3.073,8.5
ts221151,Living Undocumented,SHOW,Eight undocumented families' fates roller-coast as the United States' immigration policies are transformed.,2019,TV-MA,42,['documentation'],US,['US'],1,tt10977486,6.7,577,1.686,6
tm843958,Rogue Warfare: The Hunt,MOVIE,The next installment of the Rogue Warfare Trilogy. Daniel has been captured and it is up to the TEAM to find him before it is to late.,2019,R,103,['action'],US,['US'],,tt7983712,3.1,570,6.517,5.6
tm472195,Almost Love,MOVIE,"Adam and Marklin’s 5-year relationship has gone from a passionate flame to a simmer, forcing them to reconcile with each other’s shortcomings while their friends endlessly search for love in New York City.",2019,,94,"['comedy', 'drama', 'romance']",US,['US'],,tt8739582,5.7,1087,4.522,6.5
tm466426,The Trap,MOVIE,A man returns home to Atlanta to help and turn around his family's struggling restaurant with the help of a new chicken recipe.,2019,,90,['comedy'],US,['US'],,tt5990444,4.3,1590,7.5,5
tm835512,The Spooky Tale of Captain Underpants Hack-a-Ween,MOVIE,"When Melvin tries to cancel Halloween, clever best friends Harold and George create their own spooky holiday -- and it's a huge success.",2019,,45,"['comedy', 'family', 'animation', 'action']",US,['US'],,tt10945060,6,201,5.229,5.9
ts256134,Country Ever After,SHOW,"Country artist Coffey Anderson and his wife, hip-hop dancer Criscilla, juggle family life, career goals and tests of faith in this reality series.",2020,TV-PG,24,"['reality', 'music']",US,['US'],1,tt12987872,6.3,169,0.777,9.7
ts89895,Mighty Little Bheem,SHOW,An innocent toddler’s boundless curiosity -- and extraordinary might -- lead to mischief and adventure in his small Indian town.,2019,TV-Y,6,"['comedy', 'family', 'fantasy', 'animation']",US,['US'],3,tt10050752,6.4,249,8.062,8.2
ts105589,Rhyme Time Town,SHOW,"Two best friends find fun and adventure while living in Rhyme Time Town, a fantastical place filled with beloved nursery rhyme characters.",2020,TV-Y,23,"['animation', 'comedy', 'family']",US,['US'],2,tt9165434,7.5,78,8.925,8.2
tm845370,After the Raid,MOVIE,"A large immigration raid in a small Tennessee town leaves emotional fallout as well as far-reaching questions about justice, faith and humanity.",2019,,25,['documentation'],US,"['US', 'MX']",,,,,1.905,5
tm457296,Kevin Hart's Guide to Black History,MOVIE,Kevin Hart highlights the fascinating contributions of black history's unsung heroes in this entertaining -- and educational -- comedy special.,2019,PG,63,['comedy'],US,['US'],,tt6373518,5.5,1332,4.301,5.4
ts236769,"Coronavirus, Explained",SHOW,"In 2020, the world changed. This topical series examines the coronavirus pandemic, the efforts to combat it and ways to manage its mental health toll.",2020,TV-PG,23,['documentation'],US,['US'],1,tt12189310,7.6,2223,8.891,7.3
tm473647,ReMastered: The Lion's Share,MOVIE,"After discovering the family of Solomon Linda, the writer of ""The Lion Sleeps Tonight,"" a reporter tries to help them fight for fair compensation.",2019,PG-13,84,"['music', 'documentation']",US,['US'],,tt9046576,6.9,628,3.967,6.8
tm840216,Iliza Shlesinger: Unveiled,MOVIE,"Comedian Iliza Shlesinger dissects her recent wedding with riffs on screeching bachelorette parties, that creepy garter removal tradition and more.",2019,,78,['comedy'],US,['US'],,tt11163008,6.5,1664,4.784,6.5
tm456894,Free Rein: Valentine's Day,MOVIE,"Love is in the air as Zoe and friends go on a quest to find a fabled Maid's Stone. But when rivalry blinds them to danger, it's Raven to the rescue!",2019,,50,['romance'],US,['US'],,,,,6.146,7.4
tm465513,Bulletproof 2,MOVIE,"Special Agent Jack Carter reluctantly assumes the identity of criminal Archie Moses to take down a powerful South African crime family. But when the real Moses is put in danger, he and Carter must work together to foil the scheme for good.",2020,,97,"['crime', 'action', 'comedy', 'drama']",US,['US'],,tt9887580,3.5,609,11.678,6.8
tm980358,You Are My Home,MOVIE,"This drama follows the relationship of a heartbroken woman and a young immigrant girl who has lost her mother at the border, coming together just before Christmas.",2020,,92,['family'],US,['US'],,,,,4.746,7.3
tm845588,Spookley and the Christmas Kittens,MOVIE,Spookley and Mistletoe encounter three stray kittens for whom they must brave a raging winter storm to find a home.,2019,,44,['animation'],US,['US'],,,,,2.076,
ts189314,Tiffany Haddish Presents: They Ready,SHOW,Tiffany Haddish introduces her favorite comedians in a series of stand-up performances.,2019,TV-14,23,"['comedy', 'reality']",US,['US'],2,tt10085386,6.5,555,2.37,6.2
tm845117,Tiffany Haddish: Black Mitzvah,MOVIE,"On her 40th birthday, Tiffany Haddish drops a bombastic special studded with singing, dancing and raunchy reflections on her long road to womanhood.",2019,,55,['comedy'],US,['US'],,tt8882390,6.2,956,2.752,6.3
tm834121,Birders,MOVIE,Bird watchers on both sides of the U.S.-Mexico border share their enthusiasm for protecting and preserving some of the world's most beautiful species.,2019,,37,['documentation'],US,"['MX', 'US']",,,,,2.923,6.8
ts236653,Cooked With Cannabis,SHOW,Cooking competition where the aim is to get the show's hosts high by infusing cannabis in their meals.,2020,TV-MA,37,['reality'],US,['US'],1,tt12176398,6.5,340,3.838,
tm813936,Adam Devine: Best Time of Our Lives,MOVIE,"Frenetic comic Adam Devine talks teen awkwardness, celebrity encounters, his ""Pitch Perfect"" audition and more in a special from his hometown of Omaha.",2019,PG-13,58,['comedy'],US,['US'],,tt10376844,5.9,946,2.244,6.5
tm982569,London Hughes: To Catch A D*ck,MOVIE,"London Hughes, the sauciest comedian to come out of the UK, takes us on a brilliant and bold tour of her d*ck catching history.",2020,,60,['comedy'],US,['US'],,tt13528526,4.7,318,2.472,6.6
tm881575,Velvet Colección: Grand Finale,MOVIE,"Christmas 1969: the upcoming sale of Velvet brings the former and current staff together in Madrid for good memories, a second chance and a new beginning.",2020,,82,"['comedy', 'romance']",US,"['US', 'ES']",,tt16672800,7.2,8,1.96,4
tm907704,Dark City Beneath the Beat,MOVIE,"Dark City Beneath The Beat is an audiovisual experience that defines the soundscape of Baltimore city. Inspired by an all original Baltimore club music soundtrack, the film spotlights local club artists, DJs, dancers, producers, and Baltimore’s budding creative community as they are realizing their life dreams. Rhythmic and raw, these stories illustrate the unique characteristics of the city’s landscape and social climate through music, poetry, and dance. From the city’s social climate to its creative LGBTQ community, Dark City Beneath The Beat showcases Baltimore club music as a positive subculture in a city overshadowed by trauma, drugs, and violence.",2020,,65,"['music', 'documentation']",US,['US'],,tt11916314,6.7,138,1.97,7
ts257243,Voices of Fire,SHOW,Pharrell Williams's hometown community leaders attempt to build one of the world's most inspiring gospel choirs.,2020,TV-PG,36,"['music', 'reality']",US,['US'],1,tt13329282,6.8,382,4.411,8
ts88146,Larry Charles' Dangerous World of Comedy,SHOW,"Legendary comedy writer and director Larry Charles travels the world in search of humor in the most unusual, unexpected and dangerous places.",2019,TV-MA,0,"['documentation', 'comedy']",US,['US'],1,tt9654082,7.3,570,1.4,6
tm917999,"Rob Schneider: Asian Momma, Mexican Kids",MOVIE,"Former ""Saturday Night Live"" star Rob Schneider returns to the stage and shares his take on life, love and dinosaur dreams in this stand-up special. Ending with a surprise duet performance with his daughter, singer-songwriter Elle King, Rob talks about potty training his young daughters and his own pig potential.",2020,,44,['comedy'],US,['US'],,tt12724632,5.5,716,4.934,6.4
ts89336,Charlie's Colorforms City,SHOW,"Charlie creates fun stories using different shapes, and he needs your help! Take off for adventures in outer space, the Wild West -- and right at home.",2019,TV-Y,23,"['animation', 'family']",US,['US'],4,tt8115672,7,148,2.985,8.5
tm845942,A Family Reunion Christmas,MOVIE,M'Dear and her sisters struggle to keep their singing act together before a church Christmas pageant while Grandpa teaches the kids a valuable lesson.,2019,,29,"['comedy', 'family']",US,['US'],,tt11193888,5.8,216,4.092,6.1
tm823459,Léa & I,MOVIE,"Best friends travel though Latin America meeting shamans, experimenting with plant medicines, and wondering about what makes a life well-lived when one of them might have half the time to live it.",2019,,84,['documentation'],US,['US'],,tt9382396,6.5,215,2.792,5.9
ts252695,Bookmarks: Celebrating Black Voices,SHOW,"Celebrity readers share children's books by Black authors to spark kid-friendly conversations about empathy, equality, self-love and antiracism.",2020,TV-G,7,['family'],US,['US'],1,tt12923664,5,160,3.193,8
tm983091,The Netflix Afterparty: The Best Shows of The Worst Year,MOVIE,"David Spade, Fortune Feimster and London Hughes welcome guests from Tiger King, Emily in Paris, The Queen's Gambit, and more.",2020,,59,['documentation'],US,['US'],,,,,2.102,6
tm896246,George Lopez: We'll Do It for Half,MOVIE,"Comedian George Lopez tackles the future and the past of Latinx culture in America, touching on immigration, his tough relatives, aging and much more.",2020,,51,['comedy'],US,['US'],,tt12358794,5.7,444,3.02,5.6
tm845607,Spirit Riding Free: Spirit of Christmas,MOVIE,"Lucky and her friends venture into town on Christmas Eve in an attempt to fulfill their holiday plans. But when distractions lead to delays, they must figure out how to get home in time for Christmas in the middle of a serious snowstorm!",2019,PG,45,"['animation', 'action', 'comedy', 'drama', 'family']",US,['US'],,tt11313068,5.2,122,13.018,7
tm452237,The Car: Road to Revenge,MOVIE,"In a dilapidated cyberpunk city plagued by crime and corruption, an unscrupulous District Attorney is savagely murdered and tossed out of a building onto his brand new car. Mysteriously, the District Attorney and his car come back to life as a single being with a thirst for vengeance. The eerie driver-less car embarks on a vicious rampage exacting revenge on the criminals who murdered him. The Car: Road to Revenge is the stylized sequel to the unconventional horror cult classic The Car (1977), and features an homage to the original with the return of Ronny Cox as the Mechanic.",2019,,89,"['thriller', 'action', 'horror']",US,['US'],,tt9382596,4,1082,33.028,6.5
tm813938,Mike Epps: Only One Mike,MOVIE,"A 2019 stand-up comedy special by comedian Mike Epps, where he tackles sexual misconduct, special education, aging body parts and more.",2019,,63,['comedy'],US,['US'],,tt10376958,4.7,295,3.111,6.6
tm825934,Super Monsters Back to School,MOVIE,"Lobo's cousin Vida moves to town, Lobo shows her his favorite places around town, and the next day Vida has her first day of school.",2019,,23,['animation'],US,"['CA', 'US']",,tt10687588,6.2,29,3.101,6.3
tm813423,Marjoun and the Flying Headscarf,MOVIE,"A teenager in Arkansas searches for identity in the headscarf and a motorcycle in the aftermath of her father's imprisonment. Set in 2006, the film explores the results of Arab and Muslim Americans being increasingly detained for ""guilt by association"". The film links the civil rights struggle of Arab/Muslim Americans with that of African Americans through Marjoun's attendance of Central High School. It weaves her story into the lineage of the Little Rock Nine. This film is set also at Magnolia Grove Monastery in Mississippi. This Zen Buddhist monastery has been established in the tradition of the friendship of Dr. Martin Luther King, Jr. and Zen Master Thich Nhat Hanh, bringing together the themes of civil rights movements and interfaith practice. This is an expansion of the short film by the same title, that was an official selection of the Sundance Film Festival.",2019,,84,['drama'],US,"['US', 'NL', 'CA', 'LB']",,tt10399342,6.8,37,2.093,
tm830833,"Hello, Privilege. It's Me, Chelsea",MOVIE,"In this documentary, Chelsea Handler explores how white privilege impacts US culture – and the ways it’s benefited her own life and career.",2019,,64,['documentation'],US,['US'],,tt10847138,4.5,1972,6.254,5.6
tm887376,Go! Go! Cory Carson: The Chrissy,MOVIE,"The Carson kids win a talent show with a dance that Cory created. But when ""The Chrissy"" catches on, his little sister gets all of the attention.",2020,G,42,['animation'],US,"['JP', 'US', 'FR']",,,,,2.112,6
tm437379,I'm Leaving Now,MOVIE,"After 16 years in Brooklyn, working three low-paying jobs and sending the bulk of his earnings to his wife and children, undocumented immigrant Felipe decides to return home to his family in Mexico. But when he informs them of his plans, he discovers that they've squandered the money, are deeply in debt and don’t want him to return. They need him to stay in the U.S. and continue to earn.",2019,,74,"['documentation', 'european']",US,"['MX', 'US']",,tt6541924,6.5,108,2.38,6
tm981956,Spirit Riding Free: Ride Along Adventure,MOVIE,Join Lucky and her friends on an interactive mission to save Maricela’s beloved mare from greedy horse thieves who've taken her captive with a wild herd.,2020,,22,"['animation', 'action', 'drama', 'family', 'western', 'comedy']",US,['US'],,tt13453940,5.9,60,2.994,8.7
tm982018,A Trash Truck Christmas,MOVIE,"When Santa crash-lands in the junkyard on Christmas Eve, Hank, Trash Truck and their animal friends all have a hand in rescuing the holiday for everyone.",2020,G,28,"['animation', 'comedy', 'family']",US,['US'],,tt13458584,5.5,212,22.042,6.5
tm813075,To Be of Service,MOVIE,"A documentary film about veterans with PTSD who find that, after other treatments fall short, a service dog helps them return to an independent-feeling life.",2019,,88,['documentation'],US,['US'],,tt10413458,7.3,90,2.303,5.7
tm837843,It Takes a Lunatic,MOVIE,"The extraordinary life of beloved acting teacher and theatre producer Wynn Handman is recalled in this portrait of a provocative, innovative artist.",2019,,126,"['documentation', 'drama']",US,"['US', 'GB', 'DE']",,tt11052346,6.6,170,3.923,5.6
tm832684,Los Tigres del Norte at Folsom Prison,MOVIE,The band Los Tigres del Norte visit both the male and female inmates of Folsom Prison. Inmates share their stories and how the music of Los Tigres del Norte speaks to them.,2019,,64,"['documentation', 'music']",US,['US'],,tt10857582,7,170,4.22,5.8
tm984018,Cops and Robbers,MOVIE,Animation and activism unite in this multimedia spoken-word response to police brutality and racial injustice.,2020,PG-13,8,['animation'],US,['US'],,tt13322484,6.9,,4.434,7
tm452578,Miranda Sings Live... Your Welcome,MOVIE,"Viral video star Miranda Sings and her real-world alter ego Colleen Ballinger share the stage in a special packed with music, comedy and ""magichinry.""",2019,,61,['comedy'],US,['US'],,tt9557190,5.5,418,4.382,5.7
tm886360,Hope Ranch,MOVIE,"With the impending foreclose of the family Ranch, Rebecca struggles with her rebellious daughter Grace who is still not over the death of her father Mike.",2020,,81,['family'],US,['US'],,tt5244812,4.3,229,2.479,6.7
ts251783,Emily's Wonder Lab,SHOW,"Science-loving host Emily Calandrelli makes STEAM fun with activities, demonstrations and at-home experiments that'll make you think — and blow your mind!",2020,,13,[],US,['US'],1,,,,3.332,9.3
ts78324,Pinky Malinky,SHOW,"Pinky Malinky sees the bright side of everything, including being born a hot dog. With his BFFs in tow, this little wiener takes a bite out of life.",2019,TV-Y7,13,"['comedy', 'family', 'animation']",US,['US'],3,tt5621544,5.8,865,8.557,5
tm835445,Deon Cole: Cole Hearted,MOVIE,"Embracing his belief that comedy is the last raw form of expression, Deon Cole explains the right time to thank Jesus and the wrong time to say ""welp.""",2019,,69,['comedy'],US,['US'],,tt10977680,6.9,883,3.044,6.5
tm929630,A New York Christmas Wedding,MOVIE,"As her Christmas Eve wedding draws near, Jennifer is visited by an angel and shown what could have been if she hadn't denied her true feelings for her childhood best friend.",2020,,88,"['drama', 'romance']",US,['US'],,tt10768194,5.3,1111,7.913,5.8
ts237487,True: Terrific Tales,SHOW,"Through the magic of the Story Spinner, True and her friends create their own versions of Pinocchio, Little Red Riding Hood and other classic tales.",2020,,8,"['animation', 'family']",US,['US'],1,tt12140808,5.7,22,2.123,9
tm840242,Arsenio Hall: Smart and Classy,MOVIE,"In his first stand-up special, Arsenio Hall discusses getting older, the changing times and culture, social issues and even bothersome baby toes.",2019,,63,['comedy'],US,['US'],,,,,2.606,5.9
tm918959,A Go! Go! Cory Carson Summer Camp,MOVIE,"Cory's spending the summer at Camp Friendship with his best friend, Freddie. But jealousy flares when Freddie brings his cousin Rosie along for the ride.",2020,,20,['animation'],US,['US'],,,,,1.285,2.7
tm831125,American Factory: A Conversation with the Obamas,MOVIE,Barack and Michelle Obama talk with the directors of the documentary American Factory about the importance of storytelling and the impact of their film.,2019,,10,['documentation'],US,['US'],,,,,2.061,5.5
tm474618,A Tale of Two Kitchens,MOVIE,"Two countries, two restaurants, one vision. At Gabriela Cámara's acclaimed Contramar in Mexico City, the welcoming, uniformed waiters are as beloved by diners as the menu featuring fresh, local seafood caught within 24 hours. The entire staff sees themselves as part of an extended family. Meanwhile at Cala in San Francisco, Cámara hires staff from different backgrounds and cultures, including ex-felons and ex-addicts, who view the work as an important opportunity to grow as individuals. A Tale of Two Kitchens explores the ways in which a restaurant can serve as a place of both dignity and community.",2019,,29,['documentation'],US,"['US', 'MX']",,tt10243660,6.5,145,1.941,6.6
tm890479,The Claudia Kishi Club,MOVIE,"Asian American creatives pay passionate tribute to the iconic, stereotype-busting ""Baby-Sitters Club"" character in this heartfelt documentary short.",2020,,17,['documentation'],US,['US'],,tt12411586,,,3.058,4.7
tm472961,After Maria,MOVIE,Strong Puerto Rican women forced to flee the island after Hurricane Maria have bonded like family in a FEMA hotel in the Bronx. They seek stability in their new life as forces try to pull them apart.,2019,,36,['documentation'],US,['US'],,,,,2.893,5.5
tm945831,The Magic School Bus Rides Again: The Frizz Connection,MOVIE,"Lightning splits the Magic School Bus into three pieces, scattering the class across the globe with different versions of Ms. Frizzle aboard each bus!",2020,,44,"['animation', 'family']",US,['US'],,tt13150612,,,3.397,7.7
tm844201,Super Monsters Save Christmas,MOVIE,"On Christmas Eve, the Super Monsters get together to make decorations, but end up having to find Santa's missing reindeer in order to save their holiday.",2019,G,24,"['animation', 'fantasy', 'family']",US,['US'],,tt11193860,4.8,57,3.633,6
tm840152,Amsterdam to Anatolia,MOVIE,,2019,,6,['thriller'],US,"['NL', 'PS', 'US', 'LB']",,,,,0.731,6
tm942492,Super Monsters: Dia de los Monsters,MOVIE,"The Super Monsters celebrate Día de los Muertos in Vida’s hometown with her magical family, some new monster friends and a spook-tacular parade!",2020,G,25,['animation'],US,"['US', 'CA']",,,,,4.43,7.6
tm976519,The App That Stole Christmas,MOVIE,"A tech entrepreneur's Christmas shopping app is a smashing success, but he starts to realize his invention might be ruining the holiday spirit.",2020,PG,63,"['drama', 'comedy']",US,['US'],,tt11378154,3.7,734,2.503,4.5
tm977184,A Go! Go! Cory Carson Christmas,MOVIE,"When a familiar-looking stranger crashes in without a memory, cory helps him remember the magic of Christmas to save the holiday for everyone",2020,,21,"['animation', 'family']",US,['US'],,tt13479662,6.3,48,13.391,6.9
tm981675,Super Monsters: Santa's Super Monster Helpers,MOVIE,"When Santa needs serious help prepping all of his presents, the Super Monsters lend a hand - and some monster magic - to get every gift out on time.",2020,,24,"['animation', 'family']",US,['US'],,tt13439998,4.5,25,3.238,7.7
tm896976,True: Rainbow Rescue,MOVIE,,2020,,23,['animation'],US,['US'],,,,,3.517,10
ts258169,Holiday Home Makeover with Mr. Christmas,SHOW,"Mr. Christmas, a veteran in the interior design industry with a healthy obsession with the holiday season, takes you behind the scenes as he puts his design expertise and vast Christmas collection to good use.",2020,TV-G,43,['reality'],US,['US'],1,tt13255112,5.8,291,6.128,6.8
ts223078,Nailed It! Spain,SHOW,"On this competition show, novice bakers try to avoid a fiasco while duplicating stunning sweets. At stake are a trophy and 5,000 euros.",2019,TV-PG,31,['reality'],US,['US'],1,,,,3.026,7.1
ts234501,Buddi,SHOW,"The Buddis bounce, spin, glide and giggle through their magical world, learning new things and sharing the joy of friendship.",2020,TV-Y,8,"['fantasy', 'animation', 'comedy', 'family']",US,['US'],2,tt11829340,7.1,61,2.003,10
ts222838,I'm with the Band: Nasty Cherry,SHOW,"In an unfiltered, intimate docuseries, pop star mentor Charli XCX finds out what it takes to build -- and break -- a real, badass all-girl punk band.",2019,TV-MA,0,['reality'],US,['US'],1,,,,3.873,7.2
tm530822,Carlos Almaraz: Playing with Fire,MOVIE,"Explore the life of Carlos Almaraz, a Chicano activist, sexual outlaw, and visionary painter of some of the most unforgettable images of Southern California.",2019,,82,['documentation'],US,['US'],,tt6335714,7.5,58,1.818,7
ts215862,True Tunes,SHOW,"True and her friends are dropping sweet, silly beats with freshly modern music videos set to the sounds of classic nursery rhyme songs.",2019,TV-Y7,3,['family'],US,['US'],1,tt10522374,8,14,1.052,10
tm879556,David A. Arnold Fat Ballerina,MOVIE,Stand up comedy special featuring David A. Arnold.,2020,,60,['comedy'],US,['US'],,tt11916980,7.4,71,2.141,4.7
tm902993,Mama Drama,MOVIE,,2020,,85,['drama'],US,['US'],,tt12424356,6.3,8,,
ts264270,Anatomy of a Scandal,SHOW,A sexual consent scandal amongst British privileged elite and the women caught up in its wake.,2022,TV-MA,45,"['drama', 'thriller']",US,"['GB', 'US']",1,tt12748084,7,16425,40.449,7.8
ts90093,The Pentaverate,SHOW,"After influencing global events for centuries, a secret society faces a dangerous threat from within. Can a Canadian reporter save them — and the world?",2022,TV-MA,27,['comedy'],US,['US'],1,tt10203880,6.1,3409,33.635,
ts342732,Our Great National Parks,SHOW,"Narrated by former President Barack Obama, this stunning docuseries shines the spotlight on some of the planet's most spectacular national parks.",2022,,52,['documentation'],US,['US'],1,tt18750552,,,6.666,8.1
ts108385,Inventing Anna,SHOW,"A journalist with a lot to prove investigates the case of Anna Delvey, the Instagram-legendary German heiress who stole the hearts of New York’s social scene – and stole their money as well.",2022,TV-MA,68,['drama'],US,['US'],1,tt8740976,6.8,54105,126.677,6.8
tm1082564,The Adam Project,MOVIE,"After accidentally crash-landing in 2022, time-traveling fighter pilot Adam Reed teams up with his 12-year-old self for a mission to save the future.",2022,PG-13,106,"['drama', 'action', 'comedy', 'scifi']",US,['US'],,tt2463208,6.7,156603,919.599,7
tm1043537,Operation Mincemeat,MOVIE,"In 1943, two British intelligence officers concoct Operation Mincemeat, wherein their plan to drop a corpse with false papers off the coast of Spain would fool Nazi spies into believing the Allied forces were planning to attack by way of Greece rather than Sicily.",2022,PG-13,128,"['drama', 'war']",US,"['GB', 'US']",,tt1879016,6.9,1972,43.158,6.7
ts225061,Pieces of Her,SHOW,An act of violence rocks a sleepy Georgia town as well as the bond between a mother and her daughter.,2022,TV-MA,52,"['crime', 'drama', 'thriller']",US,['US'],1,tt9170236,6.4,11322,15.955,6.6
tm1075698,Metal Lords,MOVIE,"For teenage misfits Hunter and Kevin, the path to glory is clear: Devote themselves to metal. Win Battle of the Bands. And be worshipped like gods.",2022,R,97,"['drama', 'comedy', 'music']",US,['US'],,tt12141112,6.7,19689,343.77,6.8
ts344184,Conversations with a Killer: The John Wayne Gacy Tapes,SHOW,"Serial killer John Wayne Gacy was an aspiring politician, beloved local contractor, and part-time clown-for-hire who murdered 33 young men between 1972 and 1976. The majority of his victims were found buried under his house, in the quiet northwest suburbs of Chicago. Fifty years later, DNA scientists are still trying to identify all of his victims, but thanks to 60 hours of unearthed audio between Gacy and his defense team, we have fresh perspective on the narcissistic mindset of the murderer and a deeper understanding of how he operated for so long with impunity.",2022,TV-MA,61,"['crime', 'documentation']",US,['US'],1,tt18970124,7.2,3984,534.857,7.8
tm1120543,The Bubble,MOVIE,A group of actors and actresses stuck inside a pandemic bubble at a hotel attempts to complete a film.,2022,R,126,['comedy'],US,['US'],,tt13610562,4.7,20080,250.543,4.9
tm1185367,White Hot: The Rise & Fall of Abercrombie & Fitch,MOVIE,All the cool kids were wearing it. This documentary explores A&F's pop culture reign in the late '90s and early 2000s and how it thrived on exclusion.,2022,R,88,['documentation'],US,['US'],,tt19034522,5.6,1184,10.804,5.7
ts256310,Pacific Rim: The Black,SHOW,"After Kaiju ravage Australia, two siblings pilot a Jaeger to search for their parents, encountering new creatures, seedy characters and chance allies.",2021,TV-14,24,"['animation', 'action', 'scifi']",US,['US'],2,tt9288848,7,4796,76.137,8.4
ts270910,Vikings: Valhalla,SHOW,"In this sequel to ""Vikings,"" a hundred years have passed and a new generation of legendary heroes arises to forge its own destiny — and make history.",2022,TV-MA,51,"['war', 'action', 'drama', 'history', 'romance']",US,['US'],1,tt11311302,7.1,31330,504.811,8.1
ts222333,Arcane,SHOW,"Amid the stark discord of twin cities Piltover and Zaun, two sisters fight on rival sides of a war between magic technologies and clashing convictions.",2021,TV-14,41,"['action', 'scifi', 'drama', 'fantasy', 'animation']",US,['US'],1,tt11126994,9.1,175412,138.891,9.1
tm1083293,Windfall,MOVIE,"A man breaks into a tech billionaire's empty vacation home, but things go sideways when the arrogant mogul and his wife arrive for a last-minute getaway.",2022,R,92,"['thriller', 'crime', 'drama']",US,['US'],,tt15035360,5.7,17218,133.608,5.3
tm979026,"tick, tick... BOOM!",MOVIE,"On the cusp of his 30th birthday, Jonathon Larson, a promising young theater composer, navigates love, friendship, and the pressures of life as an artist in New York City.",2021,PG-13,121,['drama'],US,['US'],,tt8721424,7.5,96418,40.707,7.8
ts311987,Bad Vegan: Fame. Fraud. Fugitives.,SHOW,"After marrying a mysterious man who claimed he could make her dog immortal, a celebrated vegan restaurateur finds her life veering off the rails.",2022,TV-MA,52,"['crime', 'documentation']",US,['US'],1,tt18260538,5.8,2062,4.076,5.1
ts215951,Midnight Mass,SHOW,"An isolated island community experiences miraculous events - and frightening omens - after the arrival of a charismatic, mysterious young priest.",2021,TV-MA,64,"['action', 'drama', 'fantasy', 'horror', 'scifi']",US,['US'],1,tt10574558,7.7,102321,138.708,7.6
tm856378,Don't Look Up,MOVIE,Two low-level astronomers must go on a giant media tour to warn humankind of an approaching comet that will destroy planet Earth.,2021,R,138,"['scifi', 'drama', 'comedy']",US,['US'],,tt11286314,7.2,498447,115.376,7.2
ts307973,Murderville,SHOW,"Welcome to Murderville, a new series starring Will Arnett as a detective who, in every episode, has to solve a murder with a new celebrity guest star as his partner.  The catch is: the guest star is never given a script so they have to improvise their way through the case!",2022,TV-MA,34,"['crime', 'comedy']",US,['US'],1,tt15264192,6.9,10414,6.027,5.9
ts333834,The Ultimatum: Marry or Move On,SHOW,Get hitched or call it quits? Couples put their love to the test — while shacking up with other potential matches — in a provocative reality series.,2022,TV-MA,50,['reality'],US,['US'],1,tt18396952,5.4,1440,3.902,7
tm852172,Apollo 10½:  A Space Age Childhood,MOVIE,"A man narrates stories of his life as a 10-year-old boy in 1969 Houston, weaving tales of nostalgia with a fantastical account of a journey to the moon.",2022,PG-13,98,"['comedy', 'action', 'animation', 'romance', 'family', 'horror', 'drama', 'scifi']",US,"['NL', 'US']",,tt7978758,7.3,4932,12.34,7.1
ts294338,Hard Cell,SHOW,A documentary crew follows the inmates and staff of HMP Woldsley while Catherine Tate portrays multiple characters to capture the penal system at its brutal humorous best.,2022,TV-MA,26,"['comedy', 'documentation', 'sport']",US,"['US', 'GB']",1,tt14959710,6.1,618,3.175,5.5
ts256072,The Woman in the House Across the Street from the Girl in the Window,SHOW,"For Anna, every day is the same. She sits with her wine, staring out the window, watching life go by without her. But when a handsome neighbor moves in across the street, Anna starts to see a light at the end of the tunnel. That is until she witnesses a gruesome murder… Or did she?",2022,TV-MA,26,"['crime', 'comedy', 'drama', 'thriller']",US,['US'],1,tt13315324,6.3,38964,16.343,7.2
ts256710,Archive 81,SHOW,An archivist takes a job restoring damaged videotapes and gets pulled into the vortex of a mystery involving the missing director and a demonic cult.,2022,TV-MA,54,"['scifi', 'drama', 'horror', 'thriller']",US,['US'],1,tt13365348,7.3,43068,99.77,7.4
tm413169,Peter Rabbit 2: The Runaway,MOVIE,"Bea, Thomas, and the rabbits have created a makeshift family, but despite his best efforts, Peter can’t seem to shake his mischievous reputation. Adventuring out of the garden, Peter finds himself in a world where his mischief is appreciated, but when his family risks everything to come looking for him, Peter must figure out what kind of bunny he wants to be.",2021,PG,93,"['fantasy', 'family', 'comedy', 'action', 'animation', 'crime', 'drama']",US,"['US', 'AU']",,tt8376234,6.2,10714,120.527,7.3
tm1185374,The Mystery of Marilyn Monroe: The Unheard Tapes,MOVIE,This documentary explores the mystery surrounding the death of movie icon Marilyn Monroe through previously unheard interviews with her inner circle.,2022,R,101,['documentation'],US,['US'],,tt19034332,6.2,2233,205.417,6.3
tm1080083,The Lost Daughter,MOVIE,A woman's seaside vacation takes a dark turn when her obsession with a young mother forces her to confront secrets from her past.,2021,R,122,['drama'],US,"['GB', 'US', 'GR']",,tt9100054,6.7,56650,46.069,6.6
tm370144,The Mitchells vs. the Machines,MOVIE,"A quirky, dysfunctional family's road trip is upended when they find themselves in the middle of the robot apocalypse and suddenly become humanity's unlikeliest last hope.",2021,PG,113,"['animation', 'comedy', 'family', 'scifi']",US,['US'],,tt7979580,7.6,100787,60.224,8
tm404856,Red Notice,MOVIE,"An Interpol-issued Red Notice is a global alert to hunt and capture the world's most wanted. But when a daring heist brings together the FBI's top profiler and two rival criminals, there's no telling what will happen.",2021,PG-13,117,"['comedy', 'crime', 'thriller', 'action']",US,['US'],,tt7991608,6.3,255356,390.768,6.8
ts223537,Maid,SHOW,"Inspired by the powerful New York Times best-selling memoir Maid: Hard Work, Low Pay, and a Mother's Will to Survive by Stephanie Land, Maid will chronicle a single mother who turns to housekeeping to - barely - make ends meet as she battles against poverty, homelessness, and bureaucracy.",2021,TV-MA,54,"['drama', 'comedy']",US,['US'],1,tt11337908,8.4,74955,0.6,7.9
ts346959,Meltdown: Three Mile Island,SHOW,"Insiders recount the events, controversies and lingering effects of the accident at the Three Mile Island nuclear power plant in Pennsylvania.",2022,TV-14,44,"['documentation', 'history']",US,['US'],1,tt19757508,7,958,16.052,6.3
ts87242,Shadow and Bone,SHOW,"In a world cleaved in two by a massive barrier of perpetual darkness, a young soldier uncovers a power that might finally unite her country. But as she struggles to hone her power, dangerous forces plot against her. Thugs, thieves, assassins and saints are at war now, and it will take more than magic to survive.",2021,TV-14,52,"['scifi', 'drama', 'fantasy', 'action']",US,['US'],1,tt2403776,7.6,77782,40.145,8.2
tm937814,The Alpinist,MOVIE,"When filmmaker Peter Mortimer encounters an elusive young climber named Marc-André Leclerc, an evolution in free solo mountaineering unfolds. Along the two-year journey up high alpine peaks and steep frozen waterfalls, Peter explores Marc’s connection to nature, his uncompromising quest for adventure, and the risks he takes to pursue his passion.",2021,PG-13,92,['documentation'],US,"['US', 'AT', 'GB']",,tt11790780,8,7192,9.969,7.7
ts328625,The Guardians of Justice,SHOW,"When their seemingly fearless leader self-destructs, a team of troubled superheroes must confront festering evil in the world — and in themselves.",2022,TV-MA,29,['scifi'],US,['US'],1,,,,359.74,6.5
tm825714,The Harder They Fall,MOVIE,"When an outlaw discovers his enemy is being released from prison, he reunites his gang to seek revenge.",2021,R,139,"['action', 'drama', 'western']",US,['US'],,tt10696784,6.5,57549,259.097,6.7
tm1196288,Our Father,MOVIE,"After a woman's at-home DNA test reveals multiple half-siblings, she discovers a shocking scheme involving donor sperm and a popular fertility doctor.",2022,,97,['crime'],US,['US'],,,,,48.759,6.1
ts227473,Brand New Cherry Flavor,SHOW,"Lisa Nova, an aspiring film director in the sun-drenched but seamy world of 1990 Los Angeles, embarks on a mind-altering journey of supernatural revenge that gets nightmarishly out of control.",2021,TV-MA,43,"['thriller', 'drama', 'horror', 'scifi']",US,['US'],1,tt11343600,7.1,14449,94.346,6.9
ts321918,Human Resources,SHOW,"Lovebugs, Hormone Monsters and a parade of other creatures juggle romance, workplace drama and their human clients' needs in this ""Big Mouth"" spinoff.",2022,TV-MA,27,"['comedy', 'romance', 'animation']",US,['US'],1,tt11092142,7.2,4761,37.594,6.8
tm1185360,Return to Space,MOVIE,The inspirational rise of SpaceX as well as Elon Musk's two-decade effort to resurrect America’s space travel ambitions.,2022,,128,['documentation'],US,['US'],,tt18555320,7.3,3270,35.747,6.3
ts330402,Is It Cake?,SHOW,"Skilled cake artists create mouthwatering replicas of handbags, sewing machines and more in a mind-bending baking contest inspired by a popular meme.",2022,TV-PG,38,['reality'],US,['US'],1,tt18314214,5.7,465,5.257,7.6
tm1120855,Along for the Ride,MOVIE,"The summer before college Auden meets the mysterious Eli, a fellow insomniac. While the seaside town of Colby sleeps, the two embark on a nightly quest to help Auden experience the fun, carefree teen life she never knew she wanted.",2022,,106,"['romance', 'drama']",US,['US'],,tt14506528,6,1432,229.844,6.8
ts329699,The Andy Warhol Diaries,SHOW,"After he's shot in 1968, Andy Warhol begins documenting his life and feelings. Those diaries, and this series, reveal the secrets behind his persona.",2022,TV-MA,66,['documentation'],US,['US'],1,tt18082212,7.7,1496,2.932,7.6
ts237722,The Cuphead Show!,SHOW,Follow the misadventures of the impulsive Cuphead and his cautious but persuadable brother Mugman in this animated series based on the hit video game.,2022,TV-Y7,15,"['family', 'fantasy', 'animation', 'action', 'comedy']",US,['US'],1,tt10611608,7.5,5792,107.524,8.1
tm1066826,Diana: The Musical,MOVIE,A princess is thrust onto the world stage. The tabloid media is captivated by her beauty and vulnerability. The globe's most celebrated monarchy is disrupted. This is the story of the most princess woman of the modern age as she struggles to endure a spotlight brighter than any the world had ever known.,2021,PG-13,117,['drama'],US,['US'],,tt12885272,4.3,1189,5.947,5.8
ts85985,Cowboy Bebop,SHOW,"Long on style and perpetually short on cash, bounty hunters Spike, Jet and Faye trawl the solar system looking for jobs. But can they outrun Spike's past?",2021,TV-MA,45,"['scifi', 'comedy', 'crime', 'drama', 'fantasy', 'action']",US,['US'],1,tt1267295,6.6,35427,19.747,6.9
tm1092864,The Unforgivable,MOVIE,A woman is released from prison after serving a sentence for a violent crime and re-enters a society that refuses to forgive her past.,2021,R,112,"['drama', 'crime']",US,"['DE', 'GB', 'US']",,tt11233960,7.1,101975,78.677,7.5
tm986168,The Guilty,MOVIE,A demoted police officer assigned to a call dispatch desk is conflicted when he receives an emergency phone call from a kidnapped woman.,2021,R,90,"['drama', 'thriller', 'action', 'crime']",US,['US'],,tt9421570,6.3,113483,46.903,6.4
ts237713,Sweet Tooth,SHOW,"On a perilous adventure across a post-apocalyptic world, a lovable boy who's half-human and half-deer searches for a new beginning with a gruff protector.",2021,TV-14,45,"['scifi', 'drama', 'fantasy', 'action']",US,['US'],2,tt12809988,7.8,49182,82.385,8
tm1033470,Till Death,MOVIE,"After a romantic evening at their secluded lake house, a woman wakes up handcuffed to her dead husband. Trapped and isolated in the dead of winter, she must fight off hired killers to escape her late spouse's twisted plan.",2021,R,89,"['horror', 'thriller']",US,['US'],,tt11804152,5.8,19029,30.573,6.5
ts300391,Clickbait,SHOW,"When family man Nick Brewer is abducted in a crime with a sinister online twist, those closest to him race to uncover who is behind it and why.",2021,TV-MA,46,"['thriller', 'crime', 'drama']",US,"['AU', 'US']",1,tt10888878,7.2,50140,60.49,7.6
ts94677,Worst Roommate Ever,SHOW,Violent scammers. Cold killers. These terrifying true stories are some of the right-wing cohabitation experiences one can ever imagine.,2022,TV-MA,47,"['crime', 'documentation', 'drama', 'thriller']",US,['US'],1,tt8323702,8.1,8,8.063,7.6
ts234817,In from the Cold,SHOW,"Exposed as an ex-Russian spy, an American single mom must juggle family life and unique shape-shifting skills in a battle against an insidious enemy.",2022,TV-MA,49,"['drama', 'scifi', 'thriller', 'action', 'crime']",US,['US'],1,tt11859542,6.2,6663,10.393,7.6
ts327074,Bullsh*t the Game Show,SHOW,"Throughout the game, players will work their way up a money ladder either by answering questions correctly or by confidently giving incorrect answers - and persuading others that they are accurate.",2022,,0,['reality'],US,['US'],1,tt16912298,,,5.984,7
ts279892,Ginny & Georgia,SHOW,"Angsty and awkward fifteen year old Ginny Miller often feels more mature than her thirty year old mother, the irresistible and dynamic Georgia Miller. After years on the run, Georgia desperately wants to put down roots in picturesque New England and give her family something they've never had... a normal life. But it's not all carpool and Kombucha as Georgia's past threatens her and her family's new way of life... and Georgia will do anything to protect her family.",2021,TV-14,54,"['drama', 'comedy']",US,['US'],1,tt10813940,7.4,44573,86.555,8.1
tm946869,Texas Chainsaw Massacre,MOVIE,"In this sequel, influencers looking to breathe new life into a Texas ghost town encounter Leatherface, an infamous killer who wears a mask of human skin.",2022,R,83,"['thriller', 'crime', 'horror']",US,['US'],,tt11755740,4.8,45810,437.842,5.1
tm471968,Passing,MOVIE,"In 1920s New York City, a Black woman finds her world upended when her life becomes intertwined with a former childhood friend who's passing as white.",2021,PG-13,98,"['drama', 'thriller']",US,"['GB', 'US', 'CA']",,tt8893974,6.7,13553,44.845,6.4
tm1138477,Downfall: The Case Against Boeing,MOVIE,Investigators reveal how Boeing’s alleged priority of profit over safety could have contributed to two catastrophic crashes within months of each other.,2022,R,89,['documentation'],US,['US'],,tt11893274,7.4,9428,31.888,7.2
ts311985,Inside Job,SHOW,"For employees of the Deep State, conspiracies aren't just theories — they're fact. And keeping them a secret is a full-time job.",2021,TV-MA,28,"['comedy', 'fantasy', 'scifi', 'animation']",US,['US'],1,tt10231312,7.6,15137,40.604,8.2
ts331681,Trivia Quest,SHOW,"History, art, science, pop culture and more — quiz yourself across varying levels of difficulty in this interactive trivia series.",2022,TV-G,9,"['family', 'fantasy', 'animation']",US,['US'],1,tt18393972,5.6,176,175.729,5.7
tm1048362,Army of Thieves,MOVIE,A mysterious woman recruits bank teller Ludwig Dieter to lead a group of aspiring thieves on a top-secret heist during the early stages of the zombie apocalypse.,2021,R,127,"['comedy', 'horror', 'action', 'crime', 'thriller', 'romance', 'scifi']",US,"['DE', 'US']",,tt13024674,6.4,71036,205.963,6.9
tm501313,Gunpowder Milkshake,MOVIE,Three generations of women fight back against those who could take everything from them.,2021,R,114,"['action', 'crime', 'thriller']",US,"['FR', 'DE', 'US']",,tt8368408,6,40888,138.626,6.4
tm983723,The Sparks Brothers,MOVIE,"Take a musical odyssey through five weird and wonderful decades with brothers Ron & Russell Mael, celebrating the inspiring legacy of Sparks: your favorite band’s favorite band.",2021,R,140,"['documentation', 'music', 'comedy', 'history']",US,"['GB', 'US']",,tt8610436,7.8,4416,7.71,7.2
ts225645,The Chair,SHOW,"At a major university, the first woman of color to become chair tries to meet the dizzying demands and high expectations of a failing English department.",2021,TV-MA,30,"['drama', 'comedy']",US,['US'],1,tt11834150,7.2,15894,1.4,7.1
tm456513,Army of the Dead,MOVIE,"Following a zombie outbreak in Las Vegas, a group of mercenaries take the ultimate gamble: venturing into the quarantine zone to pull off the greatest heist ever attempted.",2021,R,148,"['horror', 'thriller', 'crime', 'scifi', 'action']",US,['US'],,tt0993840,5.7,166882,128.616,6.3
ts311989,jeen-yuhs,SHOW,"Kanye West docu-series, over 20 years in the making",2022,TV-MA,93,"['documentation', 'music']",US,['US'],1,tt14599438,8.1,7269,6.492,7
ts310057,True Story,SHOW,A world-famous comedian desperately searches for a way out after a night in Philadelphia with his brother threatens to sabotage more than his success.,2021,TV-MA,39,"['drama', 'thriller', 'comedy', 'crime']",US,['US'],1,tt13655456,7.5,16927,62.186,7.2
tm1119272,14 Peaks: Nothing Is Impossible,MOVIE,"In 2019, Nepalese mountain climber Nirmal “Nims” Purja set out to do the unthinkable by climbing the world’s fourteen highest summits in less than seven months. (The previous record was eight years). He called the effort “Project Possible 14/7” and saw it as a way to inspire others to strive for greater heights in any pursuit. The film follows his team as they seek to defy naysayers and push the limits of human endurance.",2021,,101,"['documentation', 'sport']",US,['US'],,tt14079374,7.8,22858,23.898,7.5
ts225657,Halston,SHOW,American fashion designer Halston skyrockets to fame before his life starts to spin out of control.,2021,TV-MA,47,['drama'],US,['US'],1,tt10920514,7.5,14040,21.349,7.3
tm1038686,Bo Burnham: Inside,MOVIE,"Stuck in COVID-19 lockdown, US comedian and musician Bo Burnham attempts to stay sane and happy by writing, shooting and performing a one-man comedy special.",2021,R,87,"['comedy', 'drama', 'music', 'reality']",US,['US'],,tt14545352,8.7,44074,12.489,8.3
tm347095,Oxygen,MOVIE,"A woman wakes in a cryogenic chamber with no recollection of how she got there, and must find a way out before running out of air.",2021,,100,"['horror', 'scifi', 'thriller', 'fantasy', 'drama']",US,"['FR', 'US']",,tt6341832,6.5,36803,35.875,6.6
ts255037,Resident Evil: Infinite Darkness,SHOW,"Years after the horrors of Raccoon City, Leon and Claire find themselves consumed by a dark conspiracy when a viral attack ravages the White House.",2021,TV-MA,27,"['action', 'scifi', 'horror', 'animation']",US,['US'],1,tt13173456,5.8,9500,25.489,7.9
tm1048678,Like A Rolling Stone: The Life & Times of Ben Fong-Torres,MOVIE,Suzanne Joe Kai’s intimate documentary shows us how the Rolling Stone writer and editor defined the cultural zeitgeist of the ’60s and ’70s.,2021,,102,['documentation'],US,['US'],,tt9660510,7.9,19,1.4,
ts346034,Blood Sisters,SHOW,"Connected by a dangerous secret, best friends Sarah and Kemi are forced to flee after a wealthy groom disappears at his own engagement party.",2022,TV-MA,57,"['crime', 'drama', 'thriller']",US,['US'],1,tt19398068,,,25.964,
ts273436,Murder Among the Mormons,SHOW,High-stakes exploits turn deadly — and shake a global church to its core — in this extraordinary true crime story.,2021,TV-14,53,"['crime', 'history', 'documentation']",US,['US'],1,tt13987620,7,6028,4.696,7.3
tm1046932,Kate,MOVIE,A ruthless criminal operative has less than 24 hours to exact revenge on her enemies and in the process forms an unexpected bond with the daughter of one of her past victims.,2021,R,106,"['action', 'crime', 'drama', 'thriller']",US,"['JP', 'TH', 'US']",,tt7737528,6.2,57689,69.823,6.7
tm861000,Worth,MOVIE,"Kenneth Feinberg, a powerful D.C. lawyer appointed Special Master of the 9/11 Fund, fights off the cynicism, bureaucracy, and politics associated with administering government funds and, in doing so, discovers what life is worth.",2021,PG-13,118,"['history', 'drama']",US,"['CA', 'GB', 'US']",,tt8009744,6.8,12745,29.665,6.8
tm1002815,Nightbooks,MOVIE,"Alex, a boy obsessed with scary stories, is imprisoned by an evil young witch in her contemporary New York City apartment.",2021,,103,"['fantasy', 'horror', 'family']",US,"['CA', 'US']",,tt10521144,5.7,8278,116.672,6.4
ts88578,Firefly Lane,SHOW,"For decades, childhood best friends Kate and Tully have weathered life's storms together -- until a betrayal threatens to break them apart for good.",2021,TV-MA,52,"['drama', 'romance']",US,['US'],1,tt9012876,7.4,20300,21.558,7.7
tm1092958,No One Gets Out Alive,MOVIE,An immigrant in search of the American dream is forced to take a room in a boarding house and soon finds herself in a nightmare from which she can't escape.,2021,R,85,"['thriller', 'horror', 'drama']",US,"['RO', 'US']",,tt13056008,5.3,13913,125.021,6
tm416779,The Woman in the Window,MOVIE,An agoraphobic woman living alone in New York begins spying on her new neighbors only to witness a disturbing act of violence.,2021,R,102,"['thriller', 'crime', 'drama']",US,['US'],,tt6111574,5.7,70886,32.777,6.1
ts330425,The Principles of Pleasure,SHOW,"Sex, joy and modern science converge in this eye-opening series that celebrates the complex world of women's pleasure — and puts stubborn myths to rest.",2022,TV-MA,51,['documentation'],US,['US'],1,tt18299058,4.7,64,6.073,7.3
tm1141439,Home Team,MOVIE,"Two years after a Super Bowl win when NFL head coach Sean Payton is suspended, he goes back to his hometown and finds himself reconnecting with his 12-year-old son by coaching his Pop Warner football team.",2022,PG,99,"['comedy', 'sport']",US,['US'],,tt14592064,6,16320,92.767,6.8
ts331680,Making Fun,SHOW,Grumpy expert maker Jimmy DiResta fields kids' ideas for delightfully pointless inventions. Then — if he's in the mood — he and his pals build 'em.,2022,TV-PG,41,['reality'],US,['US'],1,tt17737382,7,557,3.698,7
tm1003630,After We Fell,MOVIE,"Just as Tessa's life begins to become unglued, nothing is what she thought it would be. Not her friends nor her family. The only person that she should be able to rely on is Hardin, who is furious when he discovers the massive secret that she's been keeping. Before Tessa makes the biggest decision of her life, everything changes because of revelations about her family.",2021,R,99,"['drama', 'romance']",US,"['FR', 'US']",,tt13069986,4.6,12339,267.501,7.1
ts307649,Turning Point: 9/11 and the War on Terror,SHOW,"Modern history can be divided into two time frames: before 9/11 and after 9/11. This five-part docuseries is a cohesive chronicle of the September 11, 2001 attacks on the U.S., offering illuminating perspectives and personal stories of how the catastrophic events of that day changed the course of the nation.",2021,TV-14,62,"['war', 'history', 'documentation']",US,['US'],1,tt15260794,8,8881,12.219,7.4
ts296214,How to Become a Tyrant,SHOW,"To govern with an iron fist, it is necessary to know very well the game of absolute power. The documentary series explores different political figures throughout history.",2021,TV-MA,27,"['war', 'history', 'documentation']",US,['US'],1,tt14832996,7.4,8041,13.37,7.4
tm1201670,A Farewell to Ozark,MOVIE,A retrospective documentary looking back at the success of Ozark.,2022,,30,['documentation'],US,['US'],,,,,20.664,
ts219423,Masters of the Universe: Revelation,SHOW,The war for Eternia begins again in what may be the final battle between He-Man and Skeletor. A new animated series from writer-director Kevin Smith.,2021,TV-PG,26,"['scifi', 'animation', 'action', 'drama', 'family', 'fantasy', 'comedy']",US,['US'],2,tt10826054,5.2,26127,29.588,7
tm1075215,Aftermath,MOVIE,"Desperate to save their marriage, a young couple takes a deal to move into their dream home, but disturbing events reveal the house's troubled history.",2021,,114,"['horror', 'thriller', 'drama']",US,['US'],,tt10691162,5.3,15125,63.255,6.5
ts271413,Night Stalker: The Hunt for a Serial Killer,SHOW,"Beneath the sunlit glamour of 1985 L.A. lurks a relentlessly evil serial killer. In this true-crime story, two detectives won't rest until they catch him.",2021,TV-MA,47,"['crime', 'documentation']",US,['US'],1,tt13651632,7.5,23939,14.926,7.4
ts343427,Samurai Rabbit: The Usagi Chronicles,SHOW,"A teenage rabbit aspiring to become a real samurai teams up with new warrior friends to protect their city from Yokai monsters, ninjas and evil aliens.",2022,TV-Y7,25,"['action', 'fantasy', 'scifi', 'animation', 'comedy', 'family']",US,['US'],1,tt12717354,6.6,148,23.058,6.7
tm1003034,The Witcher: Nightmare of the Wolf,MOVIE,"Escaping from poverty to become a witcher, Vesemir slays monsters for coin and glory, but when a new menace rises, he must face the demons of his past.",2021,,83,"['fantasy', 'scifi', 'animation', 'action', 'drama']",US,"['PL', 'KR', 'US']",,tt11657662,7.2,41508,20.903,7.7
tm813078,Prayers for the Stolen,MOVIE,Life in a town at war seen through the eyes of three young girls on the path to adolescence.,2021,R,110,['drama'],US,"['QA', 'MX', 'US', 'CH', 'AR', 'BR', 'DE']",,tt10366574,7.3,1729,24.703,7.9
tm1110150,There's Someone Inside Your House,MOVIE,"As the countdown to graduation begins, students at Osborne High are being stalked by a maniac intent on exposing their darkest secrets to the entire town, terrorizing victims while wearing a life-like mask of their own face. With a mysterious past of her own, Makani and her friends must discover the killer's identity before they become victims themselves.",2021,,86,"['thriller', 'horror']",US,['US'],,tt8150814,4.8,14421,71.787,5.6
tm1021871,The Starling,MOVIE,"After Lilly suffers a loss, a combative Starling takes nest beside her quiet home. The feisty bird taunts and attacks the grief-stricken Lilly. On her journey to expel the Starling, she rediscovers her will to live and capacity for love.",2021,PG-13,102,"['comedy', 'drama', 'fantasy']",US,['US'],,tt5164438,6.3,11733,34.678,7.2
tm1063652,Intrusion,MOVIE,"A woman moves to a small town with her husband, but is rattled when she is targeted for a home invasion.",2021,,92,"['drama', 'thriller']",US,['US'],,tt5563324,5.3,15464,69.688,6
tm841825,My Little Pony: A New Generation,MOVIE,"Equestria's divided. But a bright-eyed hero believes Earth Ponies, Pegasi and Unicorns should be pals — and, hoof to heart, she’s determined to prove it.",2021,PG,91,"['fantasy', 'scifi', 'drama', 'comedy', 'family', 'animation', 'action']",US,"['CA', 'IE', 'US']",,tt10101702,6.8,3468,124.569,7.9
tm993670,Cosmic Sin,MOVIE,"In the year 2524, four centuries after humans started colonizing the outer planets, retired General James Ford gets called back into service when a hostile alien fleet attacks soldiers on a remote planet. The threat against mankind soon escalates into an interstellar war as Ford and a team of elite soldiers try to stop the imminent attack before it's too late.",2021,R,88,"['scifi', 'action']",US,['US'],,tt11762434,2.5,12284,111.295,4.2
ts314135,VOIR,SHOW,"Film lovers examine the cinematic moments that thrilled, perplexed, challenged and forever changed them in this collection of visual essays.",2021,TV-MA,20,['documentation'],US,['US'],1,tt15677070,6.8,1255,3.794,7.2
ts287559,Jupiter's Legacy,SHOW,"As the world's first generation of superheroes (who received their powers in the 1930s) become the revered elder guard in the present, their superpowered children struggle to live up to the legendary feats of their parents.",2021,TV-MA,45,"['scifi', 'action', 'drama', 'fantasy']",US,['US'],1,tt5774002,6.7,37235,48.307,7.3
tm314863,Vivo,MOVIE,A music-loving kinkajou named Vivo embarks on the journey of a lifetime to fulfill his destiny and deliver a love song for an old friend.,2021,PG,95,"['comedy', 'animation', 'drama', 'family']",US,['US'],,tt6338498,6.7,17650,87.79,7.6
tm841797,The Ice Road,MOVIE,"After a remote diamond mine collapses in far northern Canada, an ice road driver must lead an impossible rescue mission over a frozen ocean to save the trapped miners.",2021,PG-13,103,"['thriller', 'drama', 'action']",US,['US'],,tt3758814,5.6,37401,76.023,7.1
tm525645,Fear Street: Part One - 1994,MOVIE,A circle of teenage friends accidentally encounter the ancient evil responsible for a series of brutal murders that have plagued their town for over 300 years. Welcome to Shadyside.,2021,,107,"['horror', 'drama']",US,['US'],,tt6566576,6.2,74672,110.15,6.8
tm1141594,Brazen,MOVIE,Mystery writer Grace Miller has killer instincts when it comes to motive - and she'll need every bit of expertise to help solve her sister's murder.,2022,,94,"['thriller', 'crime', 'drama', 'romance']",US,['US'],,tt13978306,4,11224,276.527,4.9
ts270405,Pretend It's a City,SHOW,"Wander the New York City streets and fascinating mind of wry writer, humorist and raconteur Fran Lebowitz as she sits down with Martin Scorsese.",2021,TV-14,29,"['comedy', 'documentation']",US,['US'],1,tt13660958,8.1,7096,5.846,7.7
ts271595,Crime Scene: The Vanishing at the Cecil Hotel,SHOW,The notorious Cecil Hotel grows in infamy when guest Elisa Lam vanishes. A dive into crime's darkest places.,2021,TV-MA,55,"['documentation', 'crime', 'thriller']",US,['US'],1,tt13840586,5.9,16799,27.734,7.2
ts329700,Life After Death with Tyler Henry,SHOW,Clairvoyant medium Tyler Henry offers clarity and closure from the beyond while searching through his own family's past in an intimate reality series.,2022,TV-MA,43,['reality'],US,['US'],1,tt18224644,5.5,522,2.569,5.5
tm1020820,Night Teeth,MOVIE,"A college student moonlighting as a chauffeur picks up two mysterious women for a night of party-hopping across LA. But when he uncovers their bloodthirsty intentions - and their dangerous, shadowy underworld - he must fight to stay alive.",2021,,107,"['comedy', 'action', 'crime', 'drama', 'fantasy', 'horror', 'thriller']",US,"['GB', 'US']",,tt10763820,5.6,16890,70.777,6.6
tm1191860,Oprah + Viola: A Netflix Special Event,MOVIE,"In this special event, Oprah Winfrey sits down with actor Viola Davis for an interview about her memoir, ""Finding Me.""",2022,,48,[],US,['US'],,tt19404044,,,5.85,5
tm1198745,Marmaduke,MOVIE,"A legendary dog trainer believes he can transform Marmaduke from an undisciplined, but lovable dog, into the first Great Dane to win the World Dog Championship.",2022,,88,"['comedy', 'animation']",US,"['CA', 'US']",,tt8746404,3,276,99.429,5.4
ts314594,Catching Killers,SHOW,"The investigators behind infamous serial killer cases reveal the harrowing, chilling details of their extraordinary efforts in this true crime series.",2021,TV-MA,40,"['documentation', 'crime']",US,['US'],2,tt15723914,7.1,2908,22.866,6.9
tm1093099,Love Hard,MOVIE,"An LA girl, unlucky in love, falls for an East Coast guy on a dating app and decides to surprise him for the holidays, only to discover that she's been catfished. This lighthearted romantic comedy chronicles her attempt to reel in love.",2021,,104,"['comedy', 'romance']",US,['US'],,tt10752004,6.3,48521,15.982,7.1
ts315611,Animal,SHOW,"This immersive series follows the world's most magnificent creatures, capturing never-before-seen moments from the heartwarming to the outrageous.",2021,TV-PG,45,['documentation'],US,"['US', 'BR']",2,tt15674216,7.9,857,3.401,8.7
tm858869,Stowaway,MOVIE,A three-person crew on a mission to Mars faces an impossible choice when an unplanned passenger jeopardizes the lives of everyone on board.,2021,PG-13,117,"['thriller', 'scifi', 'drama']",US,"['DE', 'US']",,tt9203694,5.6,44054,21.668,5.8
tm833216,Things Heard & Seen,MOVIE,"Catherine Clare reluctantly trades life in 1980 Manhattan for a remote home in the tiny hamlet of Chosen, New York, after her husband George lands a job teaching art history at a small Hudson Valley college. Even as she does her best to transform the old dairy farm into a place where young daughter Franny will be happy, Catherine increasingly finds herself isolated and alone. She soon comes to sense a sinister darkness lurking both in the walls of the ramshackle property—and in her marriage to George.",2021,,121,"['horror', 'thriller', 'drama']",US,['US'],,tt10962368,5.3,29915,13.886,5.8
tm1159163,Fistful of Vengeance,MOVIE,A revenge mission becomes a fight to save the world from an ancient threat when superpowered assassin Kai tracks a killer to Bangkok.,2022,R,94,"['fantasy', 'action', 'crime', 'drama']",US,['US'],,tt14158554,4.5,5985,829.005,5.4
tm1096775,Procession,MOVIE,Six men who were sexually abused by Catholic clergy as boys find empowerment by creating short films inspired by their trauma.,2021,R,118,['documentation'],US,['US'],,tt14300912,7.2,1076,15.236,5.8
tm912100,Bruised,MOVIE,"Jackie Justice is a mixed martial arts fighter who leaves the sport in disgrace. Down on her luck and simmering with rage and regret years after the fight, she's coaxed into a brutal underground fight by her manager and boyfriend Desi and grabs the attention of a fight league promoter who promises Jackie a life back in the Octagon. But the road to redemption becomes unexpectedly personal when Manny - the son she gave up as an infant - shows up at her doorstep. A triumphant story of a fighter who reclaims her power, in and out of the ring, when everyone has counted her out",2021,R,129,"['drama', 'sport', 'thriller']",US,"['GB', 'US']",,tt8310474,6.1,13968,42.403,7
tm1108321,Dave Chappelle: The Closer,MOVIE,"As he closes out his slate of comedy specials, Dave takes the stage to try and set the record straight — and get a few things off his chest.",2021,,72,['comedy'],US,['US'],,tt15523010,8,24903,9.182,7.3
tm992260,Yes Day,MOVIE,A mom and dad who usually say no decide to say yes to their kids' wildest requests — with a few ground rules — on a whirlwind day of fun and adventure.,2021,PG,86,"['comedy', 'family']",US,['US'],,tt8521876,5.7,23141,51.078,6.9
ts304053,Countdown: Inspiration4 Mission to Space,SHOW,"From training to launch to landing, this all-access docuseries rides along with the Inspiration4 crew on the first all-civilian orbital space mission.",2021,TV-14,50,['documentation'],US,['US'],1,tt15166116,7.9,1642,4.827,6.7
ts284702,This Is a Robbery: The World's Biggest Art Heist,SHOW,"In 1990, two men dressed as cops con their way into a Boston museum and steal a fortune in art. Take a deep dive into this daring and notorious crime.",2021,TV-MA,53,"['crime', 'history', 'documentation']",US,['US'],1,tt14223858,6.5,4246,4.116,7
tm1079334,"Bob Ross: Happy Accidents, Betrayal & Greed",MOVIE,Bob Ross brought joy to millions as the world's most famous art instructor. But a battle for his business empire cast a shadow over his happy trees.,2021,PG-13,92,['documentation'],US,"['US', 'NL']",,tt14539744,6.9,5674,11.287,6.9
tm824160,Fear Street: Part Two - 1978,MOVIE,"Shadyside, 1978. School's out for summer and the activities at Camp Nightwing are about to begin. But when another Shadysider is possessed with the urge to kill, the fun in the sun becomes a gruesome fight for survival.",2021,,109,"['drama', 'horror']",US,['US'],,tt9701940,6.7,58277,93.542,7.3
tm459789,The Lovebirds,MOVIE,"A couple experiences a defining moment in their relationship when they are unintentionally embroiled in a murder mystery. As their journey to clear their names takes them from one extreme – and hilarious - circumstance to the next, they must figure out how they, and their relationship, can survive the night.",2021,R,87,"['action', 'romance', 'comedy', 'crime', 'thriller']",US,['US'],,tt8851668,6,25460,8.69,5.8
tm919880,Final Account,MOVIE,A depiction of the last living generation of German participants in Adolf Hitler’s Third Reich.,2021,PG-13,94,['documentation'],US,"['US', 'GB']",,tt12789212,7.1,950,4.483,7.1
ts299865,Heist,SHOW,Millions in stolen cash. Missing luxury bourbon. Watch ordinary people almost get away with these extraordinary heists in this true crime series.,2021,TV-MA,43,"['crime', 'documentation']",US,['US'],1,tt14865290,6.8,1698,3.388,6.9
ts269676,History of Swear Words,SHOW,This proudly profane series explores the history and impact of some of the most notorious bad words in the English language.,2021,TV-MA,21,"['comedy', 'documentation']",US,['US'],1,tt13617060,6.4,4776,1.4,6.9
tm1038344,Awake,MOVIE,"After a sudden global event wipes out all electronics and takes away humankind’s ability to sleep, chaos quickly begins to consume the world. Only Jill, an ex-soldier with a troubled past, may hold the key to a cure in the form of her own daughter. The question is, can Jill safely deliver her daughter and save the world before she herself loses her mind.",2021,R,96,"['scifi', 'thriller', 'action', 'drama']",US,['US'],,tt10418662,4.8,20828,177.612,6
ts287532,High on the Hog: How African American Cuisine Transformed America,SHOW,"Black food is American food. Chef and writer Stephen Satterfield traces the delicious, moving throughlines from Africa to Texas in this docuseries.",2021,TV-14,47,['documentation'],US,['US'],1,,,,1.614,
tm863351,The God Committee,MOVIE,"An organ transplant committee has one hour to decide which of three patients deserves a life-saving heart. Seven years later, the committee members struggle with the consequences of that fateful decision.",2021,,98,"['drama', 'thriller']",US,['US'],,tt6852526,5.8,3761,14.702,7.1
tm976166,Malcolm & Marie,MOVIE,"As a filmmaker and his girlfriend return home from his movie premiere, smoldering tensions and painful revelations push them toward a romantic reckoning.",2021,R,106,"['drama', 'romance']",US,['US'],,tt12676326,6.6,35760,27.204,7.1
tm949309,The White Tiger,MOVIE,An ambitious Indian driver uses his wit and cunning to escape from poverty and rise to the top. An epic journey based on the New York Times bestseller.,2021,R,125,"['drama', 'crime']",US,"['IN', 'SG', 'US']",,tt6571548,7.1,58190,16.464,6.9
tm1018890,Seaspiracy,MOVIE,"Passionate about ocean life, a filmmaker sets out to document the harm that humans do to marine species — and uncovers an alarming global conspiracy.",2021,,80,['documentation'],US,['US'],,tt14152756,8.1,29604,9.255,7.9
tm1064228,Fatherhood,MOVIE,"A widowed new dad copes with doubts, fears, heartache and dirty diapers as he sets out to raise his daughter on his own. Inspired by a true story.",2021,PG-13,109,"['drama', 'comedy']",US,"['US', 'CA']",,tt4733624,6.6,34661,63.934,7.6
ts314742,He-Man and the Masters of the Universe,SHOW,Mighty teen Adam and his heroic squad of misfits discover the legendary power of Grayskull — and their destiny to defend Eternia from sinister Skeletor.,2021,TV-Y7,26,"['scifi', 'action', 'fantasy', 'animation', 'comedy', 'drama', 'family']",US,['US'],2,tt11465278,5.8,1618,28.193,7.4
tm1018427,Moxie,MOVIE,"Inspired by her mom's rebellious past and a confident new friend, a shy 16-year-old publishes an anonymous zine calling out sexism at her school.",2021,PG-13,111,"['comedy', 'drama', 'music']",US,['US'],,tt7737700,6.7,24003,32.307,7.4
tm1104532,Britney vs. Spears,MOVIE,Journalist Jenny Eliscu and filmmaker Erin Lee Carr investigate Britney Spears' fight for freedom by way of exclusive interviews and confidential evidence.,2021,,93,"['documentation', 'music']",US,['US'],,tt15469820,6.4,6612,10.209,7.2
tm1165219,Ali Wong: Don Wong,MOVIE,"Comedian, writer and actress Ali Wong returns to Netflix for her third original comedy special, Don Wong. Just in time for Valentine's Day, Ali reveals her wildest fantasies, the challenges of monogamy, and how she really feels about single people. Filmed at The Count Basie Theater in New Jersey.",2022,R,59,['comedy'],US,['US'],,tt17542000,6.5,1828,5.408,7
ts272463,Colin in Black & White,SHOW,The life of athlete Colin Kaepernick and his adoptive parents as they navigate the challenges of raising a black son in a white family and community.,2021,TV-14,32,"['drama', 'sport']",US,['US'],1,tt12624928,5.4,7021,32.746,6.5
ts286317,The Sons of Sam: A Descent Into Darkness,SHOW,"The Son of Sam case grew into a lifelong obsession for journalist Maury Terry, who became convinced that the murders were linked to a satanic cult.",2021,TV-MA,60,"['documentation', 'crime', 'history']",US,['US'],1,tt13156316,7,8124,8.566,7.4
tm1020851,Back to the Outback,MOVIE,"Tired of being locked in a reptile house where humans gawk at them like they're monsters, a group of Australia's deadliest creatures plot a daring escape from their zoo to the Outback.",2021,PG,95,"['family', 'animation', 'comedy']",US,"['US', 'AU']",,tt13575806,6.5,7328,215.229,7.7
ts320426,Crime Scene: The Times Square Killer,SHOW,"In 1970s NYC, the “Torso Killer” preys on women to fulfill his grotesque fantasies while eluding police. A docuseries dive into crime’s darkest places.",2021,TV-MA,49,"['crime', 'documentation', 'history']",US,['US'],1,tt16027926,6.5,3355,6.297,7
tm1158704,Tyler Perry's A Madea Homecoming,MOVIE,Madea's back - hallelujer! And she's not putting up with any nonsense as family drama erupts at her great-grandson's college graduation celebration.,2022,R,105,"['comedy', 'drama', 'romance']",US,['US'],,tt14813966,5.6,3447,243.742,6.9
tm1187638,Ronny Chieng: Speakeasy,MOVIE,"Ronny shares his journey during the pandemic, race relations, cancel culture and some stories from his experiences as a comic.",2022,,60,['comedy'],US,['US'],,tt18830896,,,5.518,6.6
ts287294,"Money, Explained",SHOW,"We spend it, we borrow it, and save it. Now let's talk about money and its many minefields, from credit cards to casino, scammers to student loans.",2021,TV-14,23,['documentation'],US,['US'],1,tt14492910,6.9,2143,15.194,7.7
ts271888,Fate: The Winx Saga,SHOW,"The coming-of-age journey of five fairies attending Alfea, a magical boarding school in the Otherworld where they must learn to master their powers while navigating love, rivalries, and the monsters that threaten their very existence.",2021,TV-MA,50,"['scifi', 'drama', 'fantasy', 'action']",US,['US'],1,tt8179402,6.8,37995,81.023,8.4
ts287328,Yasuke,SHOW,"In a war-torn feudal Japan filled with mechs and magic, the greatest ronin never known, Yasuke, struggles to maintain a peaceful existence after a past life of violence. But when a local village becomes the center of social upheaval between warring daimyo, Yasuke must take up his sword and transport a mysterious child who is the target of dark forces and bloodthirsty warlords.",2021,TV-MA,29,"['scifi', 'action', 'drama', 'fantasy', 'thriller', 'animation']",US,['US'],1,tt9310330,6.2,4999,12.642,7.8
ts317422,Saturday Morning All Star Hits!,SHOW,Follows Skip and Treybor as they celebrate all that is 80s and 90s television.,2021,TV-14,23,"['animation', 'comedy']",US,['US'],1,tt15978256,7.6,846,5.326,5.6
tm1038363,America: The Motion Picture,MOVIE,A chainsaw-wielding George Washington teams with beer-loving bro Sam Adams to take down the Brits in a tongue-in-cheek riff on the American Revolution.,2021,R,98,"['action', 'animation', 'comedy', 'fantasy', 'history', 'scifi', 'war']",US,['US'],,tt6733874,5.6,6165,62.164,5.8
tm1039147,Audible,MOVIE,Football player Amaree McKenstry-Hall and his Maryland School for the Deaf teammates attempt to defend their winning streak while coming to terms with the tragic loss of a close friend.,2021,PG-13,39,['documentation'],US,['US'],,tt12771540,5.3,,6.782,7
tm922429,The Block Island Sound,MOVIE,What’s controlling the town on Block Island? There’s a force lurking off the coast and the wildlife and people are all behaving strangely.,2021,,103,"['horror', 'scifi', 'thriller']",US,['US'],,tt8747160,5.3,7558,7.757,5.2
ts321614,Blippi Wonders,SHOW,"Ever curious Blippi sets off on comedic and fun adventures in his BlippiMobile along with his faithful sidekicks TABBS & FETCH, who help him find the answers to a burning question of the day. This animated series allows us to take Blippi places he couldn't normally go in live-actions and appeal audiences around the world.",2021,TV-Y,7,['animation'],US,['US'],1,tt19315934,,,4.343,7
ts291718,Pretty Smart,SHOW,A self-proclaimed intellectual is forced to move in with her carefree sister and her sister's lovably eccentric friends.,2021,TV-14,24,"['comedy', 'drama', 'romance']",US,['US'],1,tt14369056,5.7,4209,5.759,7
tm983658,Rita Moreno: Just a Girl Who Decided to Go for It,MOVIE,"Rita Moreno defied both her humble upbringing and relentless racism to become one of a select group who have won an Emmy, Grammy, Oscar and Tony Award. Over a seventy year career, she has paved the way for Hispanic-American performers by refusing to be pigeonholed into one-dimensional stereotypes.",2021,PG-13,90,['documentation'],US,['US'],,tt10741846,7.7,711,3.933,7.1
ts300456,My Unorthodox Life,SHOW,The personal and professional life of fashion mogul Julia Haart - former member of an ultra-Orthodox Jewish community turned CEO of Elite World Group.,2021,TV-MA,40,['reality'],US,['US'],1,tt14398500,5.5,1170,4.329,6.5
tm898614,Sweet Girl,MOVIE,A devastated husband vows to bring justice to the people responsible for his wife's death while protecting the only family he has left: his daughter.,2021,R,110,"['drama', 'thriller', 'action']",US,['US'],,tt10731768,5.5,30580,114.132,6.8
tm922706,Fear Street: 1666,MOVIE,"In 1666, a colonial town is gripped by a hysterical witch-hunt that has deadly consequences for centuries to come, and it's up to teenagers in 1994 to finally put an end to their town's curse, before it's too late.",2021,R,114,['horror'],US,['US'],,,,,65.826,7.3
ts273100,DOTA: Dragon's Blood,SHOW,"After encounters with a dragon and a princess on her own mission, a Dragon Knight becomes embroiled in events larger than he could have ever imagined.",2021,TV-MA,26,"['scifi', 'action', 'thriller', 'animation', 'fantasy']",US,['US'],2,tt14069590,7.8,17429,38.415,8
ts305264,School of Chocolate,SHOW,"Eight top pastry and chocolate professionals elevate their skills under the supervision of world-renowned chocolatier, Amaury Guichon.",2021,TV-PG,38,['reality'],US,['US'],1,tt15172154,7.6,1572,3.352,6.9
tm434625,Wish Dragon,MOVIE,Determined teen Din is longing to reconnect with his childhood best friend when he meets a wish-granting dragon who shows him the magic of possibilities.,2021,PG,99,"['fantasy', 'comedy', 'family', 'romance', 'animation']",US,"['CN', 'US']",,tt5562070,7.2,24712,129.238,8.1
tm1045741,Blue Miracle,MOVIE,"To save their cash-strapped orphanage, a guardian and his kids partner with a washed-up boat captain for a chance to win a lucrative fishing competition.",2021,,95,"['drama', 'family']",US,"['MX', 'US']",,tt7084386,6.6,6432,28.612,7.5
tm1020326,Deadly Illusions,MOVIE,"A bestselling female novelist, suffering from writer's block, hires an innocent young woman to watch over her twin children. As the novelist dangerously indulges in her new best seller, the line between the life she's writing and the one she's living becomes blurred.",2021,R,114,['thriller'],US,['US'],,,,,23.683,5
tm1038369,Good on Paper,MOVIE,"After years of putting her career ahead of love, stand-up comic Andrea Singer has stumbled upon the perfect guy. On paper, he checks all the boxes but is he everything he appears to be?",2021,R,92,"['romance', 'comedy']",US,['US'],,tt8231668,5.6,11401,19.651,5.6
tm1141923,The Royal Treatment,MOVIE,"Isabella runs her own salon and isn’t afraid to speak her mind, while Prince Thomas runs his own country and is about to marry for duty rather than love. When Izzy and her fellow stylists get the opportunity of a lifetime to do the hair for the royal wedding, she and Prince Thomas learn that taking control of their own destiny requires following their hearts.",2022,,96,"['romance', 'comedy', 'family']",US,['US'],,tt13989030,5.2,8127,109.801,6.7
ts287722,The Upshaws,SHOW,"Bennie Upshaw, the head of a Black working class family in Indianapolis, is a charming, well-intentioned mechanic and lifelong mess just trying his best to step up and care for his family and tolerate his sardonic sister-in-law, all without a blueprint for success.",2021,TV-14,30,['comedy'],US,['US'],2,tt10945036,6.8,2296,1.4,8.4
tm1052498,Aileen Wuornos: American Boogeywoman,MOVIE,"Based on Aileen Wuornos's early life, America's most notorious female serial killer, back in 1976 a young Aileen arrives in Florida searching for a new life that will help her escape her tragic past, marries a wealthy Yacht Club president and has the chance to start again as part of Florida's high society. But tormented by inner demons she surrenders to her murderous impulses and wreaks havoc in the peaceful community of Deland, Florida.",2021,R,85,"['drama', 'horror', 'thriller']",US,['US'],,tt14265992,3.6,1349,9.607,4.9
tm1150872,Aziz Ansari: Nightclub Comedian,MOVIE,"After another year of lockdowns, Aziz takes the stage to skewer pandemic life, quarantines, vaccine cards, celebrity side-gigs, smartphones and more.",2022,R,29,['comedy'],US,['US'],,tt17005964,7,1964,3.915,6.7
tm1003353,Operation Varsity Blues: The College Admissions Scandal,MOVIE,"An examination that goes beyond the celebrity-driven headlines and dives into the methods used by Rick Singer, the man at the center of the shocking 2019 college admissions scandal, to persuade his wealthy clients to cheat an educational system already designed to benefit the privileged.",2021,R,100,"['drama', 'documentation', 'crime']",US,['US'],,tt14111734,6.9,7993,12.019,7
ts320302,Neymar: The Perfect Chaos,SHOW,"Beloved worldwide but also a lightning rod for criticism, Neymar shares the highs and lows of his personal life and brilliant football career.",2022,TV-MA,55,"['documentation', 'sport']",US,"['BR', 'US']",1,tt16428640,6.6,2907,43.212,7.4
tm1003261,Nate Bargatze: The Greatest Average American,MOVIE,"Tennessee-born comedian, actor, and podcast host Nate Bargatze is back with his second hour-long Netflix original comedy special, Nate Bargatze: The Greatest Average American. Nate reflects on being part of the Oregon Trail generation, meeting his wife while working at Applebee's and the hilariously relatable moments of being a father and husband.",2021,,60,['comedy'],US,['US'],,tt14078164,7.3,1295,3.751,7.1
tm863823,Finding 'Ohana,MOVIE,"Two Brooklyn siblings' summer in a rural Oahu town takes an exciting turn when a journal pointing to long-lost treasure sets them on an adventure, leading them to reconnect with their Hawaiian heritage.",2021,PG,123,"['comedy', 'family', 'action']",US,['US'],,tt10332588,6.1,9819,52.678,6.5
ts192196,Q-Force,SHOW,A handsome secret agent and his team of LGBTQ superspies embark on extraordinary adventures.,2021,TV-MA,23,"['scifi', 'animation', 'action', 'comedy', 'crime', 'fantasy']",US,['US'],1,tt10140028,6.4,4963,20.176,7.3
tm860261,To All the Boys: Always and Forever,MOVIE,Senior year of high school takes center stage as Lara Jean returns from a family trip to Korea and considers her college plans — with and without Peter.,2021,PG-13,115,"['romance', 'comedy', 'drama']",US,['US'],,tt10676012,6.3,24232,44.182,7.7
ts216407,Age of Samurai: Battle for Japan,SHOW,An exploration of the warring kingdoms of feudal Japan when several powerful warlords fought to become absolute ruler.,2021,TV-MA,43,"['drama', 'history', 'war', 'documentation', 'action']",US,['US'],1,tt10551256,7.4,4022,36.228,7.1
tm1028298,He's All That,MOVIE,"To get revenge on her ex-boyfriend, an influencer attempts to transform an unpopular classmate into prom king.",2021,R,91,"['comedy', 'romance']",US,['US'],,tt4590256,4.3,23474,82.882,6.8
ts271025,Bling Empire,SHOW,"Follow LA's wildly wealthy Asian and Asian American fun seekers as they go all out with fabulous parties, glamour and drama in this reality series.",2021,TV-MA,39,['reality'],US,['US'],2,tt13660962,5.8,2608,6.769,9.2
ts29800,Surviving Death,SHOW,"What happens after we die? This docuseries explores personal stories and research on near-death experiences, reincarnation and paranormal phenomena.",2021,TV-MA,54,"['documentation', 'reality']",US,['US'],1,tt13649692,6.1,1991,0.6,6.9
tm1120509,Never Back Down: Revolt,MOVIE,A woman who is kidnapped and forced to compete in elite underground fights and has to battle her way out to freedom.,2021,R,89,"['drama', 'sport', 'action', 'crime']",US,['US'],,tt13470094,3.9,482,108.373,6.6
tm166973,Mixtape,MOVIE,"On the eve of Y2K, orphaned 12-year-old Beverly discovers a broken mixtape crafted by her teen parents. Raised by her grandmother - who struggles talking about her late daughter - Beverly sees the mixtape as a chance to finally learn more about her parents.",2021,,94,"['comedy', 'drama', 'family', 'romance']",US,['US'],,tt1587420,6.6,3000,22.899,7.1
tm1082314,Untold: Malice at the Palace,MOVIE,"Key figures from an infamous November 19th 2004 incident between players and fans at an NBA game in Michigan discuss the fight, its fallout and its lasting legacy.",2021,R,69,"['crime', 'documentation', 'sport']",US,['US'],,tt15085802,7.5,7532,14.189,7
ts305263,Baking Impossible,SHOW,Innovative bakers are paired with the brightest engineers to compete in designing and baking creations that are both delicious and made to survive intense engineering stress tests.,2021,TV-PG,49,['reality'],US,['US'],1,tt15171996,7,1004,5.68,6
tm1134006,Death to 2021,MOVIE,This comedic retrospective mixes archival footage and scripted sketches as it revisits all the dread — and occasional delight — that 2021 had to offer.,2021,,60,['comedy'],US,"['GB', 'US']",,tt16301388,6.3,14315,10.912,6
tm863919,Extinct,MOVIE,"Op and Ed, two adorable donut-shaped animals - flummels - accidentally time-travel from 1835 to modern-day Shanghai.  There they discover traffic, trans fats, and worst of all, that flummels are now extinct. It's up to this bumbling pair to save themselves and their species...and, just maybe, change the course of history.",2021,,85,"['comedy', 'family', 'animation']",US,"['US', 'CA', 'CN']",,tt8241000,5.4,2393,140.949,6.5
ts220196,Centaurworld,SHOW,"Centaurworld follows a war horse who is transported from her embattled world to a strange land inhabited by silly, singing centaurs of all species, shapes, and sizes. Desperate to return home, she befriends a group of these magical creatures and embarks on a journey that will test her more than any battle she's ever faced before.",2021,TV-Y7,29,"['scifi', 'action', 'family', 'fantasy', 'animation', 'comedy']",US,['US'],2,tt10919290,7.6,1939,9.714,7.5
ts346007,Savage Beauty,SHOW,"In Savage Beauty, Rosemary Zimu plays Zinhle - a first young woman with a tragic past who is determined to take revenge on the Bhengus family, who destroyed a lot of lives with their infernal vision.

Don and Grace Bhengu once used street children to test a toxic beauty product. Many of those children do not have children, but one of the survivors has developed and particular vengeance. But she knows she has to play it smart to play the powerful family.",2022,TV-MA,0,['drama'],US,['US'],1,,,,24.798,6
ts319333,Tiger King: The Doc Antle Story,SHOW,"A lifelong showman, Bhagavan “Doc” Antle has built his various careers on theatrics, attracting a slew of admirers along the way. But beneath the eccentric, animal-loving facade lies a predator far more dangerous than his beloved big cats and a man shadier than any of his Tiger King counterparts.",2021,TV-MA,42,"['crime', 'documentation']",US,['US'],1,tt16307970,6.2,1330,4.29,6.5
tm888243,Pray Away,MOVIE,"In the 1970s, five men struggling with being gay in their Evangelical church started a bible study to help each other leave the ""homosexual lifestyle."" They quickly received over 25,000 letters from people asking for help and formalized as Exodus International, the largest and most controversial conversion therapy organization in the world. But leaders struggled with a secret: their own “same-sex attractions” never went away. After years as Christian superstars in the religious right, many of these men and women have come out as LGBTQ, disavowing the very movement they helped start. Focusing on the dramatic journeys of former conversion therapy leaders, current members, and a survivor, PRAY AWAY chronicles the “ex gay"" movement’s rise to power, persistent influence, and the profound harm it causes.",2021,PG-13,101,['documentation'],US,['US'],,tt11224358,6.5,2714,11.352,7
ts315144,The Creature Cases,SHOW,"Follows Sam Snow and Kit Casey, two brilliant agents, as they solve mysteries that mix real zoological facts with wild detective action.",2022,TV-Y,0,"['animation', 'family', 'action', 'comedy']",US,['US'],1,tt15527326,,,5.349,8.3
ts343426,Senzo: Murder of a Soccer Star,SHOW,"Soccer player Senzo Meyiwa was a national hero before his killing shocked South Africa. Who did it, and why? This docuseries dives into the evidence.",2022,,40,"['crime', 'documentation']",US,"['ZA', 'US']",1,tt18954258,,,2.632,
ts271517,The Crew,SHOW,"When the owner of the fictional NASCAR Bobby Spencer Racing team steps down and passes the team off to his daughter Catherine, the crew chief has to protect himself and his crew from her attempts to  modernize.",2021,TV-14,29,['comedy'],US,['US'],1,tt10971022,6.5,5396,11.347,7.2
tm1150256,Tall Girl 2,MOVIE,"After Jodi Kreyman gains popularity, her miscommunications start causing rifts with those around her and now she really needs to ""stand tall"".",2022,,97,"['romance', 'comedy', 'drama', 'family']",US,['US'],,tt16085592,4.7,3916,88.374,5.8
tm1087956,Afterlife of the Party,MOVIE,A social butterfly who dies during her birthday week is given a second chance to right her wrongs on Earth.,2021,,109,"['fantasy', 'drama', 'romance', 'comedy']",US,['US'],,tt11742798,5.7,8223,40.022,6.9
tm993790,40 Love,MOVIE,"Beek, a 22 year-old statistics wiz, believes his Moneyball-esque skills can help rising tennis star Lois Kuzenkova win the U.S. Open.",2021,R,98,['comedy'],US,"['US', 'MX']",,,,,2.497,3
ts271593,Spycraft,SHOW,"The spy game is a serious business, and throughout history, the tools and technologies developed for it have mattered as much as the spies themselves.",2021,TV-MA,34,['documentation'],US,['US'],1,tt13789092,6.7,1976,8.201,7
ts310376,"Sex, Love & Goop",SHOW,Courageous couples head for more pleasurable sex and deeper intimacy with help from Gwyneth Paltrow and a team of experts in this reality series.,2021,TV-MA,35,"['comedy', 'romance']",US,['US'],1,tt15470160,4.8,713,9.494,5.3
tm984204,The Seventh Day,MOVIE,"A renowned exorcist teams up with a rookie priest for his first day of training. As they plunge deeper into hell on earth, the lines between good and evil blur, and their own demons emerge.",2021,R,87,['horror'],US,['US'],,tt11263022,4.5,4248,80.344,5.5
tm1020073,Thunder Force,MOVIE,"In a world where supervillains are commonplace, two estranged childhood best friends reunite after one devises a treatment that gives them powers to protect their city.",2021,PG-13,107,"['scifi', 'comedy', 'fantasy', 'action']",US,['US'],,tt10121392,4.4,40788,109.493,5.6
ts320502,Getting Curious with Jonathan Van Ness,SHOW,Jonathan Van Ness lets curiosity lead the way while roving from snacks to wigs in this podcast spinoff chock-full of experts and special guests.,2022,TV-MA,26,"['comedy', 'reality']",US,['US'],1,tt16584084,7,494,1.827,7.5
ts255779,Gabby's Dollhouse,SHOW,This colorful series leads preschoolers room to room through a fantastical dollhouse of delightful mini-worlds and irresistible kitty characters.,2021,TV-Y,23,"['fantasy', 'animation', 'comedy', 'family']",US,['US'],4,tt9165438,7.2,344,1.4,8.8
tm1003725,A Castle for Christmas,MOVIE,"To escape a scandal, a bestselling author journeys to Scotland, where she falls in love with a castle - and faces off with the grumpy duke who owns it.",2021,,98,"['romance', 'comedy', 'drama', 'family']",US,"['US', 'GB']",,tt13070602,5.5,11727,17.704,5.8
tm983270,Outside the Wire,MOVIE,"In the near future, a drone pilot is sent into a deadly militarized zone and must work with an android officer to locate a doomsday device.",2021,R,116,"['scifi', 'thriller', 'action', 'fantasy']",US,['US'],,tt10451914,5.4,41562,114.758,6.4
tm319224,The Loud House Movie,MOVIE,The Loud family travel to Scotland and discover they are descendants of Scottish royalty as they move into their giant ancestral castle.,2021,G,83,"['animation', 'action', 'thriller', 'fantasy', 'drama', 'family', 'music', 'comedy']",US,['US'],,tt6714432,6.2,1893,97.251,7.7
ts283676,Last Chance U: Basketball,SHOW,Hit the hardwood in East Los Angeles as a coach with strong convictions leads young men who hope to fulfill major college potential.,2021,TV-MA,60,"['documentation', 'sport']",US,['US'],1,tt13087512,8.3,2429,6.768,7.7
ts272669,Waffles + Mochi,SHOW,Curious puppet pals Waffles and Mochi travel the world exploring the wonders of food and culture while learning how to cook with fresh ingredients.,2021,TV-Y,30,['family'],US,['US'],1,tt14035218,7.5,463,4.111,7
ts188861,Battle Kitty,SHOW,"In a futuristic-medieval world, warriors must find and defeat all the monsters on Battle Island, collecting their coveted keys in order to become 'Champion'. Cut to Kitty and Orc, two best friends on a mission to help Kitty become Champion their way through cuteness and friendship. The two embark on the journey to Championhood, facing many obstacles and naysayers only to discover a surprise waiting for them at the Ancient Ruins.",2022,TV-Y7,32,"['animation', 'action', 'comedy', 'family', 'fantasy', 'scifi']",US,['US'],1,tt10050740,7.4,60,6.992,
tm1096769,Lead Me Home,MOVIE,Poignant stories of homelessness on the West Coast of the US frame this cinematic portrait of a surging humanitarian crisis.,2021,,40,['documentation'],US,['US'],,tt15339848,7.1,,16.605,6.7
tm963182,Trollhunters: Rise of the Titans,MOVIE,The heroes from the Trollhunters series team-up on an epic adventure to fight the Arcane Order for control over the magic that binds them all.,2021,,104,"['comedy', 'drama', 'family', 'fantasy', 'animation', 'action']",US,['US'],,tt12851396,6.7,4614,120.75,7.8
tm1074621,Bridgerton - The Afterparty,MOVIE,"""Bridgerton"" cast members share behind-the-scenes stories from the hit show, plus comedian Nikki Glaser breaks down the costume drama's sexiest moments",2021,,38,[],US,['US'],,,,,,
ts72196,Swap Shop,SHOW,"When the ""Swap Shop"" radio show shares the scoop on sweet deals, collectors of cars, comics, creepy clown statues and more listen with ears wide open.",2021,TV-14,30,['reality'],US,['US'],2,tt15674202,6.7,325,2.434,6.7
ts269493,Headspace Guide to Meditation,SHOW,"The series shows how meditation can help in your daily life. From tackling stress to embracing gratitude, each episode first teaches the basics and techniques of the practice, and then concludes with a guided meditation. Push play, close your eyes, and explore the many benefits of meditation.",2021,TV-G,22,"['documentation', 'animation']",US,['US'],1,tt13617024,8.4,1540,5.733,7.8
ts310331,Twenty Somethings: Austin,SHOW,"Set in Austin, Texas, this growing-up reality show is where twenty-somethings find love, friendship and embark on a new adventure: life.",2021,TV-MA,30,['reality'],US,['US'],1,tt15204216,6,427,5.783,1
tm921206,The Kissing Booth 3,MOVIE,"It’s the summer before Elle heads to college, and she has a secret decision to make. Elle has been accepted into Harvard, where boyfriend Noah is matriculating, and also Berkeley, where her BFF Lee is headed and has to decide if she should stay or not.",2021,PG-13,112,"['romance', 'comedy']",US,"['US', 'ZA', 'GB']",,tt12783454,4.7,15536,107.078,7.1
ts297031,Transformers: War for Cybertron: Kingdom,SHOW,The frantic race to locate the Allspark first culminates on a strange planet as the future comes crashing through to the present day.,2021,TV-Y7,24,"['action', 'scifi']",US,['US'],1,,,,8.626,8.3
tm1092892,Found,MOVIE,Follows the story of three American teenage girls—each adopted from China—who discover they are blood-related cousins on 23andMe. Their online meeting inspires the young women to confront the burning questions they have about their lost history.,2021,PG,97,"['documentation', 'drama']",US,"['US', 'CN']",,tt13622146,7.5,1145,17.877,7.6
tm998858,Brian Regan: On the Rocks,MOVIE,"Brian Regan tackles the big issues weighing on him, including aging, time, obsessive behavior, backpacks on airplanes, ungrateful horses and raisins.",2021,,58,['comedy'],US,['US'],,tt13926994,6.9,601,3.399,6.8
tm362072,Monster,MOVIE,"The story of Steve Harmon, a 17-year-old honor student whose world comes crashing down around him when he is charged with felony murder.",2021,R,98,"['drama', 'crime']",US,"['CA', 'US']",,tt10229074,6.5,5574,12.751,6.5
ts272366,Amend: The Fight for America,SHOW,"When the United States of America was founded, the ideals of freedom and equality did not apply to all people. These are the stories of the brave Americans who fought to right the nation’s wrongs and enshrine the values we hold most dear into the Constitution — with liberty and justice for all.",2021,TV-MA,59,"['war', 'documentation', 'history']",US,['US'],1,tt13972246,7.8,1281,11.337,7.1
ts271726,Go Dog Go,SHOW,"Handy and inventive pup Tag chases adventure with her best pal, Scooch, solving problems and helping the citizens of Pawston along the way.",2021,TV-Y,24,['animation'],US,['US'],2,tt10687202,7.2,179,6.394,8
tm433048,This Is the Night,MOVIE,"In the summer of 1982, as all of Staten Island anticipates the opening of a blockbuster boxing movie, an Italian-American family must confront its greatest challenges.",2021,R,100,"['drama', 'comedy']",US,['US'],,tt8430548,5.5,556,6.178,7.3
ts317526,Selling Tampa,SHOW,"Along the Florida coast, Allure Realty stands out among the crowd. Owned by military vet Sharelle Rosado, this all Black, all female real estate firm has its eyes set on dominating the Suncoast. These ladies are equally as fun as they are fiercely ambitious, with all of them vying to be on top of the lavish world of luxury waterfront real estate. Sharelle has big plans for her brokerage and won't let anyone or anything get in the way of making her dreams a reality.
",2021,TV-MA,40,['reality'],US,['US'],1,tt16227948,4.4,708,3.28,10
tm872108,A Week Away,MOVIE,"With nowhere left to go, Will Hawkins finds himself at camp for the first time. His instinct is to run, but he finds a friend, a father figure, and even a girl who awakens his heart. Most of all, he finally finds a home.",2021,,94,"['drama', 'family', 'romance']",US,['US'],,tt11388278,5.7,4465,29.594,7
ts14520,Action Pack,SHOW,"The heroic kids of the Action Academy take on the bad guys with their hearts, their wits and their superpowers, and bring out the best in them.",2022,TV-Y,28,"['action', 'comedy', 'family', 'fantasy', 'scifi', 'animation']",US,['US'],1,tt15527308,6.5,66,3.669,10
tm1142517,The Witcher: Fireplace,MOVIE,"After keeping many a Witcher warm in the Great Hall at Kaer Morhen, these soothing flames offer a perfect backdrop for a cozy vibe. Fire magic, indeed.",2021,,59,[],US,['US'],,,,,6.254,5.5
tm950444,Skater Girl,MOVIE,"When a teen in rural India discovers a life-changing passion for skateboarding, she faces a rough road as she follows her dream to compete.",2021,PG,107,"['drama', 'family', 'sport']",US,"['IN', 'US']",,tt6964940,6.6,4180,16.29,7.5
tm894254,Penguin Bloom,MOVIE,"When an unlikely ally enters the Bloom family's world in the form of an injured baby magpie they name Penguin, the bird’s arrival makes a profound difference in the struggling family’s life.",2021,PG-13,95,['drama'],US,"['AU', 'US']",,tt6317656,6.8,9792,21.281,7.1
ts104362,Kid Cosmic,SHOW,"A young boy who dreams of becoming a hero, stumbles across some cosmic stones of power. His dreams appear to have come true.",2021,TV-Y7,23,"['action', 'comedy', 'family', 'fantasy', 'scifi', 'animation']",US,['US'],3,tt9248538,7.9,1354,19.327,8.8
ts317720,Coming Out Colton,SHOW,"Former NFL player and ""Bachelor"" star Colton Underwood embarks on a journey to embrace his new life as an out member of the LGBTQ community.",2021,TV-MA,36,['reality'],US,['US'],1,tt14527650,6.7,1087,2.275,7.6
tm984155,The Devil Below,MOVIE,"A group of four amateur adventurers who specialize in exploring remote and forsaken places pay a visit to Shookum Hills, a town in the remote Appalachian Mountains which was abandoned decades ago due to a mysterious coal mine fire.",2021,R,89,"['horror', 'thriller']",US,['US'],,tt8299850,4.2,4093,11.289,5.1
ts244930,Angry Birds: Summer Madness,SHOW,"Sparks and feathers fly when a teenage Red, Chuck, Bomb and Stella spend a wild summer together with other Angry Birds at Camp Splinterwood.",2022,TV-Y7,14,"['action', 'comedy', 'family', 'fantasy', 'animation']",US,['US'],1,tt12027896,6.3,436,27.957,7.2
ts272939,The Lost Pirate Kingdom,SHOW,The real-life pirates of the Caribbean violently plunder the world's riches and form a surprisingly egalitarian republic in this documentary series.,2021,TV-MA,43,"['documentation', 'drama', 'history']",US,['US'],1,tt14057360,6.6,2702,8.884,7.9
ts292662,Johnny Hallyday: Beyond Rock,SHOW,Johnny Hallyday in his own words. This intimate docuseries explores the life and career of France's rock icon through archival film and interviews.,2022,TV-14,35,"['documentation', 'music']",US,['US'],1,tt18274456,7,94,1.92,7
tm1171107,Surviving Paradise: A Family Tale,MOVIE,"As the Kalahari Desert faces a worsening dry season, prides, packs and herds of all kinds must rely on the power of family to survive.",2022,,78,['documentation'],US,"['US', 'GB']",,tt18059108,7.5,551,75.026,6.4
tm1041543,Breaking Boundaries: The Science of Our Planet,MOVIE,David Attenborough and scientist Johan Rockström examine Earth's biodiversity collapse and how this crisis can still be averted.,2021,,73,['documentation'],US,['US'],,tt14539726,7.8,2534,10.217,7.5
tm1030283,Why Did You Kill Me?,MOVIE,The line between justice and revenge blurs when a devastated family uses social media to track down the people who killed 24-year-old Crystal Theobald.,2021,R,83,"['documentation', 'crime']",US,['US'],,tt14318430,5.6,4057,12.754,6.2
ts302489,Chicago Party Aunt,SHOW,Chicago Party Aunt Diane is an idolized troublemaker with a talent for avoiding adulthood — and a soft spot for her soul-searching nephew.,2021,TV-MA,23,"['comedy', 'animation']",US,['US'],1,tt15125616,5.3,1383,4.432,6.5
ts288065,Naomi Osaka,SHOW,What does it feel like to be one of the best tennis players in the world? An intimate look inside the life of one of the most gifted and complex athletes of her generation offers insight into the tough decisions and ecstatic triumphs that shape Naomi Osaka as both an elite global superstar and a young woman navigating a pressure-filled world.,2021,TV-14,37,"['documentation', 'sport']",US,['US'],1,tt11898920,6.2,1287,1.4,7.5
tm1106806,Attack of the Hollywood Clichés!,MOVIE,Movie stars and members of the film industry make fun of several narrative and visual clichés that are as shocking and aesthetic as they are often truly ridiculous.,2021,,59,['documentation'],US,"['US', 'GB']",,,,,5.632,6.2
tm1104252,Escape the Undertaker,MOVIE,"The Undertaker has set a trap for the decorated tag team The New Day at his mansion. What they don't know: The Undertaker's mansion is an extreme Haunted House, packed to the brim with supernatural challenges. It's up to viewers to decide the fate of these poor souls trying to survive the wrath of The Undertaker.",2021,,31,['horror'],US,['US'],,tt15387782,4.3,394,75.943,5.2
tm1084481,Blood Brothers: Malcolm X & Muhammad Ali,MOVIE,"From a chance meeting to a tragic fallout, Malcolm X and Muhammad Ali's extraordinary bond cracks under the weight of distrust and shifting ideals.",2021,PG-13,95,"['documentation', 'history', 'sport']",US,['US'],,tt15095938,6.9,906,12.154,7.5
ts297247,That Girl Lay Lay,SHOW,"That Girl Lay Lay follows Lay Lay, the perfect hype girl and best friend that anyone could ever want from their personal affirmation app. Struggling to make her mark at school and needing a best friend to talk to, Sadie wishes upon a star that Lay Lay was real and could help teach her how to stand out. When her wish comes true and Lay Lay is magically brought to life, the two friends learn that when they are together, they can accomplish anything, and navigate life as teenagers and discover who they truly are.",2021,TV-G,23,['comedy'],US,['US'],2,tt14442054,3.4,232,2.874,9.5
ts282840,Worn Stories,SHOW,"In this funny, heartfelt and moving docuseries, real people unpack the fascinating and quirky stories around their most meaningful pieces of clothing.",2021,TV-MA,30,['documentation'],US,['US'],1,tt14177168,6.6,311,3.014,6.9
tm982887,The Minimalists: Less Is Now,MOVIE,They've built a movement out of minimalism. Longtime friends Joshua Fields Millburn and Ryan Nicodemus share how our lives can be better with less.,2021,,53,['documentation'],US,['US'],,tt13583144,5.9,4027,10.169,6.5
tm983730,Amy Tan: Unintended Memoir,MOVIE,"Amy Tan has established herself as one of America’s most respected literary voices. Born to Chinese immigrant parents, it would be decades before the author of The Joy Luck Club would fully understand the inherited trauma rooted in the legacies of women who survived the Chinese tradition of concubinage.",2021,,101,['documentation'],US,['US'],,tt10393074,7.7,307,3.404,8.3
tm1159301,Forgive Us Our Trespasses,MOVIE,"In 1939 Germany, a disabled farm boy is pursued by Nazi soldiers after Hitler enacts Aktion T4; a program to euthanize people with disabilities.",2022,PG-13,13,['drama'],US,['US'],,tt17162524,6.5,,71.392,6.4
ts273245,Dad Stop Embarrassing Me!,SHOW,A single dad and cosmetics brand owner figures out fatherhood on the fly when his strong-minded teen daughter moves in with him.,2021,TV-14,25,"['comedy', 'family']",US,['US'],1,tt13018090,4.1,1853,5.64,7.5
ts243780,Sharkdog,SHOW,"10 year old Max and his best friend Sharkdog - half shark, half dog, all appetite. Blissfully unaware of his own strength, stealth and general sharkiness, Sharkdog often leaves a trail of chaos in his wake.",2021,TV-Y,0,"['comedy', 'family', 'animation']",US,"['SG', 'US']",1,tt12211696,6.2,136,11.475,9.8
ts289364,Cat People,SHOW,"CAT PEOPLE tells the stories of some of the most remarkable and surprising ""cat people"" in the world, defying negative stereotypes while revealing the truth of what it means to love such fiercely independent creatures.",2021,TV-14,32,['documentation'],US,['US'],1,tt14818454,6.3,266,4.257,6.3
ts297065,Tattoo Redo,SHOW,"Bad tattoos walk in. Great tattoos walk out. Top artists transform tattoo disasters into stunning cover-ups, with designs chosen by clients' loved ones.",2021,TV-MA,30,['reality'],US,['US'],1,tt14956090,5.8,680,6.217,5.5
ts304709,Bake Squad,SHOW,Expert bakers elevate desserts with next-level ideas and epic execution. Now the battle is on to win over clients in need of very special sweets.,2021,TV-PG,38,['reality'],US,['US'],1,tt15078760,6.9,651,5.274,8
ts273318,Country Comfort,SHOW,"When an up-and-coming young country singer accepts a job as a nanny with a musical family, she finds the bond she's always missed.",2021,TV-PG,24,"['drama', 'comedy', 'action', 'family', 'music']",US,['US'],1,tt11717394,6.9,3301,9.488,7.8
tm1018418,Two Distant Strangers,MOVIE,A man trying to get home to his dog gets stuck in a time loop that forces him to relive a deadly run-in with a cop.,2021,R,32,['drama'],US,['US'],,tt13472984,,,10.613,7.4
ts317144,Adventure Beast,SHOW,"A brave zoologist, his spunky niece and anxious assistant explore the world while saving wild beasts in this adult animated educational-comedy series.",2021,TV-MA,19,"['comedy', 'animation']",US,['US'],1,tt15478708,5.2,496,7.408,7.7
tm902870,7 Yards: The Chris Norton Story,MOVIE,A documentary that will inspire you to overcome. It took Chris Norton 7 years to walk his bride 7 yards down the aisle after a life-altering football tackle.,2021,,93,['documentation'],US,['US'],,tt12443702,7.8,258,2.839,7.3
tm1091155,Untold: Breaking Point,MOVIE,"Under pressure to continue a winning tradition in American tennis, Mardy Fish faced mental health challenges that changed his life on and off the court.",2021,R,79,"['documentation', 'sport']",US,['US'],,tt15101938,7.6,2400,6.926,8
ts289261,Transformers: BotBots,SHOW,"When the lights go out at the mall, the BotBots come out to play! Meet a fun-loving crew of everyday objects that morph into robots at closing time.",2022,TV-Y,25,"['animation', 'action', 'comedy', 'family', 'fantasy', 'scifi']",US,['US'],1,tt14202476,6.8,68,12.636,
tm1111595,A California Christmas: City Lights,MOVIE,"Follows Callie and Joseph one year after they fell in love, now running a dairy farm and winery, but their romance is threatened when business and family obligations call Joseph back to the city.",2021,PG-13,105,"['romance', 'comedy', 'drama']",US,['US'],,tt13701962,5.5,2231,20.068,6.7
ts285469,Headspace Guide to Sleep,SHOW,"Learn how to sleep better with Headspace. Each episode unpacks misconceptions, offers friendly tips and concludes with a guided wind-down",2021,TV-G,19,"['animation', 'documentation']",US,['US'],1,tt14318406,6.8,445,1.4,8.8
ts299485,A Tale Dark & Grimm,SHOW,Follow Hansel and Gretel as they walk out of their own story into a winding and wickedly witty tale full of strange -and scary- surprises.,2021,TV-Y7,31,"['comedy', 'family', 'fantasy', 'animation', 'action']",US,"['ES', 'US']",1,tt2386826,7.3,1193,15.774,7.7
tm1047190,The Phantom,MOVIE,"Carlos DeLuna was arrested in 1993 aged 21 for the murder of Wanda Lopez, and protested his innocence until his execution, declaring that it was another Carlos who committed the crime.",2021,,81,"['crime', 'documentation']",US,"['GB', 'US']",,tt14597294,6.4,709,3.953,6
tm1038857,Lady Boss: The Jackie Collins Story,MOVIE,"In 1968, Jackie Collins published her first novel The World Is Full of Married Men to remarkable success and immediate scandal. Over the next decades, Collins would go on to build an empire writing books where female agency came first. Jackie Collins’ women were unapologetic about their needs and their sexual desire, and to her devoted readers, Collins became a symbol of the effortless power that defined her heroines.",2021,,96,['documentation'],US,"['GB', 'US']",,tt13244024,6.8,383,2.996,
tm1115800,Theo Von: Regular People,MOVIE,"Theo Von shares stories of his most memorable childhood friends, offers tips on how to effectively avoid work, and recounts the time he tried to play matchmaker in his hometown.",2021,,61,['comedy'],US,['US'],,tt15579188,5.1,729,3.946,7
ts287149,Hype House,SHOW,"From humble beginnings to overnight fame, these are the stories of the most popular personalities on social media as they come into their own, fall in love and tackle new chapters in their lives.",2022,TV-MA,32,['reality'],US,['US'],1,tt15257704,2.3,2860,1.4,5
tm1130995,Jonas Brothers Family Roast,MOVIE,"A comedy roast of the pop band Jonas Brothers includes sketches, songs, games, and special guests.",2021,,68,"['music', 'comedy']",US,['US'],,tt15763882,5.1,1579,7.869,7.1
ts316965,Ridley Jones,SHOW,Curious kid Ridley and her friends protect the Museum of Natural History’s treasures and keep its magical secret safe: Everything comes alive at night!,2021,TV-Y,28,"['animation', 'comedy', 'family', 'fantasy']",US,['US'],3,tt13351440,4.7,223,5.089,8
ts297763,Myth and Mogul: John DeLorean,SHOW,"In the automotive world, John DeLorean rose from engineer to executive to icon. But under the hood of his self-created legend lies darkness and deceit.",2021,TV-14,44,"['documentation', 'crime']",US,['US'],1,tt14968268,6.8,1009,11.334,7
ts300274,Cooking With Paris,SHOW,"Paris Hilton can cook...kind of. And she’s turning the traditional cooking show upside down. She’s not a trained chef and she’s not trying to be. With the help of her celebrity friends, she navigates new ingredients, new recipes and exotic kitchen appliances.",2021,TV-MA,23,['reality'],US,['US'],1,tt15036422,5.2,1055,4.166,6.6
ts299321,Dogs in Space,SHOW,"In the not-so-distant future, Earth's scientists send a fleet of genetically enhanced dogs to explore the galaxy in search of a new planet to call home.",2021,TV-Y7,22,"['comedy', 'family', 'fantasy', 'scifi', 'animation', 'action']",US,['US'],1,tt14906826,7.2,560,16,7.5
ts288997,Human: The World Within,SHOW,"Diverse personal stories from around the world reveal how lives, passions and goals are facilitated by the human body's various complex systems.",2021,TV-PG,52,['documentation'],US,['US'],1,tt14574154,6.8,697,1.4,8.7
tm1031448,Barbie & Chelsea: The Lost Birthday,MOVIE,"Enjoy high-sea thrills as Barbie, Chelsea and the rest of the Roberts family set sail on an adventure cruise.  ""Barbie & Chelsea The Lost Birthday"" tells the story of Chelsea, Barbie’s precocious youngest sister, and the rest of the Roberts family as they set sail on an adventure cruise for her seventh birthday. When they cross the International Date Line, Chelsea discovers her actual birthday has been lost and she embarks on a fantastical journey through an enchanted jungle island in order to save it.",2021,,60,['animation'],US,['US'],,tt14317062,,,69.129,7.2
tm1080406,"Barbie: Big City, Big Dreams",MOVIE,"Barbie swaps the sunny shores of Malibu for the bright lights of Broadway to attend an excusive summer performing arts program and meets…Barbie!  Fast friends, the two discover they share more than a name as they explore New York City and all the amazing things they have in common.  As they compete for the coveted once-in-a-lifetime Spotlight Solo from Times Square, the friends discover competition isn’t all about winning, it’s about striving to be your best, overcoming doubts, and sharing the spotlight.",2021,,62,"['animation', 'family']",US,['US'],,tt15053428,5.8,258,182.312,7.1
ts258321,"Ada Twist, Scientist",SHOW,"Ada Twist, a young scientist who will explore helping people through scientific discovery, collaboration and friendship.",2021,,28,"['animation', 'comedy', 'family', 'music']",US,['US'],2,tt13241650,6.4,131,7.998,7
ts309676,The World's Most Amazing Vacation Rentals,SHOW,"With an eye for every budget, three travelers visit vacation rentals around the globe and share their expert tips and tricks in this reality series.",2021,TV-PG,35,['reality'],US,['US'],2,tt14691382,6.7,1278,5.156,7.4
tm1129394,The Princess Switch 3: Romancing the Star,MOVIE,"A priceless relic is stolen from identical royals Queen Margaret and Princess Stacy, who enlist the help of their sketchy look-alike cousin Fiona Pembroke to retrieve it.",2021,PG,106,"['romance', 'comedy', 'drama', 'family']",US,['US'],,tt14731142,5.5,5618,53.866,6.9
tm1001108,Biggie: I Got a Story to Tell,MOVIE,"Christopher Wallace, AKA The Notorious B.I.G., remains one of Hip-Hop’s icons, renowned for his distinctive flow and autobiographical lyrics. This documentary celebrates his life via rare behind-the-scenes footage and the testimonies of his closest friends and family.",2021,R,97,"['music', 'documentation']",US,['US'],,tt14058484,6.8,4934,13.293,7.1
tm1119455,Camp Confidential: America's Secret Nazis,MOVIE,"Camp Confidential: America's Secret Nazis, is a documentary short featuring animation that  focuses on the story of a top secret POW camp that was classified for over 5 decades. In the midst of WWII, a group of young Jewish refugees are assigned to guard a top secret POW camp near Washington D.C. The Jewish soldiers soon discover that their prisoners are no other than Hitler's top scientists - What starts out as an intelligence mission to gather information from the Nazis, soon gets a shocking twist when the Jewish soldiers are tasked with a very different mission altogether. A mission that would question their moral values - exposing a dark secret from America's past.",2021,PG-13,34,"['animation', 'history', 'documentation']",US,['US'],,tt15470770,6.3,,22.093,7.1
tm1063034,The Wonderful: Stories from the Space Station,MOVIE,"In unusual circumstances, scientists from different countries work together to achieve a common scientific goal. Locked in their spinning space lab, they are isolated from the world — family and friends - and can only watch from the outside as life on Earth continues without them. The space station is a monument not only to the weaknesses of humanity, but also to its ability to do the impossible for the sake of life in space.",2021,,129,['documentation'],US,['US'],,tt13368696,,,4.305,7
ts257315,Karma's World,SHOW,"Lyrically gifted middle schooler Karma juggles rap dreams and rhyme schemes while using her talent, ambition and heart to solve any problem.",2021,TV-Y,11,"['animation', 'comedy', 'family']",US,['US'],2,tt13321232,6.2,134,14.657,6.9
tm1040733,In Our Mothers' Gardens,MOVIE,"In Our Mothers' Gardens celebrates the strength and resiliency of Black women and Black families through the complex, and often times humorous, relationship between mothers and daughters.",2021,,84,['documentation'],US,['US'],,tt14369930,8.6,124,2.31,
tm1006127,Arlo the Alligator Boy,MOVIE,"A young humanoid alligator travels to the big city in hopes of reuniting with his estranged father, meeting a colorful cast of characters along the way.",2021,,90,"['animation', 'comedy', 'family']",US,['US'],,tt13454122,6.5,1079,29.882,6.9
tm1130275,Mo Amer: Mohammed in Texas,MOVIE,"In his hometown of Houston, Mo Amer takes on pandemic panic, disappointing Bradley Cooper, hummus appropriation and the subtle art of cursing in Arabic.",2021,,64,['comedy'],US,['US'],,tt15845288,6.5,568,4.301,4.3
tm1075596,Monster Hunter: Legends of the Guild,MOVIE,"In a world where humans and fearsome monsters live in an uneasy balance, young hunter Aiden fights to save his village from destruction by a dragon.",2021,PG-13,58,['fantasy'],US,['US'],,,,,22.317,5.7
ts287741,"Fresh, Fried & Crispy",SHOW,"Passionate about food and ready for fun, critic Daym Drops drops in on America's smokin' hot spots for the best, freshest takes on fried food.",2021,TV-PG,25,"['documentation', 'reality']",US,['US'],1,tt14644428,6.2,603,1.4,7.7
tm1120937,Montford: The Chickasaw Rancher,MOVIE,A Chickasaw man survives great hardships and tragedy to establish a vast ranching empire along the famous cattle highway of the American West.,2021,,96,"['drama', 'western', 'history']",US,['US'],,tt6704894,6.7,681,2.57,6
tm1118822,Sex: Unzipped,MOVIE,"Rap superstar Saweetie hosts a celebration of sexual health and positivity, with help from expert educators, candid stand-ups and uninhibited puppets.",2021,,59,"['comedy', 'documentation']",US,['US'],,tt15523050,2.5,395,6.184,3.8
ts307981,Scaredy Cats,SHOW,"On Willa Ward’s twelfth birthday, she inherits a beautiful charm necklace that belonged to her mother, who was a witch.  She soon learns 2 bad witches, Wilma and Wanda are after her locket so they can have ultimate power, and she alongside her best friends Scout and Lily turn into cats to escape.",2021,TV-G,26,"['scifi', 'family', 'fantasy', 'comedy']",US,['US'],1,tt15387774,6.2,338,17.563,6.8
ts288545,We the People,SHOW,"Learn the basics of rights and citizenship with upbeat songs by popular artists like Janelle Monáe, H.E.R., Adam Lambert, Brandi Carlile and more.",2021,TV-Y7,5,"['family', 'music', 'animation', 'comedy']",US,['US'],1,tt14770480,3.4,674,2.522,8
ts61384,My Love: Six Stories of True Love,SHOW,"Inspired by the acclaimed Korean documentary My Love, Don't Cross That River, the poignant series MY LOVE documents a year in the lives of six elderly couples from around the world. Globe-trotting through Brazil, India, Japan, Korea, the U.S., and Spain, the six-part docuseries gets to the heart of long-lasting love.",2021,TV-PG,70,"['reality', 'romance', 'documentation']",US,['US'],1,tt14267526,7.5,281,2.859,5
ts273275,Marriage or Mortgage,SHOW,"Married or single, we've all heard it. ""You could buy a house for the price of that wedding!"" But have you ever stopped to think, what if you actually did? In the Marriage or Mortgage, a wedding planner and a real estate agent compete to win the hearts and budgets of spouses-to-be. Will they pick fairy-tale nuptials or a dream home?",2021,TV-G,40,['reality'],US,['US'],1,tt14037542,5.1,433,3.157,10
ts293346,Race: Bubba Wallace,SHOW,Follows the NASCAR driver Bubba Wallace as he competes for the 23XI Racing team.,2022,TV-MA,47,"['documentation', 'sport']",US,['US'],1,tt14513646,5.9,402,4.274,5.7
tm1001267,Secret Magic Control Agency,MOVIE,"The Secret Magic Control Agency sends its two best agents, Hansel and Gretel, to fight against the witch of the Gingerbread House.",2021,,104,"['fantasy', 'comedy', 'family', 'animation']",US,"['RU', 'US']",,tt13932162,6.2,3948,68.203,7.2
ts285471,The Wedding Coach,SHOW,Former bride and forever comedian Jamie Lee shares her irreverent yet practical tips and tricks for wedding planning with struggling lovebirds.,2021,TV-MA,32,"['comedy', 'reality']",US,['US'],1,tt14210424,4.9,85,0.6,10
tm1111717,LOL Surprise: The Movie,MOVIE,Dazzling doll sisters Queen Bee and Royal Bee make their first movie with help from their fashionable friends in this one-of-a-kind magical adventure.,2021,G,47,['animation'],US,['US'],,,,,143.79,6.9
tm1082515,Untold: Caitlyn Jenner,MOVIE,Caitlyn Jenner's unlikely path to Olympic glory was inspirational. But her more challenging road to embracing her true self proved even more meaningful.,2021,R,69,"['documentation', 'sport']",US,['US'],,tt15101946,6.4,2384,6.613,6.6
ts285470,Pet Stars,SHOW,Follow talent management company Pets on Q as they work with the biggest animal influencers on social media in this reality series,2021,TV-PG,27,"['reality', 'family']",US,['US'],1,tt14318392,4.9,117,1.4,8.7
tm1119172,Puff: Wonders of the Reef,MOVIE,A baby pufferfish travels through a wondrous microworld full of fantastical creatures as he searches for a home on the Great Barrier Reef.,2021,PG,59,"['documentation', 'family']",US,"['AU', 'US']",,tt15753666,7.1,743,32.746,7.7
ts229537,The New Adventures of Oggy,SHOW,Join adorable kitten Oggy and his cast of cat pals in a bright and colorful kitty world. They're always on the go for fun times and fantastic adventures.,2021,TV-Y,15,"['comedy', 'family', 'action', 'animation']",US,['US'],1,tt11194006,6.6,38,2.749,
ts346656,African Knock Out Show,SHOW,"Through intense training and challenges, a group of amateur fighters competes for a championship title while living in the same house for nine weeks.",2022,TV-14,32,[],US,['US'],1,,,,2.468,
tm989672,Creating The Queen's Gambit,MOVIE,"A fascinating character. Exquisite sets. A wig for every era. The stars, creators and crew reveal how the hit series about a chess prodigy came to life.",2021,PG-13,14,['documentation'],US,['US'],,tt13818410,6.9,577,14.162,7.9
tm1101878,Honey Girls,MOVIE,"Mega pop star, Fancy G, hosts a contest to find the next big solo artist. But the young contestants realize they are ""better together"" and secretly form a band called Honey Girls and become a huge hit cloaked in mystery.",2021,PG,90,"['family', 'music', 'comedy']",US,['US'],,tt11847606,5,154,9.388,5.1
tm1037704,Resort to Love,MOVIE,Aspiring pop star Erica ends up as the entertainment at her ex-fiancé’s wedding after reluctantly taking a gig at a luxurious island resort while in the wake of a music career meltdown.,2021,PG,101,"['comedy', 'romance']",US,['US'],,tt12929990,5.7,5586,62.295,7.3
tm1074622,Cobra Kai - The Afterparty,MOVIE,"Ralph Macchio, William Zabka and more from the ""Cobra Kai"" cast drop by to chat Season 3 (spoilers ahead!), followed by Bill Burr of ""F Is for Family.""",2021,,34,[],US,['US'],,,,,1.4,
ts288832,I Heart Arlo,SHOW,Arlo and his newfound crew set up shop in an abandoned seaside neighborhood and help bring it back to life.,2021,TV-Y7,15,"['comedy', 'family', 'animation']",US,['US'],1,tt13573450,7,204,5.429,8.2
ts272092,Canine Intervention,SHOW,"Canine Intervention follows renowned Oakland dog trainer, Jas Leverette, as he runs one of the top dog training facilities in California. Cali K9 works with all breeds and are confident in being able to correct any type of behavior issue.",2021,TV-14,35,"['documentation', 'reality']",US,['US'],1,tt13932598,6.5,886,1.4,7.1
tm1095880,You vs. Wild: Out Cold,MOVIE,"Follows Bear Grylls after a plane crash in the ice ravaged mountains, where he finds himself with amnesia and tries to save himself and the pilot from the harsh winter elements.",2021,,25,['action'],US,['US'],,tt15250050,5.3,102,5.629,5.6
ts305732,Metal Shop Masters,SHOW,"A group of metal artists torch, cut and weld epic, badass creations from hardened steel. Only one will win a $50,000 prize.",2021,TV-MA,0,['reality'],US,['US'],1,tt15216520,5.6,546,2.564,6.3
tm1044137,Headspace Unwind you Mind,MOVIE,"Do you want to relax, meditate or sleep deeply? Personalize the experience according to you mood or mindset with this Headspace interactive special",2021,G,15,"['animation', 'documentation']",US,['US'],,tt14684160,7.2,132,10.43,6.7
ts301964,Revelations: The Masters of the Universe: Revelation Aftershow,SHOW,"Take a behind-the-scenes look at ""Masters of the Universe: Revelation"" as showrunner Kevin Smith and others interview the cast about their iconic roles.",2021,TV-PG,25,['action'],US,['US'],1,,,,1.586,2
tm1029279,Dolly Parton: A MusiCares Tribute,MOVIE,"In a star-studded evening of music and memories, a community of iconic performers honor Dolly Parton as the MusiCares Person of the Year.",2021,,55,"['music', 'documentation']",US,['US'],,tt14299926,6.6,226,3.813,7.3
tm942277,Accomplice,MOVIE,"It’s a moment time-stamped in our brains. Maybe it was a birthday gift. Or perhaps you saved paycheck after paycheck to finally purchase one. However you met your first bicycle, it was the pedal strokes that came afterward that hooked you onto something intangible. Adventure. Connection. Freedom. From the producers of UnReal and the director of Where The Trail Ends comes Accomplice, an homage to all the crazy adventures and crazier comrades that result from our finest sidekick. On the surface, Accomplice takes you to mind blowing locations across the globe with the world’s top riders. But beyond that, Teton Gravity Research’s latest film celebrates how the bicycle is more than just a mode of transportation - it’s a vehicle for the human spirit.",2021,,52,['documentation'],US,"['IL', 'US']",,tt13947978,7.2,361,4.318,7.6
ts302056,Titletown High,SHOW,"In a Georgia town where football rules and winning is paramount, a high school team tackles romance, rivalries and real life while vying for a title.",2021,TV-14,34,"['reality', 'sport']",US,['US'],1,tt15192032,5.4,318,5.064,5.6
tm1164320,Behind the Scenes With Jane Campion,MOVIE,"Get a rare glimpse into the creative process of Academy Award-winning filmmaker Jane Campion as she shares her memories of making ""The Power of the Dog.""",2022,,17,['documentation'],US,['US'],,,,,3.181,7
tm985712,"Strip Down, Rise Up",MOVIE,"The feature documentary follows women of all walks of life, all ages and ethnic backgrounds, as they shed trauma, body image shame, sexual abuse and other issues locked in their bodies, and embark on a journey to reclaim themselves. The film also gives a rare window into the world of Pole artistry and expression.",2021,R,112,['documentation'],US,['US'],,tt13787118,5.3,634,15.881,6.9
tm1147172,The Characters of the Continent,MOVIE,"With the cast and creator as your guides, explore the world of Elves, Dwarves, Mages and Witchers with behind-the-scenes footage, interviews and more.",2021,,9,['documentation'],US,['US'],,tt16740216,6.6,56,1.563,
ts274575,How to Be A Cowboy,SHOW,"Dale Brisby uses social media savvy and rodeo skills to keep cowboy traditions alive and now he's teaching the world how to cowboy right, ol' son.",2021,TV-PG,25,['reality'],US,['US'],1,tt13438900,6.8,145,0.969,10
ts296581,The Mystic River,SHOW,"As pregnant women vanish in a remote Nigerian village over decades, a doctor with child finds herself extremely close to uncovering dangerous secrets.",2021,TV-14,40,['horror'],US,['US'],1,tt15134080,,,1.017,
tm983466,"Crack: Cocaine, Corruption & Conspiracy",MOVIE,"A cheap, powerful drug emerges during a recession, igniting a moral panic fueled by racism.  Explore the complex history of crack in the 1980s.",2021,,89,"['documentation', 'crime', 'history']",US,['US'],,tt13649700,6.7,3260,15.734,6.6
tm1039571,The Upshaws - The Afterparty,MOVIE,"The comedic dream team from ""The Upshaws"" discuss the hit series, share some anecdotes from their own upbringings and play a little swag-centric game.",2021,R,32,[],US,['US'],,,,,1.887,7.7
tm1120636,Johnny Test's Ultimate Meatloaf Quest,MOVIE,"Join Johnny and Dukey on an epic interactive quest to find the perfect meatloaf - and save themselves from eating Dad's gross ""garbage loaf"" for dinner.",2021,G,20,"['animation', 'family']",US,['US'],,tt15717738,7,24,4.462,2.5
tm990740,What Would Sophia Loren Do?,MOVIE,"Nancy Vincenza Kulik, an Italian-American grandmother from Fort Lee, New Jersey, has experienced many challenges and triumphs. But she always meets life's journey with love, resilience and joy, inspired in part by another Italian grandmother, movie star Sophia Loren.",2021,,33,['documentation'],US,['US'],,,,,3.867,6.7
ts308053,Jailbirds New Orleans,SHOW,"Feuds, flirtations and toilet talk go down among the incarcerated women at the Orleans Justice Center in New Orleans on this gritty reality series.",2021,TV-MA,41,"['documentation', 'reality']",US,['US'],1,tt15320436,6.6,205,1.81,7
tm1033635,Sisters on Track,MOVIE,Three track star sisters face obstacles in life and in competition as they pursue Junior Olympic dreams in this extraordinary coming of age journey.,2021,PG,96,"['documentation', 'sport']",US,['US'],,tt9337574,5.8,195,15.497,7.2
tm1042277,Sam Smith: Love Goes – Live at Abbey Road Studios,MOVIE,"Grammy-winning artist Sam Smith gives an intimate, soulful and chilling performance at the iconic Abbey Road Studios. This experience features songs from their third album and more.",2021,,61,"['documentation', 'music']",US,['US'],,,,,4.951,8.7
ts330422,Team Zenko Go,SHOW,"Every good deed is one for this team of kids. Niah, Ari, Ellie and Jax go undercover to help others and secretly solve the city's problems!",2022,TV-Y,20,"['action', 'animation', 'family']",US,['US'],1,tt18274176,7.2,21,4.843,7
tm1080114,Hostage House,MOVIE,A realtor and her daughter are taken hostage by armed robbers.,2021,,90,['thriller'],US,['US'],,tt13033790,3.9,826,5.541,6.8
tm1099320,Convergence: Courage in a Crisis,MOVIE,"Activists and volunteers work through the darkest days of 2020, galvanizing social change amidst chaos as governments start to fail local communities. This epic, globally spanning and deeply passionate documentary serves as a clarion call that great change can be born of crisis.",2021,R,113,['documentation'],US,"['US', 'GB']",,tt15398694,5.4,252,9.258,5.2
ts270616,We Are: The Brooklyn Saints,SHOW,A Brooklyn youth football program and its selfless coaches provide a safe haven for kids to compete and learn lessons that will take them far in life.,2021,TV-14,47,"['documentation', 'sport']",US,['US'],1,tt13656220,6.5,156,4.095,8.7
ts272422,Buried by the Bernards,SHOW,"In this reality series, the bickering but big-hearted Bernards manage their budget-friendly Memphis funeral home with lots of family dramedy and laughter while helping grieving families say farewell.",2021,TV-14,0,['reality'],US,['US'],1,tt13848380,7.3,339,1.4,7.6
tm1019084,Ginny & Georgia - The Afterparty,MOVIE,"Cast members of the hit Netflix show join the hosts to unpack the drama of Season 1, and Cristela Alonzo offers tips for being the new kid at school.",2021,R,35,[],US,"['US', 'CA']",,,,,7.61,7.8
ts322506,Word Party Presents: Math!,SHOW,"Count numbers,compare shapes and find patterns with baby animals Franny, Bailey, Kip, Lulu and Tilly as they use math and songs to solve problems",2021,,27,"['animation', 'family']",US,['US'],1,tt16290860,7.5,13,7.366,
ts345779,Barbie: It Takes Two,SHOW,"Barbie ""Malibu"" Roberts and Barbie ""Brooklyn"" Roberts chase their dreams of musical stardom.",2022,TV-Y,22,[],US,['US'],1,tt19178656,,,5.321,10
tm1094060,My Heroes Were Cowboys,MOVIE,"Robin Wiltshire's painful childhood was rescued by Westerns. Now he lives on the frontier of his dreams, training the horses he loves for the big screen.",2021,PG,23,['documentation'],US,['US'],,tt15084326,,,3.688,7.7
tm1074617,Bling Empire - The Afterparty,MOVIE,"The stars of ""Bling Empire"" discuss the show's success and play bling-themed games, then comic Joel Kim Booster makes his case for joining the cast.",2021,,35,[],US,['US'],,,,,,
tm1035612,Dad Stop Embarrassing Me - The Afterparty,MOVIE,"Jamie Foxx, David Alan Grier and more from the cast of the family comedy discuss the show, humiliating family moments, bad BBQ dishes and sitcom openings.",2021,PG-13,37,[],US,['US'],,,,,1.06,10
ts286386,The Big Day,SHOW,"For six engaged couples, happily ever after begins on a spectacular note in this eye-popping look at India’s multibillion-dollar wedding industry.",2021,TV-MA,45,"['reality', 'romance']",US,['US'],2,tt13887518,4.6,327,1.4,6